# Blender 5.0.1
# www.blender.org
mtllib rock.mtl
o RockIsland
v -3.646592 -1.026501 -0.034603
v -4.169014 -1.931362 -0.034603
v -3.535141 -1.025464 8.184303
v -4.169014 -0.121639 -0.034603
v -5.213859 -0.121639 -0.034603
v -4.061956 -0.144316 8.159684
v -5.062285 -0.101959 8.143102
v -5.496472 -1.052575 8.185053
v -4.961404 -1.980420 8.261313
v -5.736281 -1.026501 -0.034603
v -5.213859 -1.931362 -0.034603
v -3.981500 -1.951225 8.250562
v 1.055206 -0.058683 -0.034603
v 1.091096 -0.146100 8.139497
v 0.532784 -0.963545 -0.034603
v 0.559125 -1.026111 8.127239
v -0.512061 -0.963545 -0.034603
v -0.474373 -1.020634 8.186801
v -1.034483 -0.058683 -0.034603
v -1.007568 -0.056808 8.100236
v 1.055206 -1.868407 -0.034603
v 0.532784 -2.773269 -0.034603
v 1.044658 -1.822896 7.738091
v 0.559604 -1.029717 7.883352
v -0.473107 -1.026667 7.947124
v -0.522043 -2.798813 8.027628
v -0.512061 -2.773269 -0.034603
v 0.500633 -2.720838 7.853333
v 1.055206 -3.678131 -0.034603
v 0.532784 -4.582992 -0.034603
v 1.007841 -3.545761 7.599445
v -0.522917 -2.803118 7.811955
v -1.073300 -3.671058 7.813474
v -0.591457 -4.508078 7.740867
v -1.034483 -3.678131 -0.034603
v -0.512061 -4.582992 -0.034603
v 0.483604 -4.427605 7.643833
v 1.055206 -5.487854 -0.034603
v 0.532784 -6.392716 -0.034603
v 1.015425 -5.253392 7.281768
v -0.594348 -4.510937 7.423225
v -1.080204 -5.331519 7.367087
v -0.503048 -6.094715 7.260996
v -1.034483 -5.487854 -0.034603
v 0.506749 -6.086671 7.241325
v 1.055206 -7.297577 -0.034603
v 0.532784 -8.202439 -0.034603
v 1.009867 -6.980335 7.052344
v 0.506548 -6.087446 7.032908
v -0.511279 -7.998909 7.203958
v -0.512061 -8.202439 -0.034603
v 0.496777 -7.962353 7.163782
v 1.055206 -9.107301 -0.034603
v 0.532784 -10.012163 -0.034603
v 0.942146 -8.814309 6.165668
v -0.638696 -9.796541 6.298378
v 0.356942 -9.810897 6.306285
v 1.055209 -10.917023 -0.034577
v 0.532784 -11.821887 -0.034594
v 0.853973 -10.713199 6.360765
v 0.356942 -9.810898 6.306285
v -0.638696 -9.796542 6.298378
v -1.153513 -10.656617 6.301366
v -0.579861 -11.403086 6.173394
v -1.034483 -10.917025 -0.034603
v -0.512061 -11.821886 -0.034603
v 0.381633 -11.519586 6.294407
v 0.381633 -11.519586 6.294407
v -0.579861 -11.403087 6.173394
v -0.945379 -12.025941 5.927592
v -0.400464 -12.806740 5.863946
v -1.034483 -12.726748 -0.034603
v 0.541801 -12.935944 5.961248
v 1.055206 -14.536471 -0.034603
v 0.532784 -15.441335 -0.034603
v 0.999088 -13.859677 6.004784
v 0.532784 -13.631610 -0.034603
v 0.541801 -12.935945 5.961248
v -0.400465 -12.806741 5.863946
v -1.046606 -13.933291 6.106496
v -0.551364 -14.808945 6.101746
v -0.512061 -15.441335 -0.034603
v 0.483152 -14.750858 6.032656
v 1.055206 -16.346195 -0.034603
v 0.987303 -15.610772 5.158829
v -1.057930 -15.691764 5.272281
v -0.549474 -16.541435 5.234188
v 0.472873 -16.502157 5.188381
v 2.100050 -1.868407 -0.034603
v 2.061933 -0.197490 8.037631
v 1.092729 -0.145071 7.971614
v 0.559850 -1.029304 7.965667
v 1.045181 -1.822779 7.819626
v 2.099315 -1.721692 7.639422
v 2.100050 -3.678131 -0.034603
v 2.549919 -2.611207 7.690031
v 2.093640 -1.723839 7.564369
v 1.007742 -3.544718 7.819072
v 2.033312 -3.524119 7.802173
v 2.531379 -4.406659 7.629054
v 2.032909 -3.525280 7.582748
v 1.015900 -5.256180 7.605325
v 2.029061 -5.268197 7.623400
v 2.622472 -6.392716 -0.034582
v 2.100050 -7.297576 -0.034582
v 2.509073 -6.084670 7.029280
v 2.001461 -6.931216 7.003808
v 2.622473 -8.202439 -0.034603
v 2.100050 -9.107301 -0.034603
v 2.497911 -7.798003 6.004128
v 2.000505 -6.929203 6.001253
v 1.009241 -6.956279 6.031439
v 1.970854 -8.716396 6.061505
v 0.357881 -9.805669 6.161628
v 1.947150 -10.585669 6.105746
v 2.517869 -11.366505 6.413364
v 2.100047 -10.917025 -0.034586
v 1.948408 -10.584466 6.484933
v 0.856532 -10.708228 6.596592
v 0.379541 -11.522724 6.538043
v 0.969540 -12.250066 6.401029
v 2.009048 -12.223773 6.392576
v 2.522640 -13.012173 6.048864
v 0.999088 -13.859676 6.004784
v 2.003844 -13.858675 6.006224
v 2.622472 -15.441334 -0.034594
v 2.100050 -16.346195 -0.034597
v 0.987185 -15.610978 5.026245
v 2.000000 -15.588456 5.000000
v 2.622472 -17.251059 -0.034598
v 2.500000 -16.454483 5.000000
v 2.000000 -15.588457 5.000000
v 0.987185 -15.610979 5.026245
v 0.994174 -17.330748 5.011932
v 2.000000 -17.320509 5.000000
v 3.667317 -2.773269 -0.034603
v 4.007840 -1.877346 8.250578
v 2.106730 -1.718661 7.794600
v 2.551920 -2.608997 7.932050
v 2.622473 -2.773269 -0.034603
v 3.511528 -2.677531 8.123509
v 4.189740 -3.678131 -0.034603
v 3.977984 -3.536519 8.151097
v 2.032274 -3.520086 8.043824
v 2.529012 -4.400526 8.091424
v 2.622473 -4.582992 -0.034603
v 3.500320 -4.354922 8.047052
v 4.189740 -5.487854 -0.034603
v 3.667317 -6.392716 -0.034603
v 3.996107 -5.187076 6.995280
v 2.026022 -5.260660 7.083974
v 2.509073 -6.084670 7.029280
v 3.501142 -6.065001 7.004247
v 4.189740 -7.297577 -0.034603
v 3.667317 -8.202439 -0.034603
v 3.500283 -6.062692 6.000539
v 2.501818 -6.066683 6.005865
v 2.497911 -7.798003 6.004128
v 3.500000 -7.794229 6.000000
v 4.189740 -9.107301 -0.034603
v 4.000001 -8.660254 6.000000
v 1.970855 -8.716396 6.061505
v 2.479410 -9.605027 6.101563
v 3.506085 -9.538635 6.023073
v 4.189740 -10.917025 -0.034603
v 4.020620 -10.405210 6.275925
v 3.506039 -9.538583 6.264116
v 2.479617 -9.604466 6.342035
v 1.948409 -10.584466 6.484933
v 2.517870 -11.366505 6.413364
v 3.538746 -11.287045 6.312957
v 4.027798 -12.141722 6.046883
v 2.522640 -13.012173 6.048864
v 3.516232 -13.000455 6.027146
v 4.189740 -14.536471 -0.034603
v 3.667317 -15.441334 -0.034598
v 2.003650 -13.858432 5.808853
v 3.667317 -17.251057 -0.034603
v 4.000001 -15.588457 4.000000
v 3.500000 -14.722432 4.000000
v 2.500000 -14.722432 4.000000
v 2.000000 -15.588457 4.000000
v 2.500000 -16.454481 4.000000
v 3.500000 -16.454481 4.000000
v 4.189740 -18.155918 -0.034603
v 3.667317 -19.060780 -0.034603
v 4.000001 -17.320507 4.000000
v 3.500000 -16.454483 4.000000
v 2.500000 -16.454483 4.000000
v 2.500000 -18.186533 4.000000
v 2.622473 -19.060780 -0.034603
v 3.500000 -18.186533 4.000000
v 5.234584 -3.678131 -0.034603
v 5.450810 -2.712940 8.262392
v 4.988928 -1.907456 8.324100
v 4.007840 -1.877346 8.250578
v 3.511528 -2.677531 8.123509
v 4.912081 -3.478885 8.144431
v 5.757007 -4.582992 -0.034603
v 5.234584 -5.487854 -0.034603
v 3.500321 -4.354922 8.047052
v 3.979493 -5.154143 7.967978
v 3.667318 -4.582992 -0.034603
v 4.916720 -5.028070 7.863212
v 5.757007 -6.392716 -0.034603
v 5.234584 -7.297577 -0.034603
v 5.547778 -6.108350 7.066359
v 5.002457 -5.173626 6.994982
v 3.501142 -6.065001 7.004247
v 5.757007 -8.202439 -0.034603
v 5.234584 -9.107301 -0.034603
v 5.505452 -7.803470 6.010080
v 5.022542 -6.956285 6.032834
v 4.001181 -6.930359 6.002252
v 3.500001 -7.794229 6.000000
v 5.000001 -8.660254 6.000000
v 5.757007 -10.012163 -0.034603
v 5.234584 -10.917025 -0.034603
v 5.507593 -9.529749 6.011440
v 3.506085 -9.538635 6.023073
v 4.020630 -10.405221 6.034791
v 5.023086 -10.405809 6.038558
v 5.576444 -11.222182 6.032141
v 4.027798 -12.141721 6.046883
v 3.667319 -11.821882 -0.034582
v 4.189740 -12.726747 -0.034603
v 5.031396 -12.144349 6.054270
v 5.757010 -13.631606 -0.034574
v 5.234584 -14.536469 -0.034589
v 5.234584 -12.726748 -0.034603
v 5.031396 -12.144350 6.054270
v 3.516232 -13.000455 6.027146
v 4.000013 -13.856413 6.000021
v 5.000027 -13.856422 6.000046
v 5.757007 -15.441335 -0.034603
v 5.234584 -16.346195 -0.034603
v 5.000001 -13.856406 4.000000
v 4.000001 -13.856406 4.000000
v 3.500001 -14.722431 4.000000
v 4.000001 -15.588456 4.000000
v 5.000001 -15.588456 4.000000
v 5.234584 -18.155918 -0.034603
v 5.500001 -16.454483 3.800176
v 4.000001 -17.320507 3.800176
v 5.000001 -17.320507 3.800176
v 6.801851 -4.582992 -0.034603
v 6.956448 -3.411972 8.131643
v 6.443844 -2.598149 8.234422
v 5.453046 -2.711845 8.416225
v 4.918004 -3.486897 8.308044
v 5.316819 -4.051311 7.961301
v 6.418985 -4.194210 8.058622
v 7.324273 -5.487854 -0.034603
v 6.801851 -6.392716 -0.034603
v 7.024847 -5.344715 6.322746
v 6.548121 -4.409070 6.181282
v 5.547488 -4.376961 6.080872
v 5.576850 -6.144758 6.122941
v 6.567201 -6.190557 6.243859
v 6.801851 -8.202439 -0.034603
v 7.005985 -7.034508 6.183984
v 6.504478 -7.827067 6.032572
v 7.324273 -9.107301 -0.034603
v 6.801851 -10.012163 -0.034603
v 7.019292 -8.654910 6.250204
v 6.510677 -7.813974 6.250366
v 5.505839 -7.801970 6.236940
v 5.000001 -8.660254 6.228073
v 5.507399 -9.530417 6.240160
v 6.513790 -9.522508 6.238117
v 7.324273 -10.917025 -0.034603
v 7.074290 -10.208333 5.877472
v 6.519080 -9.520598 6.015150
v 5.576444 -11.222183 6.032141
v 6.676084 -10.812521 5.687078
v 6.990041 -11.848391 5.959764
v 6.666399 -10.809674 5.850425
v 5.569890 -11.236261 6.211878
v 5.031741 -12.144569 6.223814
v 5.516961 -13.001122 6.198316
v 6.493745 -12.963745 6.165513
v 7.324273 -14.536471 -0.034603
v 6.801851 -15.441335 -0.034603
v 7.000001 -13.856406 6.000000
v 6.801851 -13.631609 -0.034603
v 6.489289 -12.956351 5.990340
v 5.000027 -13.856423 6.000046
v 7.324273 -16.346195 -0.034603
v 7.000001 -15.588457 4.000000
v 6.500001 -14.722432 4.000000
v 5.500001 -14.722432 4.000000
v 5.000001 -15.588457 4.000000
v 5.500001 -16.454481 4.000000
v 6.500001 -16.454481 4.000000
v 7.324273 -18.155918 -0.034603
v 6.801851 -19.060780 -0.034603
v 7.000001 -17.320507 3.800176
v 6.801851 -17.251060 -0.034603
v 6.500001 -16.454483 3.800176
v 5.500001 -18.186533 3.800176
v 5.757007 -19.060780 -0.034603
v 6.500001 -18.186533 3.800176
v 8.369118 -5.487854 -0.034603
v 8.487431 -4.354028 7.810900
v 6.437084 -4.213678 7.705030
v 8.891540 -6.392716 -0.034603
v 8.369118 -7.297577 -0.034603
v 8.378720 -6.180462 4.249049
v 7.883883 -7.082151 4.198035
v 8.891540 -8.202439 -0.034603
v 8.369118 -9.107301 -0.034603
v 8.474465 -7.883172 4.134992
v 8.042686 -8.694031 4.122589
v 8.891540 -10.012163 -0.034603
v 8.369118 -10.917025 -0.034603
v 8.617952 -9.475216 5.104027
v 8.077335 -8.685379 5.159821
v 7.041365 -10.380900 5.038863
v 8.069425 -10.344160 5.045286
v 8.891540 -11.821886 -0.034603
v 8.369118 -12.726748 -0.034603
v 8.500557 -11.181158 4.941333
v 7.008952 -12.065875 4.965742
v 7.984509 -12.091487 4.972569
v 8.891540 -13.631609 -0.034603
v 8.369118 -14.536470 -0.034603
v 8.500001 -12.990380 4.000000
v 7.000059 -12.124393 4.000100
v 6.500001 -12.990380 4.000000
v 7.000001 -13.856405 4.000000
v 8.000001 -13.856405 4.000000
v 8.891540 -15.441335 -0.034603
v 8.369118 -16.346195 -0.034603
v 8.500001 -14.722431 4.000000
v 8.000001 -13.856406 4.000000
v 7.000001 -13.856406 4.000000
v 6.500001 -14.722431 4.000000
v 7.000001 -15.588456 4.000000
v 8.000001 -15.588456 4.000000
v 8.891540 -17.251060 -0.034603
v 8.369118 -18.155918 -0.034603
v 8.500001 -16.454483 3.800176
v 8.000001 -15.588457 3.800176
v 7.000001 -15.588457 3.800176
v 8.000001 -17.320507 3.800176
v 9.936384 -6.392716 -0.034603
v 10.047674 -5.399806 6.346780
v 9.482100 -4.452135 6.206787
v 8.427194 -4.427999 6.219041
v 7.929592 -5.352829 6.378281
v 8.421916 -6.236303 6.430879
v 9.506569 -6.224102 6.403145
v 10.458806 -7.297577 -0.034603
v 9.936384 -8.202439 -0.034603
v 10.006645 -7.019835 5.214983
v 9.498722 -6.217733 5.442283
v 8.370591 -6.264771 5.504563
v 7.869071 -7.137580 5.360500
v 8.469675 -7.924094 5.239745
v 9.476102 -7.882772 5.149465
v 10.458806 -9.107301 -0.034603
v 9.936384 -10.012163 -0.034603
v 10.003641 -8.658587 3.957950
v 8.474923 -7.879385 4.080921
v 8.040191 -8.693483 4.071940
v 9.527019 -9.513512 3.976720
v 10.458806 -10.917025 -0.034603
v 9.936384 -11.821886 -0.034603
v 10.009162 -10.081044 4.727665
v 9.555702 -9.453167 5.000595
v 8.617953 -9.475216 5.104027
v 8.069426 -10.344160 5.045286
v 8.500558 -11.181158 4.941333
v 9.457586 -11.020331 4.764388
v 10.458806 -12.726748 -0.034603
v 9.990073 -12.100365 3.974760
v 9.515975 -11.119451 3.882037
v 8.502828 -11.255118 4.000633
v 8.000002 -12.124355 4.000000
v 8.500002 -12.990381 4.000000
v 9.500002 -12.990381 4.000000
v 9.936384 -15.441335 -0.034603
v 10.000002 -13.856405 4.000000
v 9.936384 -13.631609 -0.034602
v 9.500002 -12.990380 4.000000
v 8.500002 -12.990380 4.000000
v 8.000002 -13.856405 4.000000
v 8.500002 -14.722431 4.000000
v 9.500002 -14.722431 4.000000
v 11.503651 -7.297577 -0.034603
v 11.483533 -6.073524 4.983308
v 10.961987 -6.867039 4.937389
v 12.026073 -8.202439 -0.034603
v 11.503651 -9.107301 -0.034603
v 11.419422 -7.658415 4.840611
v 10.010313 -8.661147 5.017860
v 10.996156 -8.654389 4.991510
v 12.026073 -10.012163 -0.034603
v 11.503651 -10.917025 -0.034603
v 10.004146 -8.658522 4.004884
v 9.528860 -9.512657 4.024487
v 10.933142 -10.249378 3.840655
v 12.026073 -11.821886 -0.034603
v 11.503651 -12.726748 -0.034603
v 11.464265 -11.169050 3.659050
v 10.972249 -10.326273 3.684676
v 9.995364 -12.113503 3.741522
v 11.000002 -12.124355 3.752870
v 12.026073 -13.631610 -0.034603
v 11.503651 -14.536471 -0.034603
v 11.500001 -12.990381 4.189288
v 10.999791 -12.123586 4.188426
v 9.985553 -12.088826 4.151787
v 9.500002 -12.990381 4.189288
v 10.000002 -13.856406 4.189288
v 10.458806 -14.536471 -0.034603
v 11.000002 -13.856406 4.189288
v 13.070917 -8.202439 -0.034603
v 12.478906 -6.090490 4.136845
v 11.490988 -7.778340 4.152618
v 12.408997 -7.633660 4.014114
v 13.593339 -9.107301 -0.034603
v 13.593339 -10.917025 -0.034603
v 13.070917 -11.821886 -0.034603
v 12.901467 -10.243062 4.093594
v 12.324038 -9.263941 3.939322
v 11.445220 -9.444730 4.174925
v 10.890611 -10.163239 4.020298
v 11.441158 -11.096121 4.112824
v 12.499078 -11.256724 4.278966
v 15.160606 -8.202439 -0.034603
v 14.638184 -9.107301 -0.034603
v 14.497998 -7.790847 3.995762
v 12.967279 -6.882263 3.939099
v 13.943517 -8.571498 3.881285
v 15.160606 -10.012163 -0.034603
v 14.638184 -10.917025 -0.034603
v 14.500001 -9.526279 4.281162
v 13.927527 -8.547211 4.128659
v 12.855379 -8.414154 4.007710
v 14.000001 -10.392304 4.281162
v 2.622472 -20.849075 -0.034603
v 2.100050 -21.753937 -0.034603
v 2.500000 -19.898075 4.396998
v 2.000000 -19.032049 4.396998
v 1.000000 -19.032049 4.396998
v 0.500000 -19.898075 4.396998
v 1.000000 -20.764101 4.396998
v 0.532784 -20.849075 -0.034603
v 1.055206 -21.753937 -0.034603
v 2.000000 -20.764101 4.396998
v 2.500000 -18.166025 4.000000
v 2.000000 -17.299999 4.000000
v 0.997511 -17.304373 4.005097
v 1.000000 -19.032051 4.000000
v 0.532784 -19.039352 -0.034603
v 2.000000 -19.032051 4.000000
v 0.532784 -22.658802 -0.034603
v 1.000000 -20.764101 4.000000
v -0.512061 -20.849075 -0.034603
v -0.500000 -21.630127 4.000000
v -0.512061 -22.658802 -0.034603
v 0.500000 -21.630127 4.000000
v 1.000000 -19.032049 4.090514
v -0.512061 -19.039352 -0.034603
v -0.500000 -19.898075 4.090514
v 0.500000 -19.898075 4.090514
v 0.498205 -18.169180 4.939319
v -0.507798 -18.179823 4.951672
v -11.482927 -16.387722 -0.034603
v -12.005348 -17.292587 -0.034603
v -11.000000 -15.628202 3.861500
v -12.005349 -15.482862 -0.034603
v -13.050195 -15.482862 -0.034603
v -12.500010 -16.494246 3.861529
v -13.572617 -16.387722 -0.034603
v -11.501167 -16.496250 3.864877
v -12.005349 -19.102306 -0.034603
v -11.010771 -17.379456 3.690372
v -11.501741 -16.497242 3.663644
v -12.500110 -16.494417 3.658924
v -13.002943 -17.365347 3.667121
v -12.518728 -18.258711 3.712790
v -13.572617 -18.197441 -0.034603
v -13.050195 -19.102306 -0.034603
v -11.531373 -18.280609 3.749373
v -10.438081 -12.768273 -0.034591
v -9.492058 -11.294114 3.853350
v -11.482927 -10.958551 -0.034603
v -9.987738 -10.425934 3.865797
v -10.999205 -10.431652 3.832765
v -11.500000 -11.298075 3.830474
v -11.000000 -12.164100 3.830474
v -12.005349 -11.863414 -0.034603
v -10.438083 -14.577999 -0.034603
v -11.482927 -12.768274 -0.034603
v -11.000000 -12.164101 4.000000
v -11.500000 -13.030126 4.000000
v -11.000000 -13.896151 4.000000
v -12.005349 -13.673137 -0.034603
v -10.438083 -16.387722 -0.034603
v -11.482927 -14.577999 -0.034603
v -11.000000 -13.896152 4.000000
v -11.500000 -14.762177 4.000000
v -11.000000 -15.628202 4.000000
v -9.999982 -15.628153 4.000103
v -9.478340 -16.485661 3.848024
v -9.999986 -15.628164 3.861580
v -11.005917 -17.371380 3.879588
v -11.482927 -18.197445 -0.034603
v -9.981665 -17.333597 3.813848
v -10.438083 -20.007168 -0.034603
v -9.504419 -18.238747 3.664144
v -11.019153 -19.125471 3.714018
v -11.482927 -20.007168 -0.034603
v -10.008760 -19.109259 3.679729
v -8.348393 -12.768275 -0.034603
v -8.870814 -13.673137 -0.034603
v -7.998786 -12.163496 5.003494
v -8.485942 -11.291064 5.040493
v -9.490585 -11.293380 5.027116
v -9.999999 -12.164101 5.000000
v -9.499999 -13.030126 5.000000
v -9.915658 -13.673137 -0.034603
v -8.499999 -13.030126 5.000000
v -8.348393 -14.577998 -0.034603
v -8.870814 -15.482862 -0.034603
v -8.499999 -13.030126 4.349961
v -9.499999 -13.030126 4.349961
v -9.999999 -13.896151 4.349961
v -9.499847 -14.761773 4.350801
v -8.496057 -14.751675 4.371836
v -8.348393 -16.387722 -0.034603
v -8.870813 -17.292587 -0.034603
v -9.475945 -16.485126 3.911533
v -9.915658 -17.292587 -0.034603
v -8.460842 -16.478146 3.951736
v -8.870814 -19.102306 -0.034603
v -7.998199 -17.368410 3.951587
v -9.981665 -17.333595 3.813849
v -9.497611 -18.227446 3.848748
v -10.438070 -18.197422 -0.034563
v -9.915659 -19.102306 -0.034603
v -8.517591 -18.279373 3.937525
v -7.303548 -12.768275 -0.034603
v -7.009845 -12.181479 5.015685
v -7.303548 -16.387722 -0.034603
v -6.992998 -13.884357 4.225461
v -7.998390 -13.891865 4.194259
v -8.495987 -14.751491 4.207588
v -7.995792 -15.608985 4.266520
v -7.001567 -15.618912 4.340932
v -7.003390 -15.619412 4.101462
v -7.996021 -15.609406 4.024920
v -8.458282 -16.478071 3.964696
v -7.989871 -17.364656 4.021337
v -7.021834 -17.389643 4.119767
v -6.781126 -19.102306 -0.034603
v -7.303548 -20.007168 -0.034603
v -6.510886 -18.234148 4.192722
v -6.998878 -17.373579 4.225313
v -7.957737 -17.356220 4.125326
v -8.348393 -20.007168 -0.034603
v -7.018090 -19.126560 4.157610
v -5.736281 -15.482862 -0.034603
v -6.997211 -13.891723 4.522570
v -6.488383 -14.732777 4.589980
v -5.520528 -14.761836 4.670154
v -5.736280 -17.292587 -0.034603
v -5.010876 -15.615291 4.389468
v -5.522032 -14.762635 4.384454
v -7.001566 -15.618912 4.340932
v -6.524310 -16.515841 4.410025
v -5.508349 -16.494795 4.384223
v -5.213859 -18.197441 -0.034603
v -5.736281 -19.102306 -0.034603
v -5.010515 -17.371098 4.127493
v -7.013056 -17.383480 4.160255
v -6.512650 -18.237322 4.106103
v -5.506819 -18.229521 4.077243
v -5.213859 -20.007168 -0.034603
v -5.736280 -20.912033 -0.034603
v -5.015189 -19.120470 4.041384
v -0.504867 20.064835 6.353103
v -0.542197 20.068947 6.355153
v -7.018855 -19.128136 4.068412
v -6.503446 -19.965347 4.008182
v -6.781125 -20.912033 -0.034603
v -5.496838 -19.953722 3.995894
v -5.213859 -21.816891 -0.034603
v -5.736281 -22.721756 -0.034603
v -5.001787 -20.827675 3.881869
v -5.498090 -19.955608 3.875800
v -6.503708 -19.965891 3.886832
v -7.303547 -21.816891 -0.034603
v -6.781125 -22.721756 -0.034603
v -5.499998 -21.690380 3.878162
v -3.646592 -15.482862 -0.034603
v -3.536251 -14.775308 4.396904
v -4.055975 -13.927569 4.422964
v -5.057847 -13.944689 4.404537
v -4.013615 -15.620864 4.358935
v -3.494700 -16.489557 4.087190
v -5.010515 -17.371099 4.127493
v -4.019107 -17.399202 4.096816
v -3.646592 -19.102306 -0.034603
v -4.169014 -20.007168 -0.034603
v -3.566717 -18.351440 4.134280
v -4.065063 -19.213949 4.131577
v -4.169014 -21.816891 -0.034603
v -3.518589 -19.992426 4.345373
v 1.055205 23.424860 -0.034571
v -4.061186 -19.206705 4.418774
v -4.978969 -19.065144 4.286187
v -5.410621 -19.940029 4.220686
v -5.001523 -20.827185 4.298218
v -4.019626 -20.756529 4.236968
v -3.646592 -22.721756 -0.034603
v -4.169014 -23.626617 -0.034603
v 2.100050 23.424864 -0.034576
v -4.009339 -20.841625 3.900521
v -4.999998 -22.556406 3.878162
v -5.213859 -23.626617 -0.034603
v -3.999998 -22.556406 3.878162
v -2.079325 -16.387722 -0.034603
v -2.601747 -17.292587 -0.034603
v -2.601748 -15.482862 -0.034603
v -2.512527 -14.769679 4.148463
v -3.535281 -14.774446 4.209183
v -2.501640 -16.506430 4.070368
v -2.601748 -19.102306 -0.034603
v -3.494701 -16.489557 4.087191
v -2.544131 -18.309868 4.088384
v -2.079325 -20.007168 -0.034603
v -2.601748 -20.912033 -0.034603
v 2.136067 22.711317 4.000000
v -3.553026 -20.057079 4.045632
v -2.538651 -20.030073 4.015530
v -2.601748 -22.721756 -0.034603
v 2.622466 18.900547 -0.034460
v -2.541869 -20.019115 4.067644
v -3.549038 -20.049601 4.102646
v -4.006081 -20.835545 4.016975
v -3.501920 -21.693949 4.003983
v -2.500581 -21.691462 4.001207
v -0.512059 -17.292587 -0.034603
v -0.549239 -16.580776 5.100908
v -1.056413 -15.729259 5.137855
v -2.028655 -15.685532 5.132668
v 3.667309 20.710239 -0.034306
v -1.019365 -17.426090 5.022412
v -0.512059 -19.102306 -0.034603
v -1.034481 -20.007168 -0.034603
v -0.505359 -18.235701 4.462018
v 3.887306 17.385012 7.114774
v -2.011698 -17.416891 4.495934
v -2.474932 -18.255136 4.436347
v -2.042694 -19.161781 4.438532
v 3.888205 17.385576 7.101562
v 3.657964 16.687098 3.000507
v -1.000180 -19.091991 4.450775
v -0.512059 -20.912033 -0.034603
v -1.034481 -21.816891 -0.034603
v -0.499998 -19.958330 4.209414
v 3.295549 16.550255 9.364462
v 3.657964 16.687098 3.000507
v -1.000002 -19.092310 4.209423
v -2.050660 -19.166555 4.236988
v -2.529227 -19.946266 4.184155
v -2.007308 -20.837151 4.223785
v 3.999753 17.279148 3.001429
v -0.999998 -20.824354 4.209414
v -0.512059 -22.721756 -0.034603
v -1.034481 -23.626617 -0.034603
v -0.499998 -21.690380 3.733317
v -2.500494 -21.691299 3.734344
v -1.999998 -22.556406 3.733317
v -2.079325 -23.626617 -0.034603
v -0.999998 -22.556406 3.733317
v -2.079325 -14.599424 -0.034582
v -2.529288 -14.824481 5.172492
v -2.028442 -15.705770 5.131648
v -2.601748 -15.504289 -0.034603
v -0.412965 -12.889427 5.883666
v -1.034481 -12.789705 -0.034603
v -0.945230 -12.085206 5.927199
v -2.032226 -12.238852 6.082055
v -2.509495 -13.072954 6.081976
v -2.601748 -13.694566 -0.034603
v -1.034481 -10.979980 -0.034603
v -2.079325 -10.979980 -0.034603
v -2.533056 -11.371390 6.069304
v -2.032226 -12.238850 6.082055
v -2.601748 -11.884841 -0.034603
v -0.945230 -12.085205 5.927200
v 5.756997 18.900551 -0.034486
v -0.640517 -9.862876 6.579730
v -1.034481 -9.170256 -0.034603
v -2.079325 -9.170256 -0.034603
v -1.054356 -8.892325 6.458470
v -2.066319 -8.838711 6.401940
v -2.591998 -9.734474 6.450349
v -2.084189 -10.588648 6.439121
v -2.601748 -10.075118 -0.034603
v 5.436336 16.512226 2.666543
v -1.149832 -10.710585 6.568874
v -0.514997 -8.065999 6.955019
v -1.034481 -7.360533 -0.034603
v -2.079325 -7.360533 -0.034603
v -1.982750 -6.984091 6.743813
v -2.537890 -7.920020 6.808703
v -2.058131 -8.827911 6.857276
v -1.044597 -8.889879 6.919857
v -0.497861 -6.154955 7.052097
v -1.034481 -5.550809 -0.034603
v -2.480176 -6.094621 6.976016
v -1.976295 -6.973653 6.990241
v -0.991021 -7.081452 7.102781
v -0.594686 -4.569013 7.419298
v -1.034481 -3.741086 -0.034603
v -2.079325 -3.741086 -0.034603
v -1.079651 -3.733723 7.490528
v -2.555733 -4.495271 7.326884
v -2.031597 -5.314044 7.280413
v -2.601748 -4.645948 -0.034603
v -1.075907 -5.383852 7.358621
v -0.525356 -2.861739 7.810611
v -1.034481 -1.931362 -0.034603
v -2.079325 -1.931362 -0.034603
v -0.994171 -1.973513 7.781843
v -1.995054 -1.874232 7.660447
v -2.049066 -3.660448 7.709098
v -1.076544 -3.732239 7.811697
v 8.891524 18.900528 -0.034464
v -0.473624 -1.090886 7.951620
v -1.034481 -0.121639 -0.034603
v -2.079325 -0.121639 -0.034603
v -1.007315 -0.124990 7.858755
v -2.530118 -0.970607 7.842649
v -1.994855 -1.871028 7.876952
v -2.601748 -1.026501 -0.034603
v -0.993908 -1.971087 8.000510
v 9.936320 15.281027 -0.033828
v -0.384132 0.926664 7.899179
v -2.588776 0.758619 8.132008
v -2.066894 -0.101724 8.106582
v -2.601748 0.783223 -0.034603
v -1.007129 -0.122977 8.105226
v -3.646592 -15.504289 -0.034603
v -2.512315 -14.790107 4.147876
v 13.597247 -5.509262 -0.034212
v -3.646592 -11.884842 -0.034603
v -2.533056 -11.371392 6.069304
v -3.527711 -11.365790 6.071358
v -4.169013 -12.789699 -0.034555
v 13.426239 5.130730 3.299446
v 14.638085 -5.509244 -0.034030
v 14.055181 5.171266 3.101094
v 13.079766 -0.307910 4.752329
v 12.026268 -2.794639 -0.032574
v 12.026248 -2.794633 -0.032347
v -3.646592 -10.075118 -0.034603
v -3.620586 -9.782271 6.233323
v -4.087884 -10.597616 6.177623
v -3.527711 -11.365788 6.071358
v -4.169014 -10.979980 -0.034603
v 12.026105 -2.794651 -0.032971
v 13.143550 -0.204605 4.758498
v 13.154378 3.425047 4.213462
v -3.646592 -8.265395 -0.034603
v -4.071456 -8.835229 6.403453
v -3.618672 -9.779099 6.504422
v -4.169014 -9.170256 -0.034603
v 13.154380 3.425044 4.213463
v -2.601748 -8.265393 -0.034603
v -3.646592 -6.455671 -0.034603
v -3.525988 -7.895712 6.785081
v -2.537890 -7.920018 6.808703
v 11.529799 11.079432 4.629608
v 11.515533 11.095041 4.631850
v -3.646592 -4.645948 -0.034603
v -4.017791 -5.286358 7.031451
v -3.493186 -6.112038 6.989522
v -4.169014 -5.550809 -0.034603
v 11.515669 11.095119 4.631840
v 11.431094 -4.345977 6.026762
v 11.506019 -4.477898 6.029977
v -2.601746 -2.836226 -0.034577
v -3.646592 -2.836224 -0.034603
v -2.495497 -2.746915 7.665795
v -3.472595 -2.801767 7.749052
v -3.998431 -3.677112 7.741034
v -4.169014 -3.741086 -0.034603
v 10.995824 -0.019840 6.992748
v 10.995824 -0.019840 6.992748
v -1.996619 -1.863349 8.112489
v 10.995825 -0.019841 6.992748
v 11.030870 -1.673001 6.194777
v -2.533355 -0.967075 8.085669
v 11.027367 -1.678388 6.194234
v 11.048726 -1.645967 6.196598
v -3.479648 -2.774368 8.177942
v 11.023554 -1.684078 6.194032
v -2.497997 -2.729774 8.109333
v 11.467421 2.525691 5.934681
v 11.515482 11.095031 4.631850
v 11.467421 2.525691 5.934681
v -3.646592 0.783223 -0.034603
v -3.612536 0.749860 8.163633
v 11.808325 7.950397 4.001047
v 11.516323 11.096450 4.631650
v 11.515453 11.094983 4.631857
v 8.603438 4.357551 6.046999
v 8.603439 4.357551 6.046999
v -2.526383 2.524882 8.040137
v -3.527150 2.518639 8.046190
v -4.059768 1.654641 8.077009
v 8.603438 4.357551 6.046999
v -4.169014 1.688085 -0.034603
v 8.603437 4.357552 6.046999
v 8.603438 4.357551 6.046999
v 8.603438 4.357551 6.046999
v 8.603438 4.357551 6.046999
v -5.497656 -13.036424 5.070127
v -5.018768 -13.913748 5.145250
v -4.040354 -13.935512 5.202323
v 8.603438 4.357551 6.046999
v 7.996544 -3.476889 7.994818
v 7.996257 -3.477380 7.994816
v -5.213859 -10.979980 -0.034603
v -5.414199 -11.216754 5.211154
v -4.977923 -12.156761 5.364038
v -5.736281 -11.884841 -0.034603
v -5.213859 -12.789703 -0.034603
v -3.995506 -12.177615 5.410008
v 8.005290 -3.461928 7.994881
v -5.213859 -9.170256 -0.034603
v -5.736281 -10.075118 -0.034603
v 7.996560 -3.476861 7.994818
v 8.603438 4.357552 6.046999
v 8.603438 4.357552 6.046999
v -5.213859 -7.360533 -0.034603
v -5.501925 -7.857511 6.278037
v -5.038082 -8.781735 6.343286
v -5.736281 -8.265395 -0.034603
v 8.603438 4.357552 6.046999
v 8.603438 4.357552 6.046999
v 8.603436 4.357547 6.047000
v -5.006308 -5.267769 7.012207
v -5.502589 -6.126753 7.008926
v -4.999998 -6.988456 7.000000
v -3.999704 -6.988016 6.999559
v 8.549157 4.341227 7.192825
v 7.782919 5.207564 8.077548
v 8.003003 5.200444 8.055342
v -5.213859 -3.741086 -0.034603
v -4.988538 -3.702956 7.258071
v 7.993929 5.200312 8.056227
v 7.390236 8.727859 5.826816
v 5.548423 6.163455 8.391956
v 7.817941 8.732328 5.825787
v 8.431614 13.064009 7.044571
v -3.971711 -2.007660 7.330632
v -4.941558 -2.056837 7.343251
v -5.468230 -2.908721 7.357713
v 5.548423 6.163455 8.391956
v -5.736281 -2.836224 -0.034603
v 5.548423 6.163455 8.391956
v 5.548423 6.163455 8.391956
v 6.991243 6.866053 7.071331
v -5.213859 1.688085 -0.034603
v 6.522181 6.124150 8.243658
v -5.004536 1.669240 8.006770
v -5.509049 0.805195 8.008615
v 6.991230 6.866030 7.071354
v -5.736281 0.783223 -0.034603
v 6.447027 9.434402 8.298790
v 6.638271 6.273867 7.131505
v 6.447027 9.434402 8.298790
v 6.447027 9.434402 8.298790
v -5.056676 3.317997 7.125450
v -5.581244 2.483013 7.105210
v -5.736281 2.592947 -0.034603
v 6.188085 9.441550 8.343121
v 6.447026 9.434402 8.298790
v -5.436454 -11.242618 4.901015
v -6.491402 -11.308969 4.990171
v -7.010473 -12.203090 5.016758
v -6.522319 -13.093273 5.063321
v 5.474344 9.461255 8.465313
v -5.009284 -10.477576 5.026767
v -6.781126 -10.075118 -0.034603
v -6.988880 -10.449943 5.044877
v -6.491402 -11.308967 4.990171
v -5.436454 -11.242616 4.901015
v 5.532053 6.121201 7.904315
v 4.010105 -1.877234 8.147416
v -5.501832 -7.857372 6.003109
v -6.496429 -7.852149 6.022440
v -6.993730 -8.718536 6.028941
v -6.517764 -9.618764 6.054219
v 5.066785 5.344313 7.905561
v 5.234226 5.349079 -0.016863
v -6.510640 -6.146263 6.115705
v -7.001886 -6.998056 6.107210
v -6.496429 -7.852148 6.022440
v -5.501832 -7.857370 6.003109
v 4.866244 15.561174 8.294060
v -7.041940 -5.308414 6.217809
v 4.911044 15.478719 8.298845
v 4.866237 15.561187 8.294059
v 4.867346 15.562939 8.293930
v -6.781125 -2.836224 -0.034603
v -7.024253 -3.643518 6.223192
v -6.521278 -4.449908 6.150352
v -5.497255 -4.426439 6.064376
v 3.723772 -0.745815 5.752771
v 4.189567 -0.080323 -0.031139
v -6.781126 -1.026501 -0.034603
v -5.507334 -1.116932 7.276932
v -6.614390 -1.097031 7.344996
v -7.303548 -1.931362 -0.034603
v 3.884265 -0.484385 5.010372
v -6.781125 0.783223 -0.034603
v -5.556220 0.804660 7.049512
v -6.426521 0.800786 6.868854
v -7.110934 -0.120889 7.176590
v -7.303548 -0.121639 -0.034603
v 3.547802 0.717659 8.075819
v 4.189659 1.729584 -0.030774
v -6.781126 2.592947 -0.034603
v -6.695179 2.468594 7.203376
v -7.168498 1.657904 7.120131
v -7.303548 1.688085 -0.034603
v -5.535476 4.174276 7.179100
v -6.503351 4.207452 7.167281
v -7.067779 3.370523 7.152211
v -6.491403 -11.308967 4.990171
v -7.303548 -10.979980 -0.034603
v -6.988881 -10.449943 5.044877
v -7.998929 -12.184076 5.003083
v -7.010474 -12.203092 5.016758
v -7.303548 -9.170256 -0.034603
v -8.348393 -9.170256 -0.034603
v -6.995941 -10.455121 5.789772
v -6.781126 -8.265395 -0.034603
v -6.497267 -7.852918 6.270716
v -7.303548 -7.360533 -0.034603
v -8.348393 -7.360533 -0.034603
v -7.002962 -6.999606 6.351118
v -8.014608 -6.994005 6.420991
v -8.478436 -7.837115 6.340296
v -7.982730 -8.708528 6.301966
v 3.667320 8.063623 -0.032588
v -6.995316 -8.718256 6.269616
v -6.510641 -6.146263 6.115705
v -7.303548 -5.550809 -0.034603
v -7.041941 -5.308415 6.217809
v -8.073914 -5.238567 6.275625
v -8.533668 -6.043281 6.241875
v -8.014328 -6.991656 6.181184
v -7.001887 -6.998055 6.107210
v -8.348393 -3.741086 -0.034603
v -8.621066 -4.230855 5.944457
v -8.141651 -5.225469 6.073737
v -8.870813 -4.645947 -0.034581
v 3.667435 8.063395 -0.032354
v -8.348393 -1.931362 -0.034603
v -7.106224 -1.976544 6.342430
v -8.102754 -1.814230 6.133544
v -8.547296 -2.722292 6.195926
v -8.035545 -3.602379 6.242623
v 3.667318 8.063646 -0.034590
v -7.024254 -3.643518 6.223192
v -6.665563 -1.090080 6.565079
v -8.348393 -0.121639 -0.034603
v -7.164943 -0.120069 6.411167
v -8.054955 -0.098607 6.277956
v -8.552595 -0.920878 6.220888
v -8.079123 -1.858611 6.337646
v -8.870814 -1.026501 -0.034603
v -7.107339 -1.986111 6.529321
v -6.653453 0.798779 6.133580
v -7.214657 1.674790 6.169964
v -8.140985 1.674758 6.123847
v -8.539154 0.802272 6.038955
v -8.049108 -0.097808 6.097574
v -8.870814 0.783223 -0.034603
v -7.156712 -0.116654 6.225534
v 3.571185 7.976639 7.740789
v -7.303548 3.497808 -0.034603
v -8.348393 3.497808 -0.034603
v -8.049523 3.367925 6.170437
v -8.592630 2.528934 6.139060
v 2.622631 8.063586 -0.028317
v -8.870814 2.592947 -0.034603
v 3.571026 7.976642 7.740833
v 2.769627 7.988864 7.784377
v -6.503352 4.207452 7.167281
v -6.925445 5.055486 7.175375
v -7.905372 5.054483 7.172559
v -8.449174 4.212182 7.141228
v -8.042633 3.372396 7.148543
v 2.612036 9.605717 8.634759
v -7.067780 3.370523 7.152211
v 2.612036 9.605717 8.634759
v -7.974166 -10.439676 4.074411
v -9.915658 -10.075118 -0.034603
v -8.464149 -9.568376 4.103332
v -9.986800 -10.445976 4.038019
v -9.491469 -11.314331 4.024570
v 2.612036 9.605717 8.634759
v -9.975135 -8.703094 4.317862
v -9.470813 -9.571448 4.329237
v 3.667324 8.063593 -0.029878
v -8.461437 -9.566889 4.356219
v 2.612036 9.605717 8.634759
v -9.520560 -6.069140 5.239851
v -10.438082 -7.360532 -0.034603
v -9.491588 -4.350559 5.234094
v -9.938529 -5.259395 5.119185
v -9.520560 -6.069139 5.239851
v -8.528163 -6.094493 5.290674
v 2.612036 9.605717 8.634759
v 2.612036 9.605717 8.634759
v 2.612036 9.605717 8.634759
v -8.581528 -2.707869 5.436354
v -9.700818 -2.709328 5.522098
v -10.064925 -3.515732 5.430213
v -9.432837 -4.331261 5.369197
v -10.438074 -3.741085 -0.034559
v -9.915659 -4.645937 -0.034557
v -8.552598 -4.309460 5.404091
v 3.579072 9.556075 8.680410
v 3.579072 9.556075 8.680410
v -9.915658 -1.026501 -0.034603
v -10.222928 -1.895377 5.288364
v -9.714721 -2.714291 5.324075
v -10.438081 -1.931362 -0.034603
v -8.585951 -2.702720 5.221259
v 3.579072 9.556076 8.680410
v -10.033192 -0.092925 5.267022
v -9.561617 -0.969778 5.303411
v -8.140985 1.674757 6.123847
v -9.915659 2.592947 -0.034603
v 2.344775 14.644081 8.347824
v -9.569586 2.534561 6.107513
v -10.045985 1.680615 6.046962
v -9.514825 0.807320 6.014573
v -10.438080 1.688085 -0.034574
v 3.657953 16.687063 3.000305
v -9.915658 4.402670 -0.034603
v 3.657953 16.687063 3.000303
v -9.459728 4.224579 7.112981
v -10.027370 3.387601 7.091038
v -9.569495 2.536802 7.099054
v 3.657951 16.687063 3.000343
v -8.588461 2.531506 7.124915
v -8.384974 5.903287 6.208721
v -9.406803 5.922007 6.169110
v -9.937602 5.077375 6.127550
v -9.472960 -9.572673 4.077979
v -9.977339 -8.704729 4.066346
v -10.994944 -8.716025 4.015032
v -11.500000 -9.586533 4.000000
v -10.998982 -10.452051 4.002931
v -12.005349 -10.075118 -0.034603
v -11.482927 -10.979980 -0.034603
v -9.986801 -10.445976 4.038019
v -9.464305 -7.823445 4.105975
v -9.979192 -6.947659 4.143100
v -10.973153 -6.961768 4.080412
v -11.490925 -7.845439 4.027221
v -10.994944 -8.716023 4.015032
v -9.915657 -6.455665 -0.034568
v -9.494180 -6.064013 4.222196
v -10.000510 -5.234062 4.175149
v -11.051293 -5.182654 4.108446
v -11.475708 -6.095488 4.072304
v -10.973153 -6.961767 4.080412
v -9.979192 -6.947659 4.143100
v -9.491589 -4.350558 5.234093
v -11.482927 -3.741086 -0.034603
v -10.082907 -3.521968 5.239150
v -11.060513 -3.518663 5.150309
v -11.542196 -4.435462 5.108117
v -10.916283 -5.253201 5.018563
v -9.938530 -5.259394 5.119184
v -11.482927 -1.931362 -0.034603
v -11.152077 -1.892147 4.407937
v -11.594806 -2.693778 4.341913
v -11.031820 -3.514060 4.310154
v -11.482927 -0.121639 -0.034603
v -11.117468 -0.135179 5.154238
v -11.714349 -1.035496 5.275756
v -11.191093 -1.917770 5.265657
v -10.222929 -1.895377 5.288364
v 3.645344 15.197803 8.333867
v -11.536447 0.828320 5.049598
v 3.645343 15.197802 8.333867
v -12.005349 0.783223 -0.034603
v 3.645344 15.197803 8.333867
v 3.552623 15.032637 8.334672
v 3.645344 15.197803 8.333867
v -9.578334 2.535944 6.491494
v -10.438083 3.497808 -0.034603
v -11.482927 3.497808 -0.034603
v -11.050085 3.368268 6.470988
v -12.005349 2.592947 -0.034603
v 2.508495 4.383947 8.377032
v -10.048722 1.677509 6.425601
v 2.508508 4.383919 8.377029
v -9.458570 4.218752 6.129078
v -11.482927 5.307531 -0.034603
v -9.937603 5.077375 6.127550
v -11.006707 5.096151 6.100379
v -11.618755 4.208694 6.145114
v -12.005349 4.402670 -0.034603
v 2.099688 5.348968 -0.022343
v -10.056269 3.357599 6.134181
v 2.072378 5.284443 8.481181
v -9.406804 5.922007 6.169110
v -9.924009 6.802786 6.137891
v -10.957306 6.831338 6.077471
v -11.471950 5.977870 6.050900
v 1.130836 5.349005 -0.027435
v -12.005348 6.212393 -0.034592
v 2.614810 6.197154 8.523785
v 2.096993 5.348862 -0.008989
v 2.100085 5.349118 -0.034033
v 2.622436 6.253858 -0.034033
v -12.499713 -7.854197 3.602821
v -13.000000 -8.720507 3.601960
v -12.500000 -9.586533 3.601960
v -13.572617 -9.170256 -0.034603
v -13.050195 -10.075118 -0.034603
v -12.005349 -8.265393 -0.034603
v 2.622528 8.063578 -0.027239
v -13.050195 -6.455671 -0.034603
v -11.475708 -6.095489 4.072304
v -12.492242 -6.114702 4.023269
v -12.999383 -6.987842 4.001850
v -12.499204 -7.853687 4.002389
v -13.572617 -7.360533 -0.034603
v -13.050195 -8.265394 -0.034603
v -11.490925 -7.845438 4.027221
v 2.612036 9.605717 8.634759
v -12.501270 -4.386873 4.023280
v -12.997610 -5.254025 4.007168
v -12.492242 -6.114701 4.023269
v -13.572617 -5.550809 -0.034603
v -11.017728 -3.511073 4.097721
v -11.585495 -2.686529 4.131835
v -13.015605 -3.522777 4.017622
v -12.501270 -4.386872 4.023280
v -13.050195 -4.645947 -0.034603
v -11.523672 -4.412265 4.097076
v 1.832116 13.785882 7.994868
v 1.832116 13.785882 7.994868
v -11.694497 -0.991771 4.441229
v -12.667441 -0.891518 4.390641
v -13.107942 -1.753084 4.312414
v -12.591185 -2.659528 4.301112
v 1.832115 13.785882 7.994869
v 1.006023 17.327940 7.315375
v -13.050195 0.783223 -0.034603
v -12.505354 0.808267 4.813877
v -13.572617 -0.121639 -0.034603
v -11.723700 -1.027398 5.090264
v 0.603331 2.613292 8.061993
v 1.807623 17.392309 7.134973
v -13.001429 1.674312 4.123504
v -12.505124 0.813863 4.128424
v 1.055201 1.729623 -0.034518
v 0.602914 2.614012 8.062010
v 0.532875 2.634446 -0.024305
v -13.050195 4.402670 -0.034603
v -11.660702 4.161501 5.207033
v -12.599109 4.244569 5.108855
v -13.037532 3.396056 5.051785
v -12.516899 2.539068 5.074166
v -13.572617 3.497808 -0.034603
v 0.603967 2.614357 8.229502
v -11.558264 2.521696 5.180970
v 1.070200 1.713861 8.220537
v -12.496521 5.998940 5.006313
v -13.015435 5.135890 5.017839
v 1.070194 1.713872 8.220535
v 1.070330 1.713609 8.220534
v -13.000000 6.867949 4.000000
v -13.572617 7.117255 -0.034603
v -0.088837 2.619320 7.736588
v 0.513330 2.634136 0.148313
v 0.527601 2.634376 0.019238
v 0.523631 2.634376 0.019277
v -14.617461 -3.741086 -0.034603
v -0.509993 2.634376 0.019277
v -14.000000 -3.524355 4.000000
v -14.500000 -4.390380 4.000000
v -14.000000 -5.256405 4.000000
v -15.139883 -4.645947 -0.034603
v -14.617461 -5.550808 -0.034603
v -12.997610 -5.254024 4.007168
v -0.209787 2.619883 7.840661
v -0.209834 2.619884 7.840662
v -14.500000 -2.658329 3.675169
v -14.000000 -3.524354 3.675169
v -15.139883 -2.836224 -0.034603
v -0.209807 2.619883 7.840659
v -13.023248 -0.043917 4.028195
v -14.000000 -0.060253 4.000000
v -14.500000 -0.926278 4.000000
v -14.007705 -1.788441 4.006826
v -15.139883 -1.026500 -0.034603
v -14.617450 -1.931360 -0.034562
v -13.102764 -1.750699 4.110655
v 0.505896 9.558524 8.407290
v -12.504669 0.813732 4.006032
v -0.651714 9.435981 8.406007
v -13.001308 1.674101 4.001676
v -14.000000 1.671797 4.000000
v -14.500000 0.805772 4.000000
v -0.643746 9.436824 8.406016
v -12.506483 2.550117 4.019283
v -13.050137 9.810392 -0.034362
v -14.617461 3.497808 -0.034603
v -13.012466 3.403842 4.014408
v -14.000000 3.403848 4.000000
v -14.500000 2.537823 4.000000
v -15.139883 2.592947 -0.034603
v -12.247026 9.810387 -0.034316
v -11.482924 10.715274 -0.034562
v -14.617461 5.307531 -0.034603
v -14.000000 5.135899 5.000000
v -14.617461 7.117255 -0.034603
v -13.000000 6.867949 4.223361
v -14.000000 6.867949 4.223361
v -14.500000 6.001925 4.223361
v -14.000000 5.135899 4.223361
v -15.139883 6.212394 -0.034596
v -16.184727 -2.836224 -0.034603
v -14.500000 -2.658330 4.000000
v -15.500000 -2.658330 4.000000
v -16.707148 -3.741086 -0.034603
v -16.184727 -4.645947 -0.034603
v -16.000000 -1.792304 3.848006
v -15.500000 -2.658329 3.848006
v -16.707148 -1.931362 -0.034603
v -14.500000 -2.658329 3.848006
v -9.916718 11.622049 -0.032782
v -14.500000 0.805772 4.000000
v -15.500000 0.805772 4.000000
v -16.000000 -0.060253 4.000000
v -15.500000 -0.926278 4.000000
v -16.707148 -0.121639 -0.034603
v -16.184727 -1.026500 -0.034603
v -16.184727 2.592947 -0.034603
v -15.500000 2.537823 3.807923
v -16.000000 1.671797 3.807923
v -15.500000 0.805772 3.807923
v -16.707148 1.688085 -0.034603
v -16.184727 4.402670 -0.034603
v -14.500000 4.269874 4.000000
v -15.500000 4.269874 4.000000
v -16.707148 3.497808 -0.034603
v -16.184727 6.212393 -0.034603
v -15.500000 6.001924 3.807923
v -16.000000 5.135899 3.807923
v -15.500000 4.269874 3.807923
v -16.707148 5.307531 -0.034603
v -8.314023 13.768339 4.347331
v -3.646592 22.457047 -0.034603
v -3.509773 21.558502 4.011847
v -4.169014 23.361910 -0.034603
v -5.213859 23.361908 -0.034603
v -3.999998 22.415386 4.000000
v -4.999998 22.415386 4.000000
v -5.499998 21.549362 4.000000
v -5.736281 22.457047 -0.034603
v -2.079325 26.981354 -0.034603
v -2.601748 26.076496 -0.034603
v -2.601748 27.886215 -0.034603
v -3.646592 27.886215 -0.034603
v -2.499998 26.745514 3.011252
v -3.499998 26.745514 3.011252
v -3.999998 25.879490 3.011252
v -4.169014 26.981354 -0.034603
v -3.646592 26.076496 -0.034603
v -2.079325 25.171631 -0.034603
v -2.601748 24.266769 -0.034603
v -8.314026 13.768333 4.347331
v -7.995093 10.496234 4.115326
v -2.499998 25.013464 3.556989
v -3.499998 25.013464 3.556989
v -3.999998 24.147438 3.556989
v -4.169014 25.171631 -0.034603
v -3.646592 24.266769 -0.034603
v -2.079326 23.361904 -0.034569
v -2.601748 22.457047 -0.034603
v -7.995095 10.496234 4.115326
v -2.499998 23.281412 3.818306
v -3.499998 23.281412 3.818306
v -3.999998 22.415388 3.818306
v -7.967103 8.601149 4.115281
v -2.079325 21.552185 -0.034603
v -7.991059 8.600900 4.119592
v -6.981507 18.966803 3.583922
v -2.554984 21.611166 4.071079
v -7.303649 8.905499 -0.033847
v -6.525579 18.129082 4.022522
v -6.978581 18.976826 3.338668
v -1.034481 25.171631 -0.034603
v -1.034481 26.981354 -0.034603
v -6.992964 18.983948 3.608572
v -0.999998 25.879490 3.476933
v -1.999998 25.879490 3.476933
v -2.499998 25.013464 3.476933
v -6.999982 18.971788 3.999684
v -6.524673 18.127415 4.023422
v -7.303475 19.763741 -0.034225
v -0.999998 24.147438 5.225079
v -2.001029 24.148607 5.226263
v -2.541132 23.310062 5.263688
v -6.781146 18.859043 -0.034243
v -6.524355 18.126850 4.023438
v -1.034481 21.552185 -0.034603
v -1.034481 23.361908 -0.034603
v -1.044207 22.450558 6.043656
v -2.128118 22.495293 6.116043
v -2.671644 21.651192 6.155853
v -2.134947 20.855667 6.203481
v -6.605247 16.419004 4.114817
v -6.620165 16.448956 4.111369
v -1.044832 20.754848 6.076734
v -6.620165 16.448956 4.111369
v -6.620165 16.448956 4.111369
v -1.066754 20.783932 5.104620
v -2.194300 20.936445 5.290933
v -0.954071 3.362497 8.114804
v -2.010605 3.365366 8.059894
v -2.526870 2.504294 8.040711
v -2.601748 2.571519 -0.034603
v -1.034481 3.476382 -0.034603
v -0.458236 4.264811 8.236652
v -1.034481 5.286104 -0.034603
v -0.967877 5.141531 8.164664
v -2.074199 5.072039 8.160880
v -2.544502 4.213608 8.090107
v -2.010605 3.365367 8.059894
v -2.601748 4.381244 -0.034603
v -0.954071 3.362498 8.114804
v -1.034481 7.095829 -0.034603
v -2.079325 7.095829 -0.034603
v -1.077800 6.781058 8.198071
v -2.366844 6.642951 8.428576
v -2.601748 6.190969 -0.034603
v -6.605247 16.419004 4.114817
v -0.632422 7.657154 8.537590
v -1.034481 8.905554 -0.034603
v -2.079325 8.905554 -0.034603
v -1.300053 8.415956 8.677316
v -2.465878 8.315249 8.833610
v -3.034831 7.410497 8.900189
v -2.363184 6.645519 8.662854
v -2.601748 8.000690 -0.034603
v -1.099866 6.777419 8.452152
v -0.655216 9.374079 8.414282
v -1.034481 10.715276 -0.034603
v -2.079325 10.715276 -0.034603
v -1.142718 10.233541 8.284624
v -2.188541 10.202547 8.299450
v -2.845917 9.247665 8.526880
v -2.472987 8.311297 8.721687
v -0.521470 11.157855 8.117263
v -1.034481 12.525000 -0.034603
v -0.925740 12.036641 7.960747
v -1.967714 12.047487 7.970614
v -2.548470 11.143333 8.089103
v -2.601748 11.620138 -0.034603
v -2.079325 14.334723 -0.034603
v -1.008274 13.748466 8.029904
v -1.991228 13.767283 8.011682
v -2.460591 12.917062 7.973383
v -6.627333 16.463346 4.109712
v -2.601748 13.429861 -0.034603
v -0.538960 14.568109 8.107775
v -1.034481 16.144447 -0.034603
v -2.079325 16.144447 -0.034603
v -1.009734 15.464620 8.103348
v -2.009681 15.453981 8.102929
v -2.507307 14.607316 8.064770
v -7.100754 15.569670 4.137129
v -7.100702 15.569566 4.137144
v -0.512059 17.049309 -0.034603
v -1.034481 17.954170 -0.034603
v -2.079325 17.954170 -0.034603
v -1.050625 17.305643 8.323312
v -2.053699 17.265495 8.285664
v -2.519733 16.311514 8.145772
v -0.620618 18.320841 7.656578
v -1.180440 19.267818 7.695970
v -2.168486 19.240646 7.660644
v -2.611586 18.247177 7.575331
v -2.084838 17.310318 7.565924
v -2.601748 18.859032 -0.034603
v -1.078431 17.363441 7.614483
v -6.620165 16.448956 4.111369
v -2.007283 3.374448 7.037416
v -3.646592 4.381244 -0.034603
v -3.586050 4.173300 7.149978
v -6.620165 16.448956 4.111369
v -6.620165 16.448956 4.111369
v -2.074199 5.072041 8.160881
v -2.768945 5.826824 8.386875
v -3.848769 5.761798 8.449487
v -4.087656 4.986811 8.198313
v -3.613059 4.159110 8.160574
v -4.169014 5.286106 -0.034603
v -6.620165 16.448956 4.111369
v -3.646592 8.000690 -0.034603
v -3.969466 7.457791 8.773831
v -4.220354 6.639776 8.497649
v -3.833080 5.766385 8.550916
v -4.169014 7.095829 -0.034603
v -3.646592 6.190969 -0.034603
v -2.767024 5.828717 8.504877
v -4.240390 8.424785 8.395956
v -3.981719 7.452860 8.667139
v -4.169014 8.905554 -0.034603
v -3.646592 11.620138 -0.034603
v -3.523890 11.144791 7.860248
v -4.062402 10.258258 7.914945
v -3.718506 9.302032 8.128404
v -2.846123 9.247689 8.299237
v -6.546526 11.432951 4.370667
v -3.646592 13.429861 -0.034603
v -2.452156 12.902117 6.995536
v -3.496176 12.854847 7.114851
v -4.001595 11.987924 7.130986
v -3.513734 11.138146 7.100455
v -6.522419 11.452217 3.886046
v -6.509888 11.434052 4.361523
v -5.569845 11.261530 6.149451
v -2.601747 15.239584 -0.034580
v -3.646592 15.239586 -0.034603
v -2.551033 14.580977 7.132532
v -3.602247 14.562771 7.196241
v -4.036840 13.698853 7.171840
v -5.562587 11.260530 6.153809
v -4.169014 14.334723 -0.034603
v -5.568627 11.261235 6.152486
v -6.521669 11.372511 5.943810
v -2.638521 16.280294 6.522332
v -3.741932 16.275875 6.584336
v -4.275984 15.403696 6.625168
v -3.676484 14.537540 6.565726
v -4.169014 16.144447 -0.034603
v -2.590755 14.565957 6.457521
v -2.070972 17.242998 6.232672
v -3.646592 18.859032 -0.034603
v -2.551523 18.199188 6.253389
v -3.549042 18.100088 6.115220
v -4.231332 17.227636 6.252027
v -3.776118 16.278147 6.332651
v -4.169014 17.954170 -0.034603
v -3.646593 17.049303 -0.034579
v -2.651965 16.279766 6.244127
v -2.601748 20.668758 -0.034603
v -3.646592 20.668758 -0.034603
v -2.634297 20.108618 5.581714
v -4.018312 19.010763 5.317296
v -3.560836 18.117592 5.368148
v -4.169014 19.763893 -0.034603
v -4.124985 5.001390 7.244649
v -5.042166 5.017537 7.215538
v -5.536752 4.153250 7.178746
v -5.736281 4.381244 -0.034603
v -5.213859 7.095829 -0.034603
v -4.281014 6.674110 7.462243
v -5.113907 6.725770 7.328986
v -5.518663 5.870801 7.245692
v -5.042166 5.017539 7.215538
v -4.124985 5.001391 7.244650
v -5.213859 8.905554 -0.034603
v -5.083058 8.524836 6.253222
v -5.550727 7.616389 6.288807
v -5.736281 8.000690 -0.034603
v -6.781108 8.000669 -0.034270
v -3.692732 9.305093 8.704780
v -5.213859 10.715276 -0.034603
v -4.054649 10.262849 8.509219
v -4.828998 8.521743 8.383435
v -5.736281 9.810414 -0.034603
v -4.150397 8.437546 8.699484
v -4.007111 11.971631 6.166028
v -5.021276 11.997732 6.219003
v -5.556530 11.252736 6.283580
v -5.736281 11.620138 -0.034603
v -5.213859 14.334723 -0.034603
v -4.093950 13.670892 6.262234
v -5.109496 13.718773 6.302600
v -5.543067 12.879375 6.255493
v -5.021276 11.997731 6.219003
v -5.597683 14.630976 3.443585
v -5.289056 14.087495 4.205435
v -5.599048 14.638528 3.395918
v -5.213859 16.144447 -0.034603
v -4.381797 15.430054 5.456675
v -5.430560 15.549410 5.518652
v -5.159840 13.761703 5.367609
v -5.736281 15.239586 -0.034603
v -3.821522 16.315201 5.354422
v -5.213859 17.954170 -0.034603
v -4.302272 17.290325 5.301910
v -5.365058 17.384302 5.354300
v -5.900971 16.491848 5.414682
v -5.213859 19.763893 -0.034603
v -4.021805 19.008760 5.043885
v -5.034492 19.001509 5.033434
v -5.646424 18.212675 5.141546
v -5.074356 13.807354 5.364709
v -5.736281 18.859032 -0.034603
v -5.064545 10.372114 6.199102
v -3.551354 19.955532 5.711771
v -4.169014 21.573616 -0.034603
v -5.213859 21.573616 -0.034603
v -4.029947 20.729799 5.612983
v -4.999998 20.703848 5.574080
v -5.500131 19.837933 5.574206
v -5.028998 18.996469 5.602033
v -5.736281 20.668758 -0.034603
v -5.064545 10.372114 6.199102
v -4.011674 19.007006 5.619301
v -5.064545 10.372114 6.199102
v -6.431674 5.870400 6.228900
v -6.917763 5.030541 6.187766
v -3.743372 16.296747 6.330093
v -3.743372 16.296747 6.330093
v -6.781125 8.000690 -0.034603
v -6.482530 7.602342 6.265086
v -6.922533 6.728964 6.246224
v -6.431674 5.870402 6.228900
v -5.088322 8.521746 6.397737
v -6.781124 9.810411 -0.034569
v -5.579079 9.472891 6.384364
v -6.564500 9.516231 6.423430
v -6.986265 8.521039 6.359289
v -6.482398 7.602896 6.400977
v -5.553331 7.615285 6.428702
v -4.052098 6.348613 7.211728
v -4.020158 6.263704 7.407027
v -4.021213 6.265534 7.407049
v -6.574468 11.355865 6.345712
v -7.074822 10.497012 6.324345
v -6.564245 9.525220 6.295040
v -5.578969 9.478628 6.252615
v -4.021577 6.266350 7.407070
v -4.049656 6.328716 7.417542
v -5.021066 12.000536 6.101143
v -5.550037 12.887319 6.145925
v -6.619992 13.011749 6.214349
v -7.077478 12.186159 6.186580
v -6.572607 11.367355 6.235189
v -7.303543 12.524992 -0.034574
v -4.052911 6.349635 7.214319
v -5.554652 11.259125 6.168587
v -3.979296 7.436157 6.289609
v -5.157455 13.753849 5.659554
v -3.979296 7.436158 6.289609
v -5.806098 14.722714 5.777760
v -6.764800 14.830909 5.726110
v -7.241250 13.996906 5.723157
v -6.656659 13.065346 5.689409
v -3.865687 5.742849 7.337314
v -5.788928 16.466753 4.425855
v -6.620836 16.427910 4.253405
v -7.111473 15.580814 4.277898
v -3.865687 5.742849 7.337314
v -1.009936 13.807283 8.032419
v -5.216986 17.337646 4.212750
v -1.009935 13.807281 8.032419
v -5.574867 18.166977 4.073318
v -6.524294 18.126720 4.023758
v -7.019985 17.251698 4.018944
v -5.757916 16.454878 4.272710
v -1.008322 13.804719 8.032311
v -2.549388 11.190330 7.070608
v -5.013703 18.983263 4.013110
v -1.000568 13.792347 8.032487
v -6.781124 20.668755 -0.034582
v -5.499998 19.837824 4.000000
v -6.499998 19.837824 4.000000
v -6.999998 18.971798 4.000000
v -0.854102 14.078526 8.058092
v -7.303547 19.763891 -0.034589
v -2.357073 10.652779 7.967918
v -1.008327 13.810096 8.032542
v -2.365235 10.685020 7.701604
v -2.544496 11.142641 7.858980
v -5.736281 22.478481 -0.034603
v -5.499998 21.569876 4.234499
v -6.499998 21.569876 4.234499
v -6.999998 20.703850 4.234499
v -6.499998 19.837824 4.234499
v -7.303548 21.573614 -0.034598
v -2.550176 11.190014 7.075853
v -5.499998 19.837824 4.234499
v -6.431675 5.870402 6.228900
v -6.922534 6.728964 6.246224
v -7.887891 6.743061 6.218876
v -8.385124 5.882911 6.208447
v -7.897629 5.026230 6.190078
v -6.917764 5.030540 6.187766
v -2.082285 11.941455 6.942730
v -7.303548 8.905554 -0.034603
v -6.968235 8.539704 5.189658
v -7.937880 8.525821 5.134705
v -8.413493 7.639288 5.156971
v -6.527353 9.552845 5.273852
v -7.041806 10.526069 5.326947
v -8.025971 10.424242 5.218440
v -8.507553 9.426724 5.138434
v -8.870814 9.810414 -0.034603
v -1.275693 8.462902 8.258702
v -8.018867 12.106875 4.113925
v -8.507090 11.207242 4.073412
v -6.660367 13.074870 5.402155
v -8.348393 14.334723 -0.034603
v -7.251555 14.008512 5.439892
v -8.164854 13.917949 5.248143
v -8.585094 12.972239 5.140259
v -8.049970 12.155165 5.195848
v -8.870811 13.429856 -0.034587
v -8.348394 12.525002 -0.034587
v -7.098101 15.570889 4.137261
v -8.027562 15.529306 4.032881
v -8.549154 14.672400 4.053072
v -8.870814 15.239586 -0.034603
v -7.303548 17.954170 -0.034603
v -8.348393 17.954170 -0.034603
v -7.019986 17.251698 4.018944
v -7.999999 17.239748 4.000000
v -8.499999 16.373722 4.000000
v -8.870814 17.049309 -0.034603
v -6.524295 18.126720 4.023758
v -8.348393 19.763893 -0.034603
v -6.999999 18.971798 4.000000
v -7.999999 18.971798 4.000000
v -8.499999 18.105772 4.000000
v -8.870814 18.859032 -0.034603
v -8.348393 21.573616 -0.034603
v -6.999999 20.703848 3.573944
v -7.999999 20.703848 3.573944
v -8.499999 19.837824 3.573944
v -7.999999 18.971798 3.573944
v -8.870814 20.668758 -0.034603
v -6.999999 18.971798 3.573944
v -6.499999 21.569874 3.236562
v -7.303548 23.383343 -0.034603
v -8.348393 23.383343 -0.034603
v -6.999999 22.435900 3.236562
v -7.999999 22.435900 3.236562
v -8.499999 21.569874 3.236562
v -7.999999 20.703848 3.236562
v -8.870814 22.478477 -0.034603
v -6.999999 20.703848 3.236562
v -2.846884 20.246634 4.116354
v -9.915658 8.000690 -0.034603
v -9.450333 7.670764 4.090399
v -9.951029 6.805449 4.088860
v -2.975414 20.243067 4.104686
v -9.551450 9.417369 4.080468
v -10.003526 8.551380 4.068485
v -8.870813 11.620136 -0.034582
v -8.526970 11.232296 5.131271
v -9.570367 11.158733 5.066992
v -10.110003 10.282895 5.096533
v -9.565571 9.402876 5.119513
v -9.915658 9.810415 -0.034603
v -8.507553 9.426726 5.138435
v -12.497733 7.715572 4.000089
v -8.023108 12.116050 4.249143
v -9.511023 12.913875 4.136666
v -10.014286 12.040177 4.133814
v -10.438081 12.525000 -0.034603
v -9.915656 11.620135 -0.034579
v -8.509468 11.211333 4.204115
v -12.492919 7.716554 4.000180
v -8.135698 13.895425 4.367509
v -9.915658 15.239586 -0.034603
v -8.559690 14.681255 4.273632
v -9.510898 14.646925 4.216380
v -10.002937 13.777062 4.208931
v -9.512163 12.914289 4.222844
v -9.915658 13.429862 -0.034603
v -8.562673 12.951690 4.303188
v -9.915658 17.049309 -0.034603
v -9.499999 16.373722 4.000000
v -9.999999 15.507696 4.000000
v -8.549154 14.672399 4.053073
v -11.001253 8.571165 3.792779
v -11.492736 7.707240 3.785622
v -10.438082 8.905554 -0.034603
v -9.555743 9.414857 4.209290
v -10.089989 10.290569 4.194407
v -11.056277 10.299408 4.164798
v -11.522422 9.440536 4.139207
v -11.004599 8.567064 4.152706
v -12.005349 9.810413 -0.034603
v -11.482927 8.905554 -0.034603
v -10.005054 8.549042 4.196161
v -9.550766 11.165088 4.044327
v -11.482927 12.525000 -0.034603
v -11.003260 12.042892 4.002498
v -11.512384 11.174899 4.009490
v -10.083517 10.292364 4.066812
v -11.000000 13.775646 4.000000
v -11.500000 12.909621 4.000000
v -11.003260 12.042893 4.002498
v -10.438082 16.144447 -0.034603
v -11.482927 16.144447 -0.034603
v -10.000000 15.507696 4.000000
v -11.000000 15.507696 4.000000
v -11.500000 14.641672 4.000000
v -11.000000 13.775647 4.000000
v -12.005349 15.239586 -0.034603
v -11.482927 14.334724 -0.034603
v -13.050169 -1.026495 -0.034276
v -11.003500 8.568481 4.027352
v -13.050195 9.810414 -0.034603
v -12.500000 9.445518 4.000000
v -13.000000 8.579494 4.000000
v -12.499983 7.713454 4.000031
v -13.572617 8.905554 -0.034603
v -13.050195 8.000690 -0.034603
v -11.490692 7.705487 4.016890
v -12.005346 11.620135 -0.034573
v -13.050195 11.620138 -0.034603
v -12.500000 11.177569 3.715399
v -13.000000 10.311544 3.715399
v -12.500000 9.445520 3.715399
v -13.572617 10.715276 -0.034603
v -11.479475 5.868124 5.047684
v -11.006138 12.042272 4.337104
v -12.005346 13.429858 -0.034577
v -13.050193 13.429859 -0.034586
v -11.500000 12.909620 4.332401
v -12.500000 12.909620 4.332401
v -13.000000 12.043595 4.332401
v -12.500000 11.177570 4.332401
v -13.572617 12.525000 -0.034603
v -11.517796 11.173733 4.346037
v -11.479118 5.867459 5.047736
v -13.050195 15.239585 -0.034603
v -11.500000 14.641671 3.744561
v -12.500000 14.641671 3.744561
v -13.000000 13.775646 3.744561
v -13.572617 14.334723 -0.034603
v 0.943866 17.338686 8.446498
v 0.532784 17.112263 -0.034603
v 0.471993 16.387989 8.441719
v -0.512061 17.112263 -0.034603
v -0.507200 16.405016 8.435469
v -1.041003 17.342388 8.554199
v -0.563500 18.264914 8.559928
v 0.475842 18.190247 8.404878
v 1.000000 15.567949 2.786795
v 0.923436 15.402886 9.042931
v 0.500000 16.433975 1.383235
v -0.500000 16.433975 1.383235
v 0.469768 16.369984 8.950060
v -0.507975 16.389315 8.918527
v -1.010294 15.524890 8.872414
v -0.542217 14.614736 8.897532
v 0.395465 14.516268 9.031952
v 0.532784 13.492817 -0.034603
v 0.841339 13.687290 8.288672
v -1.034483 14.397678 -0.034603
v -0.512061 13.492817 -0.034603
v 1.055206 12.587955 -0.034603
v 0.532784 11.683093 -0.034603
v 0.974656 12.115168 8.404479
v 0.433712 12.887962 8.397423
v -0.461623 12.934412 8.236835
v -0.910754 12.097181 8.180325
v -0.512676 11.219755 8.337907
v -0.512061 11.683093 -0.034603
v 0.501817 11.259575 8.409194
v 1.028886 10.427429 8.351159
v 0.500794 11.259295 8.177714
v -0.514554 11.219359 8.106580
v -1.135585 10.297707 8.271923
v -1.034483 10.778231 -0.034603
v 0.505891 9.558528 8.407361
v 1.055206 8.968508 -0.034603
v 1.089049 8.767313 8.498073
v -0.651714 9.435981 8.406007
v -1.301953 8.475017 8.558403
v -0.638650 7.714291 8.424097
v -1.034483 8.968508 -0.034603
v 0.557221 7.869263 8.424169
v 1.055205 7.158787 -0.034583
v 0.532784 6.253923 -0.034603
v 1.138786 7.062509 8.488144
v 0.557221 7.869262 8.424169
v -0.638650 7.714290 8.424097
v -1.102776 6.833261 8.337495
v -0.451175 6.082233 8.248818
v -0.512061 6.253923 -0.034603
v 0.619946 6.160965 8.402000
v 1.055206 5.349061 -0.034603
v 0.532784 4.444200 -0.034603
v 1.097804 5.282602 8.514175
v 0.619946 6.160964 8.402000
v -0.451175 6.082232 8.248818
v -0.969693 5.201297 8.166670
v -0.456801 4.328428 8.237569
v -0.512061 4.444200 -0.034603
v 0.560497 4.367355 8.395354
v 0.560497 4.367354 8.395355
v -0.456801 4.328427 8.237569
v -1.034483 3.539337 -0.034603
v 0.532784 0.824751 -0.034603
v 1.070333 1.713603 8.220581
v 0.532786 2.634471 -0.034561
v -0.512061 2.634476 -0.034603
v 0.603963 2.614364 8.229568
v -0.243911 2.619630 8.035195
v -0.887258 1.820973 8.034864
v -0.377351 0.979420 8.045702
v 0.678376 0.936329 8.086118
v 2.000000 15.567949 3.203239
v 2.334484 16.542082 9.546952
v 2.000000 17.300001 3.203239
v 1.000000 17.300001 3.160329
v 1.857507 17.460855 9.466380
v 0.940910 17.332184 9.359979
v 0.474280 16.369196 9.345918
v 0.939984 15.412413 9.431118
v 0.500000 16.433975 3.160329
v 1.000000 15.567949 3.203239
v 1.908551 15.483573 9.494637
v 2.374466 14.629452 9.315746
v 2.000000 15.567951 3.000000
v 1.000000 15.567951 3.000000
v 1.896521 15.478556 9.310222
v 0.931001 15.404977 9.244273
v 0.405590 14.525084 9.230195
v 0.885075 13.718885 9.221249
v 1.863913 13.777571 9.276534
v 2.381985 12.986937 8.308553
v 1.820571 13.759521 8.340851
v 0.975390 12.117575 8.170533
v 1.954859 12.139800 8.280938
v 2.483268 11.228476 8.461921
v 1.954859 12.139799 8.280938
v 0.975390 12.117574 8.170534
v -11.482925 1.688086 -0.034587
v 2.051380 10.420868 8.495626
v 2.622471 9.873371 -0.034581
v 2.612036 9.605717 8.634759
v 2.159441 8.816648 8.613201
v 2.622472 8.063647 -0.034603
v 2.686926 7.981979 8.504305
v 2.159407 8.816725 8.458703
v 1.089381 8.767421 8.343105
v 1.138447 7.062205 8.333287
v 2.166560 7.099832 8.479782
v 2.614837 6.197198 8.524238
v 2.166560 7.099831 8.479782
v 1.138447 7.062204 8.333285
v 0.619506 6.160594 8.246609
v 1.097911 5.282731 8.360400
v 2.071953 5.283725 8.481731
v 2.622473 4.444199 -0.034603
v 2.515640 4.364427 8.526790
v 2.100050 5.349061 -0.034603
v 2.071823 5.283282 8.632989
v 1.055206 3.539338 -0.034603
v 2.523247 2.572247 8.317629
v 2.100050 3.539337 -0.034603
v -12.005343 -4.645949 -0.034564
v 2.015538 3.475497 8.516619
v 1.033578 3.473495 8.489862
v 0.603963 2.614365 8.229568
v 1.070333 1.713604 8.220582
v 2.033015 1.612640 8.339789
v 2.545141 0.635368 8.465794
v 2.033015 1.612639 8.339790
v 1.085914 -0.166609 8.300393
v 2.059387 -0.215017 8.364807
v 3.850713 15.563632 8.332086
v 3.314003 16.527760 8.342859
v 3.362686 14.694298 8.336320
v 3.897153 13.873039 8.300117
v 3.667318 15.302535 -0.034569
v -9.915916 2.594908 -0.016583
v 1.820571 13.759521 8.340851
v 2.381986 12.986937 8.308553
v 2.100051 14.397678 -0.034603
v 3.407607 13.012128 8.316534
v 3.667318 11.683086 -0.034560
v 3.887513 12.055072 8.453795
v -10.425525 3.493115 0.167559
v 1.954859 12.139800 8.280938
v 2.483268 11.228476 8.461921
v 2.622473 11.683093 -0.034603
v 3.409460 11.129868 8.613745
v 4.189740 10.778231 -0.034603
v 3.946680 10.273733 8.699238
v 2.051381 10.420868 8.495627
v 3.579072 9.556075 8.680410
v 4.189740 8.968508 -0.034603
v 4.146963 8.789213 8.572919
v 3.579072 9.556076 8.680410
v 2.612036 9.605718 8.634759
v 2.687221 7.982066 8.658054
v 2.100053 8.968505 -0.034573
v 3.679932 7.966671 8.631479
v 4.189740 7.158785 -0.034603
v 4.129419 7.078557 8.460637
v 3.679576 7.966530 8.477582
v 2.686926 7.981979 8.504305
v 2.166561 7.099831 8.479782
v 2.614837 6.197198 8.524238
v 2.100050 7.158785 -0.034603
v 2.622473 6.253923 -0.034603
v 3.575636 6.184449 8.516138
v 4.189740 5.349061 -0.034603
v 4.010921 5.271617 8.404853
v 3.575635 6.184447 8.516139
v 2.614837 6.197197 8.524238
v 3.499643 4.364182 8.293551
v 4.003866 3.473938 8.194592
v 3.667317 4.444199 -0.034603
v 3.500007 4.364382 8.446401
v 2.515640 4.364426 8.526789
v 3.667317 0.824753 -0.034603
v 4.011400 1.664042 8.374655
v 2.622473 2.634475 -0.034603
v 3.517660 2.577101 8.363524
v 2.523472 2.572545 8.438720
v 2.032063 1.614283 8.460544
v 2.543686 0.640811 8.582548
v 2.100051 1.729614 -0.034603
v 2.622473 0.824753 -0.034603
v 3.528113 0.685865 8.551018
v 4.189740 -0.080110 -0.034603
v 4.016122 -0.171569 8.420561
v 3.528593 0.681891 8.433280
v 2.545141 0.635368 8.465794
v 2.059387 -0.215015 8.364807
v 2.568666 -0.978323 8.181188
v 3.528029 -1.023283 8.356649
v 3.850713 15.563634 8.332086
v 3.362687 14.694299 8.336320
v 3.897153 13.873040 8.300117
v 4.877459 13.860482 8.308828
v 5.757007 13.492817 -0.034603
v 5.234584 12.587955 -0.034603
v 5.234584 14.397678 -0.034603
v 4.877459 13.860481 8.308828
v 3.407607 13.012128 8.316534
v -9.752288 -2.751014 4.446607
v 4.872798 12.052016 8.392371
v 5.757007 11.683093 -0.034603
v 5.234584 10.778231 -0.034603
v 5.353555 11.115912 8.468849
v 4.872798 12.052015 8.392371
v 3.887513 12.055071 8.453795
v 3.409460 11.129868 8.613745
v 4.904724 10.254460 8.598692
v 5.234584 8.968508 -0.034603
v 5.474343 9.461254 8.465313
v -9.604417 -6.130941 4.211036
v -9.604421 -6.130936 4.211036
v 3.579073 9.556075 8.680410
v -9.604491 -6.130816 4.211019
v 3.667318 9.873369 -0.034603
v -9.617018 -6.105826 4.210547
v 5.083032 8.719744 8.449882
v 5.757007 8.063646 -0.034603
v 5.234584 7.158785 -0.034603
v 5.582752 7.871204 8.349792
v 3.679933 7.966671 8.631478
v 4.129861 7.078461 8.613507
v 5.094897 7.046901 8.463955
v 5.548307 6.163338 8.336602
v 5.094790 7.046884 8.408811
v 4.129752 7.078611 8.559108
v 3.575879 6.184186 8.613451
v 4.011197 5.271599 8.502791
v 3.667318 6.253923 -0.034603
v 5.021125 5.284312 8.373800
v 5.757007 4.444200 -0.034603
v 5.513728 4.386643 8.242815
v 5.234584 5.349061 -0.034603
v -9.943744 -6.803888 3.381140
v 5.021310 5.284384 8.428695
v 4.011441 5.271490 8.556703
v 3.500008 4.364383 8.446402
v 4.003866 3.473939 8.194592
v 5.009150 3.482625 8.135923
v 5.757007 2.634476 -0.034603
v 5.234584 1.729615 -0.034603
v 5.501418 2.584188 8.018729
v -9.497905 -6.142102 4.260049
v 5.009150 3.482624 8.135923
v 4.189740 1.729615 -0.034603
v 5.000703 1.707458 8.007306
v 5.757007 0.824751 -0.034603
v 5.234584 -0.080110 -0.034603
v 5.501841 0.819421 7.864264
v -9.505988 -6.161338 4.003960
v -8.870821 -6.455626 -0.033937
v 5.000452 -0.108563 7.977377
v 5.757007 -0.984971 -0.034603
v 5.234584 -1.889833 -0.034603
v 5.494943 -1.006552 8.113919
v 5.000563 -0.109485 8.056546
v 4.015735 -0.173778 8.156163
v 3.528978 -1.026163 8.092145
v 4.007649 -1.898928 8.147366
v 4.988422 -1.930250 8.223426
v 6.801851 13.492817 -0.034603
v 6.813344 13.685682 8.482697
v -9.538058 -6.141521 4.274168
v 6.315768 14.662615 8.489385
v 5.335737 14.707797 8.486796
v 4.874398 13.858814 8.450059
v 5.369600 12.939932 8.452223
v -8.577684 -6.093241 5.287973
v -8.577806 -6.093237 5.287967
v 6.326348 12.814951 8.471819
v 7.324273 12.587955 -0.034603
v 6.801851 11.683093 -0.034603
v 6.862514 11.934132 8.392757
v -9.520540 -6.069152 5.239687
v -8.577861 -6.093241 5.287896
v 4.873243 12.052188 8.527329
v 5.354594 11.116990 8.601798
v 6.368344 11.112527 8.444459
v 6.801851 9.873369 -0.034603
v 6.909125 10.266342 8.238857
v 6.367805 11.112212 8.308842
v -6.695897 4.342807 2.175892
v -6.695899 4.342810 2.175888
v -6.695894 4.342804 2.175931
v 6.447026 9.434401 8.298790
v 7.324273 8.968508 -0.034603
v 6.801851 8.063646 -0.034603
v 6.998497 8.628218 8.148376
v 5.474343 9.461255 8.465313
v -6.695879 4.342767 2.175787
v 6.537344 7.824505 8.198139
v 7.324273 7.158785 -0.034603
v 7.020286 6.959920 8.160995
v 5.548423 6.163455 8.391956
v 6.522180 6.124149 8.243658
v 7.324273 5.349061 -0.034603
v 6.801851 4.444200 -0.034603
v 7.005466 5.232717 8.155992
v 6.522180 6.124150 8.243658
v 5.548423 6.163455 8.391956
v -8.577643 -6.093230 5.288140
v 6.503697 4.362183 8.142111
v 6.801851 2.634476 -0.034603
v 6.999459 3.460312 8.043467
v 6.503697 4.362182 8.142111
v 5.513728 4.386642 8.242815
v -8.577643 -6.093230 5.288140
v -8.870798 -8.265372 -0.034453
v 6.499871 2.581581 8.010428
v 7.324273 1.729614 -0.034603
v 7.000632 1.704203 8.013167
v 6.499871 2.581580 8.010428
v 5.501418 2.584187 8.018729
v 5.000703 1.707457 8.007306
v 5.501911 0.818609 8.048348
v 6.502297 0.809008 8.065483
v 7.324273 -0.080109 -0.034603
v 6.801851 -0.984971 -0.034603
v 7.000089 -0.080354 8.107311
v 6.801851 0.824751 -0.034603
v 6.502297 0.809006 8.065483
v 5.501911 0.818607 8.048348
v 5.000702 -0.109610 8.161814
v 5.494974 -1.005965 8.217961
v -6.677515 2.488118 6.077440
v 6.494659 -0.977808 8.165878
v 6.989642 -1.801196 8.098227
v -6.677619 2.486333 6.180260
v -6.691564 2.486341 6.180888
v 4.988595 -1.928625 8.325520
v 8.369118 12.587950 -0.034575
v 8.438263 12.852787 8.247066
v 8.369118 14.397678 -0.034603
v -7.088418 -2.007934 6.339840
v -6.576260 -2.818219 6.293159
v 7.918388 11.966101 8.271556
v 8.891540 11.683093 -0.034603
v 8.467901 11.188209 8.048911
v 7.919396 11.968393 8.132951
v 7.963402 10.324214 8.078780
v 8.369118 8.968508 -0.034603
v 8.499878 9.504735 8.010404
v 8.891540 8.063646 -0.034603
v 8.369118 7.158785 -0.034603
v 8.503826 7.776809 8.111738
v 8.004253 8.643355 8.136652
v 6.998623 8.628430 8.248569
v 6.537471 7.824638 8.298362
v 7.020363 6.959992 8.261196
v 8.005111 6.923391 8.146427
v 8.891540 6.253923 -0.034603
v 8.504758 6.055986 8.123137
v 6.522228 6.124176 8.343712
v 7.005497 5.232742 8.256023
v 8.002004 5.198519 8.153785
v 8.509877 4.329413 8.021993
v -5.486172 -2.867677 6.333718
v -5.477817 -2.835788 6.093914
v 8.003174 5.200438 8.055325
v -5.473038 -2.844098 6.329798
v 6.999459 3.460313 8.043467
v 7.324273 3.539338 -0.034603
v 8.000010 3.446774 8.007973
v 8.891540 2.634476 -0.034603
v 8.499733 2.577209 7.999623
v 8.369117 3.539337 -0.034584
v -5.006309 -5.267769 7.012207
v 8.000010 3.446774 8.007973
v -5.006309 -5.267769 7.012207
v -5.006309 -5.267769 7.012207
v 7.000632 1.704204 8.013167
v -5.006309 -5.267769 7.012207
v 7.999999 1.711256 8.000427
v 8.369118 -0.080109 -0.034603
v 8.499823 0.844112 8.001497
v 8.369118 1.729614 -0.034603
v -5.396549 -11.325431 4.912448
v 7.999999 1.711255 8.000427
v -5.006309 -5.267769 7.012207
v -5.017978 -10.579839 5.386433
v -2.525547 2.503711 8.040571
v -2.525507 2.503724 8.040570
v 8.000931 -0.036976 8.029538
v 8.891540 -0.984971 -0.034603
v 8.499560 -0.887927 8.001877
v -2.516459 2.507229 8.040444
v -2.525182 2.504283 8.040557
v -2.525170 2.504364 8.040555
v -2.516465 2.507246 8.040450
v -2.510871 2.497596 8.039055
v -2.510610 2.497136 8.038983
v -2.514632 2.504212 8.039591
v 7.998037 -1.758410 8.011682
v 8.498899 -2.617594 7.998422
v -2.514956 2.504784 8.039616
v -2.516362 2.507261 8.040443
v 6.957638 -3.433851 7.973729
v 7.324273 -3.699558 -0.034603
v 7.995420 -3.478812 7.994810
v 9.936384 11.683093 -0.034603
v 9.999932 12.103729 8.136871
v -3.852909 -3.946227 7.183921
v 9.493926 12.954735 8.148700
v 8.438264 12.852787 8.247066
v 7.918389 11.966101 8.271556
v 8.467783 11.187997 8.185864
v -3.845495 -3.958747 7.181738
v 9.496697 11.232134 8.141836
v 10.458806 10.778231 -0.034603
v 9.936384 9.873369 -0.034603
v 10.000002 10.371798 8.000000
v -3.623842 -9.782978 6.232947
v 9.496730 11.232191 8.005021
v 8.467902 11.188209 8.048911
v 7.963403 10.324215 8.078780
v 8.499879 9.504735 8.010404
v -4.057501 -8.886815 6.134605
v 10.458806 8.968508 -0.034603
v 9.936384 8.063646 -0.034603
v 10.032207 8.640526 8.291966
v 9.501742 9.505815 8.263430
v 8.500089 9.505081 8.272145
v 8.004486 8.643749 8.298402
v 8.503898 7.776845 8.273770
v 10.458806 7.158785 -0.034603
v 9.936384 6.253923 -0.034603
v 10.053659 6.912461 8.412751
v -3.586409 -11.360246 5.409059
v 9.531239 7.774476 8.390988
v 8.503868 7.776845 8.373672
v 8.005155 6.923053 8.407380
v 8.501475 6.050182 8.380029
v -4.039729 -10.722610 5.460547
v 9.525830 6.059115 8.389732
v 10.458806 5.349061 -0.034603
v -2.035776 1.659627 8.054317
v 8.003175 5.200438 8.055324
v 8.509878 4.329412 8.021993
v 9.527546 4.355646 8.036375
v 9.936384 2.634476 -0.034603
v 10.052091 3.529772 6.068620
v -2.036665 1.661157 8.054293
v 8.561324 4.360771 6.044796
v -2.495497 -2.746916 7.665795
v 9.511271 2.596580 6.014479
v 9.971330 1.673021 8.127755
v -2.495497 -2.746916 7.665795
v -2.495497 -2.746916 7.665795
v 9.493716 2.569108 8.159239
v 8.499725 2.577198 8.167682
v 7.999997 1.711282 8.168444
v 8.499810 0.844163 8.169449
v -2.495497 -2.746916 7.665795
v 8.891540 0.824752 -0.034603
v 9.493693 0.837052 8.159210
v 10.458806 -0.080109 -0.034603
v 9.994761 -0.023884 8.161179
v 9.936384 0.824751 -0.034603
v -1.118133 -3.732606 7.486288
v 9.493693 0.837050 8.159210
v 8.499810 0.844161 8.169449
v 8.000925 -0.036636 8.196998
v 8.499673 -0.887834 8.169923
v -1.094874 -3.732603 7.488950
v -2.031518 -6.941686 6.198631
v 9.493605 -0.886676 8.160171
v 10.458806 -1.889833 -0.034603
v 9.936384 -2.794694 -0.034603
v 9.971816 -1.753161 7.965202
v -2.071235 -8.832865 6.336003
v 8.499561 -0.887927 8.001877
v 7.998038 -1.758410 8.011682
v 8.498900 -2.617594 7.998422
v -2.079324 -14.599415 -0.034499
v 9.490184 -2.622304 7.993798
v 10.458800 -3.699560 -0.034556
v 9.979811 -3.514281 8.023391
v 9.490184 -2.622306 7.993798
v 8.498900 -2.617595 7.998422
v 8.489739 -4.370117 8.022618
v 9.475714 -4.396746 8.048325
v 11.497039 11.208780 7.043568
v 10.995542 12.079313 7.034292
v 10.013306 12.066465 6.992902
v -2.028736 -15.685766 5.131938
v 11.453455 9.504624 8.237522
v -2.028736 -15.685767 5.131938
v -2.028730 -15.685756 5.131937
v 11.000008 10.371798 8.261806
v 10.000002 10.371798 8.261800
v -2.028734 -15.685763 5.131938
v -2.028731 -15.685759 5.131938
v 11.040104 8.663148 8.296820
v 11.503651 7.158785 -0.034603
v 11.580794 7.775673 8.682055
v -3.491567 -14.794459 4.205668
v -3.505595 -14.794538 4.206398
v 10.939414 8.736615 8.523726
v 10.030657 8.640488 8.635090
v 9.529878 7.774443 8.634359
v 10.050255 6.909704 8.653622
v -3.893231 -20.870152 2.685045
v 11.079223 6.909640 8.680587
v 12.026073 6.253923 -0.034603
v 11.503651 5.349061 -0.034603
v 11.557775 6.052343 8.177004
v -3.494701 -16.489557 4.087190
v 11.084319 6.913227 8.200232
v 10.056091 6.916709 8.175128
v 9.532885 6.071083 8.158289
v 10.036656 5.227099 8.166922
v -5.010515 -17.371099 4.127493
v 10.995205 5.282014 8.114622
v 12.026073 4.444199 -0.034603
v 11.566564 4.334897 5.908933
v -3.820230 -17.058208 4.062719
v -4.019106 -17.399202 4.096808
v 11.013555 5.156136 5.821173
v -3.797386 -17.014603 4.092746
v 11.463893 2.543445 6.102873
v -4.158781 -18.171831 0.025622
v 11.037386 3.496769 6.224085
v 10.052238 3.530424 6.240448
v 9.511237 2.596561 6.186169
v 10.963688 1.689999 6.097133
v 11.503651 -0.080109 -0.034603
v 11.482644 0.822980 8.143457
v 11.503651 1.729614 -0.034603
v -5.374673 -20.413218 3.193119
v 10.910333 1.584650 8.045445
v -3.502019 -16.527891 3.891324
v -5.736099 -20.912010 -0.033638
v -5.422111 -20.436302 2.878928
v -5.736008 -20.911655 -0.032178
v 10.955591 0.033875 8.113700
v 12.026073 -0.984971 -0.034603
v 11.503651 -1.889833 -0.034603
v 11.492140 -0.879116 6.986792
v 10.995825 -0.019840 6.992748
v -5.010515 -17.371098 4.127493
v -5.474037 -13.184442 4.586257
v 10.908148 -1.755241 6.886690
v 11.503651 -3.699556 -0.034603
v 11.477903 -2.620709 7.973094
v -5.472524 -13.187206 4.586423
v -5.474058 -13.184400 4.586277
v 10.950904 -1.753691 7.939397
v -5.474043 -13.184429 4.586268
v -5.064970 -13.922621 4.676363
v 10.976763 -3.509342 8.005949
v 12.026073 -4.604418 -0.034603
v 11.437934 -4.490023 7.048662
v 10.936705 -3.561945 6.997531
v 9.963037 -3.536997 7.028140
v 9.472092 -4.441498 7.110736
v 9.999749 -5.367657 7.193346
v 10.982936 -5.381916 7.139754
v 13.593339 10.778231 -0.034603
v 13.070915 9.873367 -0.034584
v 12.854792 10.324132 4.378640
v 13.070917 11.683093 -0.034603
v 12.447009 11.133780 4.557696
v -7.926571 -15.652330 4.031137
v 12.491093 9.474029 4.487530
v 13.593339 8.968508 -0.034603
v 13.070917 8.063646 -0.034603
v 13.001145 8.637877 4.004519
v 12.507779 9.476569 4.057610
v 11.505957 9.470411 4.065315
v 13.593339 7.158785 -0.034603
v 13.005242 6.901798 4.503231
v 12.500278 7.772314 4.492429
v -7.998792 -12.174157 5.003508
v -7.998782 -12.174149 5.003508
v 12.550098 5.988576 4.585873
v 13.593339 5.349061 -0.034603
v 13.070917 4.444199 -0.034603
v 13.136595 5.074258 4.697693
v -7.009239 -12.202337 5.016667
v -7.009217 -12.202335 5.016667
v 12.606466 4.164833 4.649147
v 13.593339 3.539337 -0.034603
v 13.139536 3.352005 4.693102
v -7.001145 -12.197489 5.016086
v -7.001183 -12.197421 5.016075
v -7.003224 -12.193587 5.016327
v -10.001613 -17.371351 3.645653
v -9.484452 -16.495958 3.847609
v 13.593339 1.729614 -0.034603
v 13.080631 1.608804 6.060454
v -9.484452 -16.495958 3.847609
v -10.001613 -17.371351 3.645653
v 12.481344 2.483801 5.947881
v 11.466846 2.539761 5.934247
v 10.966270 1.688230 5.927127
v -10.429750 -18.182920 -0.029707
v 13.593339 -0.080109 -0.034603
v 13.070917 -0.984971 -0.034603
v 13.072973 -0.028143 7.080089
v -9.922658 -17.298363 0.300661
v 12.554194 0.814141 7.051349
v -10.437988 -18.197269 -0.033825
v 12.547109 -0.877225 7.050175
v 13.031651 -1.743499 6.261972
v 12.576933 -0.889005 6.313317
v 12.491822 -2.622825 6.217664
v 13.593337 -3.699557 -0.034589
v 13.070917 -4.604418 -0.034603
v 12.989453 -3.501032 5.982038
v 12.492783 -2.623604 5.989710
v 11.475597 -2.628871 5.971538
v 10.929586 -3.578477 5.983168
v 11.426305 -4.530444 6.033584
v -11.483247 -18.197994 -0.009645
v -11.035105 -17.421583 3.668451
v 12.469884 -4.422601 5.999485
v 13.070917 -6.414143 -0.034603
v 12.886668 -5.297207 4.822924
v -0.978943 -17.566353 4.493186
v 11.472232 -4.440876 5.005437
v 11.032029 -5.336452 5.115522
v 11.481497 -6.089673 4.978564
v 12.276810 -5.990862 4.625629
v 15.160606 6.253922 -0.034603
v 14.638184 5.349061 -0.034603
v 14.558954 6.031350 3.788720
v 14.638184 7.158785 -0.034603
v 14.002495 6.906881 3.722375
v 13.005367 6.904297 3.728616
v 11.139173 -6.787643 4.175869
v 15.160606 4.444199 -0.034603
v 14.638184 3.539337 -0.034603
v 14.704798 4.267758 4.248682
v 11.139802 -6.786670 4.175888
v 9.999116 -10.075890 3.933292
v 14.180703 5.119833 4.236307
v 13.154223 3.349946 4.215129
v 10.007012 -10.086864 3.932745
v 9.982293 -10.052485 3.936466
v 14.188861 3.392819 4.239362
v 15.160606 2.634476 -0.034603
v 14.638184 1.729614 -0.034603
v 14.579599 2.567996 4.089650
v 10.007013 -10.086865 3.932745
v 12.570354 2.531859 4.100601
v 14.032581 1.697155 4.031359
v 15.160606 0.824751 -0.034603
v 14.638184 -0.080109 -0.034603
v 14.523928 0.825038 4.693680
v 14.055895 1.676886 4.721230
v 13.093419 1.630940 4.752864
v 14.041273 -0.054516 4.715686
v 15.160606 -0.984971 -0.034603
v 14.638184 -1.889833 -0.034603
v 14.493182 -0.895193 4.661896
v 5.449734 -2.728457 8.259899
v 12.997848 -1.757257 4.665807
v 5.576444 -11.222182 6.032141
v 13.973464 -1.766351 4.637824
v 15.160606 -2.794694 -0.034603
v 14.638184 -3.699557 -0.034603
v 14.470812 -2.635495 4.230546
v 5.576443 -11.222182 6.032141
v 13.947422 -1.779023 4.204207
v 5.576439 -11.222178 6.032055
v 5.576439 -11.222178 6.032066
v 13.988032 -3.512933 4.235654
v 15.160606 -4.604418 -0.034603
v 14.638184 -5.509280 -0.034603
v 14.496286 -4.365761 4.459930
v 13.988979 -3.513180 4.443602
v 12.921595 -5.318975 4.342174
v 13.593342 -5.509278 -0.034571
v 13.991955 -5.238705 4.451798
v 15.160606 -6.414143 -0.034603
v 14.638184 -7.319003 -0.034603
v 14.494417 -6.090027 4.258065
v 4.010105 -1.877234 8.147416
v 13.991367 -5.239019 4.243841
v 12.473126 -6.117639 4.223239
v 12.932073 -6.855371 4.141527
v 4.010105 -1.877234 8.147416
v 13.961780 -6.939146 4.207567
v 15.160606 13.471387 -0.034603
v 14.638184 12.566526 -0.034603
v 14.500937 12.947835 4.003694
v 14.638184 14.376248 -0.034603
v 14.000178 13.815098 4.000700
v 12.969133 12.009795 4.088310
v 13.070917 13.471387 -0.034603
v 13.593339 12.566525 -0.034603
v 13.958815 12.061564 3.999779
v 15.160606 15.281112 -0.034603
v 14.500001 14.681416 4.000000
v 14.638184 16.185970 -0.034603
v 13.593339 16.185970 -0.034603
v 14.000001 15.547440 4.000000
v 13.593335 14.376245 -0.034578
v 14.000178 13.815100 4.000700
v 13.070917 11.661662 -0.034603
v 12.833763 11.982527 4.372412
v 12.026073 13.471387 -0.034603
v 12.501475 12.864356 4.530326
v 11.505227 12.854371 4.556957
v 11.015862 11.930780 4.575393
v 11.512813 11.078474 4.633742
v 11.503651 12.566525 -0.034603
v 12.447160 11.113728 4.557221
v 2.525909 -13.032455 5.849667
v 2.525909 -13.032455 5.849667
v 12.999225 13.809789 6.008140
v 12.026072 15.281106 -0.034568
v 12.500001 14.681414 6.000000
v 11.498387 14.679353 5.998228
v 10.986717 13.789393 6.005758
v 11.495732 12.897330 6.079218
v 12.492452 12.907784 6.060912
v 13.000001 15.547440 4.254385
v 13.070917 17.090834 -0.034603
v 12.026073 17.090834 -0.034603
v 12.500001 16.413465 4.254385
v 11.503651 16.185970 -0.034603
v 12.499945 14.681220 4.254631
v 13.593339 17.995697 -0.034603
v 13.000001 17.279491 3.722176
v 13.070917 18.900555 -0.034603
v 12.026073 18.900555 -0.034603
v 12.500001 18.145515 3.722176
v 11.500001 18.145515 3.722176
v 11.503651 17.995697 -0.034603
v 3.667314 -10.012152 -0.034457
v 11.440649 12.939335 7.174924
v 10.994158 13.808435 7.192798
v 9.959688 13.764021 7.143046
v 9.493327 12.939704 7.195564
v 10.047299 11.993820 7.149205
v 10.458806 12.566525 -0.034603
v 10.967295 12.071439 7.187540
v 2.598244 -0.978859 8.027055
v 2.570252 -0.978452 8.021623
v 11.498790 14.679230 5.610308
v 2.598241 -0.978859 8.027055
v 10.998525 15.545669 5.607814
v 9.936384 15.281112 -0.034603
v 4.006960 -1.878764 8.250353
v 11.500001 16.413465 4.532959
v 10.458806 17.995697 -0.034603
v 11.000002 17.279491 4.532959
v 10.000002 17.279491 4.532959
v 9.936384 17.090834 -0.034603
v 3.940898 -1.985273 8.233439
v 4.005025 -1.881883 8.249857
v 9.942708 13.743280 6.918715
v 8.891540 15.281109 -0.034603
v 9.398088 14.524317 6.849886
v 8.457182 14.622650 7.003828
v 7.947677 13.747143 7.090375
v 8.475390 12.895790 7.042985
v 9.492109 12.938897 6.991348
v 4.007840 -1.877346 8.250578
v 4.004942 -1.882017 8.249836
v 9.977057 15.515450 5.965649
v 4.007840 -1.877346 8.250578
v 8.891540 17.090834 -0.034603
v 9.499076 16.411982 5.998573
v 8.498072 16.410524 6.008358
v 7.997548 15.543249 6.002496
v 8.369118 16.185970 -0.034603
v 3.942289 -1.983031 8.233795
v 10.000002 17.279491 4.265866
v 9.936384 18.900557 -0.034603
v 8.891534 18.900555 -0.034567
v 9.500002 18.145515 4.265866
v 8.498425 18.143194 4.273583
v 8.499740 16.413080 4.267148
v 8.369118 17.995697 -0.034603
v 3.940898 -1.985273 8.233439
v 9.500002 16.413465 4.265866
v 10.458806 19.805420 -0.034603
v 10.000002 19.011541 4.000000
v 9.936384 20.710281 -0.034603
v 9.500002 19.877567 4.000000
v 8.499930 19.877462 4.000348
v 8.369118 19.805420 -0.034603
v 10.458806 21.615143 -0.034603
v 10.000002 20.743593 3.459736
v 9.936384 22.520004 -0.034603
v 8.891540 22.520004 -0.034603
v 9.500002 21.609617 3.459736
v 8.500002 21.609617 3.459736
v 8.500002 19.877567 3.459736
v 8.369118 21.615143 -0.034603
v 9.500002 19.877567 3.459736
v 8.500001 14.681416 2.722291
v 8.000001 13.815388 1.644849
v 8.428267 14.629776 8.845912
v 8.000001 15.547440 2.176878
v 7.000001 15.547440 2.176878
v 7.924098 15.540070 8.847337
v 6.870712 15.555293 8.950707
v 6.310999 14.636183 9.077450
v 6.816098 13.664491 9.059833
v 7.000001 13.815388 1.644849
v 7.879315 13.679378 8.934649
v 8.492595 16.424004 8.012620
v 7.995857 17.278257 8.014936
v 6.986298 17.282608 8.044888
v 6.446129 16.454460 8.120892
v 6.881847 15.555708 8.215616
v 6.801851 17.090834 -0.034603
v 7.324273 16.185970 -0.034603
v 7.933615 15.540347 8.110451
v 8.496753 18.140734 5.015903
v 7.324273 19.805420 -0.034603
v 7.994968 19.004131 5.024643
v 6.989910 18.996683 5.049407
v 6.989984 17.264757 5.049268
v 7.994980 17.272099 5.024584
v 8.499929 19.877462 4.000348
v 7.324273 21.615143 -0.034603
v 8.000001 20.743593 4.000000
v 6.999445 20.742775 4.002721
v 6.994789 19.003866 4.025520
v 6.801851 20.710281 -0.034603
v 7.998002 19.008598 4.009787
v 2.619114 -13.625582 -0.031734
v 2.114426 -12.736828 0.168162
v 2.100055 -12.726488 -0.030042
v 6.987291 17.290751 8.684299
v 6.499368 18.144583 2.654864
v 5.499238 18.144392 2.655497
v 6.495207 18.139654 8.675982
v 5.483963 18.150230 8.694766
v 4.914333 17.310898 8.783749
v 5.414610 16.450491 8.828636
v 4.999706 17.279057 2.653209
v 6.441737 16.462204 8.769290
v 2.622417 -13.631285 -0.031487
v 6.801851 18.900558 -0.034603
v 6.987537 18.993189 6.061028
v 6.490220 19.863173 6.047859
v 5.398390 19.865444 5.992401
v 5.234584 19.805420 -0.034603
v 2.622425 -13.631330 -0.031915
v 6.999051 20.742195 4.240833
v 6.801851 22.520004 -0.034603
v 5.757007 22.520004 -0.034603
v 6.500001 21.609617 4.236182
v 5.500001 21.609617 4.236182
v 4.998721 20.741709 4.242449
v 5.494776 19.870066 4.261050
v 2.100037 -12.726676 -0.033704
v 6.495280 19.870617 4.259295
v 7.324273 23.424866 -0.034603
v 7.000001 22.475643 4.000000
v 6.801851 24.329731 -0.034603
v 5.757007 24.329731 -0.034603
v 6.500001 23.341669 4.000000
v 5.500001 23.341669 4.000000
v 5.500001 21.609617 4.000000
v 5.234584 23.424866 -0.034603
v 6.500001 21.609617 4.000000
v 5.000001 15.547440 3.000000
v 5.422529 16.456945 9.160232
v 4.998786 17.277700 3.005947
v 4.924248 17.329803 9.125994
v 3.830192 17.443151 9.264373
v 3.295503 16.550207 9.364882
v 3.853730 15.570379 9.313942
v 4.000001 15.547440 3.000000
v 4.872135 15.576118 9.272024
v 5.482700 18.124962 7.082036
v 4.189740 19.805420 -0.034603
v 4.982491 18.994568 7.058000
v 3.985209 19.002935 7.036854
v 3.476844 18.162334 7.066994
v 3.942951 17.281780 7.129008
v 1.055212 -12.726707 -0.034084
v 5.453639 19.863878 5.680357
v 4.189740 21.615143 -0.034603
v 4.995005 20.737930 5.672616
v 3.996819 20.741199 5.661364
v 4.913685 18.992184 5.673975
v 2.016512 -12.235717 6.150587
v 2.016512 -12.235717 6.150587
v 2.041784 -12.193092 6.151678
v 4.189740 23.424866 -0.034603
v 5.000001 22.475643 4.236182
v 4.000001 22.475643 4.236182
v 3.999779 20.743267 4.237267
v 3.999805 17.279203 3.000959
v 3.830192 17.443153 9.264373
v 3.499986 18.145494 3.000073
v 2.500000 18.145515 3.000000
v 3.374195 18.315260 9.192287
v 2.369962 18.325537 9.206007
v 1.851233 17.446478 9.275818
v 2.326441 16.522474 9.359434
v 3.295502 16.550207 9.364882
v 3.934635 19.049709 5.961988
v 3.511077 19.868816 5.984456
v 2.460675 19.835766 5.947648
v 2.100050 19.805418 -0.034590
v 3.485803 18.140564 6.040876
v 2.616278 -0.974273 -0.034452
v 2.527413 -1.039863 7.226024
v 3.998416 20.742062 5.004754
v 3.500000 21.609617 5.000000
v 2.499979 21.609589 4.999974
v 2.188457 -1.599268 6.538897
v 2.100059 -1.868390 -0.034452
v 4.000001 22.475643 4.000000
v 3.667317 24.329731 -0.034603
v 2.622473 24.329731 -0.034603
v 3.500000 23.341669 4.000000
v 2.500000 23.341669 4.000000
v 2.622472 18.900555 -0.034603
v 1.055206 19.805420 -0.034603
v 1.987406 19.023308 7.418419
v 0.994312 19.008110 7.437031
v 0.476605 18.187244 7.563984
v 0.973552 17.306490 7.533480
v 2.622472 20.710281 -0.034596
v 2.445021 19.817558 7.055774
v 1.055206 21.615143 -0.034603
v 1.923246 20.612740 7.001295
v 1.005746 20.608107 7.013590
v 0.493487 19.868128 7.147108
v 0.996556 19.005375 7.159659
v 0.532784 20.710281 -0.034603
v 1.989994 19.014492 7.135967
v 2.622473 22.520004 -0.034601
v -0.657954 -9.831247 6.298491
v 2.489429 21.593695 6.984595
v 1.999921 22.474949 6.999393
v 1.000082 22.474167 6.998707
v 0.501391 21.592646 6.985348
v 1.003629 20.607010 6.882290
v 0.532784 22.520004 -0.034603
v -0.649483 -9.838120 6.298507
v 2.500000 23.341669 4.000000
v 2.100050 25.234589 -0.034603
v 1.055206 25.234589 -0.034603
v 2.000000 24.207693 4.000000
v 1.000000 24.207693 4.000000
v 1.000000 22.475645 4.000000
v 0.532784 24.329731 -0.034603
v 2.000000 22.475645 4.000000
v 2.622472 26.139454 -0.034603
v -0.639881 -9.860600 6.298420
v 2.500000 25.073721 4.000000
v 2.100050 27.044315 -0.034603
v 1.055206 27.044315 -0.034603
v 2.000000 25.939745 4.000000
v 1.000000 25.939745 4.000000
v 1.000000 24.207695 4.000000
v 2.000000 24.207695 4.000000
v 0.372692 -11.518502 6.293282
v -0.512061 20.710281 -0.034603
v 0.493855 19.867563 7.015085
v -0.579315 19.989853 7.186203
v -1.178173 19.312384 7.478509
v -0.624216 18.364168 7.439917
v 0.481525 18.180883 7.147550
v 1.076106 -0.140002 8.137226
v 0.993159 20.700888 6.205617
v -0.512061 22.520004 -0.034603
v 0.500431 21.603104 6.237957
v -0.507160 21.617502 6.251750
v -1.036976 20.799784 6.306644
v -0.545175 19.952078 6.364952
v -1.034483 21.615143 -0.034603
v 1.043526 -0.080293 0.061489
v 0.498730 19.871065 6.247285
v 1.020307 -0.251076 7.205441
v -2.040052 1.669726 8.054018
v 1.000010 22.475454 5.999834
v 0.628168 -0.895243 6.848346
v -0.512061 24.329731 -0.034603
v 0.500000 23.341669 6.000000
v -0.501291 23.343134 6.001483
v -1.041861 22.509359 6.041516
v -2.026664 1.671082 8.052787
v -5.010515 -17.371099 4.127493
v -5.010515 -17.371099 4.127493
v 1.000000 24.207693 5.000000
v -0.512061 26.139446 -0.034575
v 0.500000 25.073719 5.000000
v -0.500000 25.073719 5.000000
v -1.000000 24.207693 5.000000
v 0.532784 27.949177 -0.034603
v -0.512061 27.949177 -0.034603
v 0.500000 26.805771 3.776646
v -0.500000 26.805771 3.776646
v -1.000000 25.939745 3.776646
v -0.500000 25.073721 3.776646
v -1.034483 27.044315 -0.034603
v -5.081498 -0.104453 7.106532
v -5.145443 -0.216029 7.134136
v -5.145582 -0.216337 7.134212
v -5.523198 -1.049669 7.269011
v -5.121508 -1.823537 5.672677
v -5.003025 -1.972332 6.893610
v -5.496484 -1.095730 7.273423
v 1.050684 -0.067915 0.062836
v 1.083191 -0.159176 8.139315
v 1.049020 -0.069397 -0.034603
v -0.988412 -0.091441 8.099035
v -1.007103 -0.057659 8.092604
v -1.007594 -0.056810 8.092442
v -1.016308 -0.090163 -0.034603
v -0.385518 0.985446 7.885874
v -0.402232 0.957441 7.891634
v -0.510143 0.776634 7.928821
v -0.518246 0.835465 -0.034603
v 1.080538 -0.151998 8.139816
v -0.345580 0.975826 7.888297
v 0.686383 0.914732 7.913570
v 1.073193 -0.132119 8.136367
v 0.675208 0.933901 7.909440
v -0.377887 0.976371 7.886426
v -0.380003 0.976375 7.886639
v -0.384211 0.926575 7.894311
v -0.705230 0.385670 8.005377
v -0.359525 0.976391 7.887439
v 1.054224 -0.080568 7.599666
v 0.737971 0.775580 6.801834
v 0.563348 0.791856 0.412890
v 1.034440 -0.024099 0.412901
v 0.569997 -1.046493 7.801787
v 1.038080 -1.811853 7.638212
v -0.488355 -1.064226 7.949057
v -0.496819 -1.066952 7.949315
v -0.503121 -1.077657 7.949897
v -0.491770 -1.100191 7.950729
v -0.984613 -1.921866 7.995573
v -0.975288 -1.939545 7.996219
v -0.474941 -1.093087 7.950141
v -0.473749 -1.090671 7.949852
v -0.473633 -1.090872 7.949841
v -0.491678 -1.058212 7.948479
v -0.991921 -1.908022 7.993079
v -0.527066 -1.118293 7.948997
v -0.530234 -0.995021 -0.034603
v -0.991794 -1.908241 7.993120
v -1.016308 -1.899886 -0.034603
v -0.461310 -2.797342 7.563441
v 0.311867 -2.736754 7.666669
v 0.500454 -2.722380 7.633886
v 1.007632 -3.546114 7.599463
v 0.485673 -4.434139 7.320949
v 0.518286 -2.751311 7.602242
v 0.637996 -2.945580 7.624550
v 1.007233 -3.545466 7.599529
v -0.530686 -2.858158 7.810067
v -0.530352 -2.852274 7.810305
v -0.525354 -2.861736 7.809517
v -0.534760 -2.866669 7.809985
v -1.058404 -3.696934 7.811229
v -1.056397 -3.700420 7.810927
v -0.541128 -2.831857 7.809643
v -1.073273 -3.671063 7.808050
v -0.577343 -2.888991 7.807148
v -0.549697 -2.845384 7.808124
v -0.530234 -2.804745 -0.034603
v -0.588208 -4.511144 7.422652
v -0.588590 -4.510480 7.422679
v -1.016308 -3.709610 -0.034603
v -0.544859 -4.511183 7.418587
v 1.012519 -5.258152 7.281537
v 1.016595 -5.260287 7.066609
v 0.906384 -5.505794 5.470793
v 0.606474 -5.977788 5.918347
v 1.013774 -5.264901 7.066564
v 0.509293 -6.092316 7.033014
v 0.507494 -6.095428 7.033130
v 0.487199 -4.431573 7.320773
v 1.012233 -5.252734 7.066581
v 1.014663 -5.256940 7.066676
v 1.011028 -5.255828 7.281708
v 0.507758 -4.472407 7.319368
v 1.006963 -5.249490 7.282511
v -0.613634 -4.543509 7.420997
v -0.608280 -4.560549 7.419023
v -0.611542 -4.539976 7.421239
v -0.775432 -4.875064 7.396508
v -0.594666 -4.569032 7.417467
v -0.613443 -4.578738 7.417485
v -1.080157 -5.331678 7.359572
v -0.643738 -4.594446 7.414557
v -0.619543 -4.553537 7.418795
v -0.530234 -4.614469 -0.034603
v -1.079628 -5.332593 7.359593
v -1.060478 -5.357726 7.360566
v -1.061488 -5.366476 7.123266
v -0.503312 -6.103438 7.047428
v -0.505293 -6.104997 6.949397
v -0.648248 -6.138342 1.739619
v -0.617564 -6.020189 5.471278
v -0.504849 -6.101427 7.047180
v -0.972180 -5.533289 5.959772
v -0.900133 -5.702064 1.739628
v -0.472493 -6.103472 7.046568
v -0.498043 -6.103427 7.047706
v 1.016369 -7.025835 6.035904
v 0.577630 -7.866103 6.121552
v 0.517600 -7.969619 6.132473
v 0.517600 -7.969620 6.132451
v 0.501926 -7.996686 6.134391
v -0.518514 -6.127141 7.048585
v -0.498397 -6.154235 7.051894
v -0.975644 -7.044800 7.100353
v -0.539924 -6.167432 7.050787
v -0.501181 -6.156794 7.051959
v -0.973668 -7.048859 7.100794
v -0.497862 -6.154963 7.051930
v -0.497874 -6.154941 7.051929
v -0.990237 -7.014894 7.095596
v -0.517661 -6.132869 6.786173
v -0.548034 -6.182739 7.049998
v -0.517637 -6.132691 6.790934
v -0.530233 -6.424191 -0.034603
v -0.990129 -7.015079 7.095628
v -0.511391 -8.028066 6.167010
v -0.517243 -8.016024 6.166382
v -0.533543 -7.982569 6.161420
v -1.016308 -7.329056 -0.034603
v -0.360885 -8.028228 6.161261
v 0.944799 -8.821185 6.020160
v 0.362128 -9.813416 6.162124
v 0.939337 -8.811732 6.019633
v -0.555508 -8.017893 6.161428
v -0.521384 -8.076735 6.170882
v -0.987235 -8.822614 6.170770
v -1.019605 -8.878665 6.171113
v -0.523064 -8.101361 6.172708
v -0.514668 -8.088352 6.171447
v -0.530234 -8.233915 -0.034603
v -1.014068 -8.886326 5.768405
v -1.016308 -9.138780 -0.034603
v 0.381633 -11.519586 6.294406
v 1.054869 -10.916679 -0.024118
v 0.854756 -10.711360 6.219573
v 0.848087 -10.699794 6.218862
v -0.658722 -9.830000 6.298494
v -0.657293 -9.833382 6.298064
v -0.635996 -9.870261 6.292643
v -1.123429 -10.684277 6.295495
v -1.127216 -10.690836 6.295500
v -0.635872 -9.873652 6.292379
v -0.634940 -9.872089 6.292591
v -0.658529 -9.831210 6.277328
v -0.530233 -10.043639 -0.034603
v -1.125640 -10.707252 6.026051
v -0.622020 -11.388311 5.431857
v -1.009624 -10.918008 4.880096
v -1.016308 -10.948504 -0.034603
v -0.934334 -11.079124 1.292668
v 0.370496 -11.518236 6.293005
v 0.964447 -12.258465 6.148433
v 1.055200 -12.726715 -0.034167
v 0.388647 -11.528143 6.292731
v 0.532769 -11.821858 -0.033991
v 1.055202 -12.726740 -0.034565
v 0.957239 -12.249630 6.149220
v 0.385319 -11.534003 6.290233
v 0.405882 -11.569663 6.281810
v 0.933664 -12.220646 6.153351
v -0.614882 -11.462763 6.149844
v -0.611892 -11.466136 6.149724
v -0.757972 -11.766218 6.038617
v -0.926036 -12.053658 5.925333
v -0.587593 -11.417319 6.156837
v -0.593580 -11.427587 6.152097
v -0.582750 -11.427188 5.952305
v -0.530233 -11.853362 -0.034603
v -0.723715 -12.847323 2.877620
v -0.723932 -12.839533 2.922545
v -0.727946 -12.831644 2.935842
v -0.728649 -12.838776 2.877620
v 1.008392 -13.971889 5.003466
v 0.998350 -13.989262 5.003798
v 0.512942 -14.809646 5.170079
v 0.518728 -14.816820 5.035697
v 0.490185 -14.848712 5.172808
v 0.970949 -13.906997 5.003866
v 0.998586 -13.954917 5.003323
v -0.432082 -12.861866 5.875814
v -0.413860 -12.889283 5.875140
v -0.413108 -12.890589 5.875130
v -0.872867 -13.690932 6.047585
v -0.571523 -13.104982 5.928158
v -0.434409 -12.885986 5.679473
v -0.437251 -12.907102 5.521704
v -1.046589 -13.934153 6.097727
v -0.530234 -13.663086 -0.034603
v -1.029471 -13.963858 6.103403
v -0.573097 -14.848923 5.247283
v -0.545878 -14.897209 5.245282
v -0.578115 -14.852407 5.112624
v -0.571587 -14.863972 5.112327
v -1.026989 -14.061268 5.114969
v -0.398662 -14.898016 5.237445
v -0.386198 -14.897297 5.236787
v 0.989039 -15.629572 5.026067
v 0.987273 -15.632648 5.026064
v 0.479223 -16.512871 5.055387
v 0.475142 -16.530525 4.990542
v 0.479618 -16.522776 4.990520
v 0.789237 -15.536936 2.895683
v 0.729701 -15.442566 2.843364
v 0.982760 -15.618647 5.026500
v 0.987248 -15.626465 5.026116
v -1.057328 -15.708557 5.136099
v -0.562640 -16.543818 5.036742
v -0.548064 -16.568169 5.035703
v -0.548771 -16.566982 5.035786
v -1.044971 -15.729877 5.136830
v -0.518247 -17.240345 -0.034603
v -1.016309 -16.377674 -0.034603
v -0.508439 -16.568340 5.034419
v -0.462377 -16.566473 5.033033
v 2.564174 -0.968592 7.850580
v 2.616288 -0.974258 -0.034603
v 2.065187 -0.202365 8.036450
v 2.106236 -0.069397 -0.034603
v 1.440240 -0.136388 5.388253
v 1.764678 -0.156505 5.654154
v 2.561112 -0.964015 7.853102
v 1.125587 -0.163170 7.968983
v 1.126230 -0.163171 7.969037
v 2.082180 -0.246182 8.024811
v 2.550462 -0.948034 7.854879
v 2.060989 -0.209702 8.033908
v 2.060990 -0.209701 8.033909
v 2.060989 -0.209701 8.033909
v 1.083601 -0.160217 7.971512
v 1.092216 -0.163180 7.969973
v 1.084700 -0.163192 7.971070
v 1.050776 -0.068162 0.060865
v 1.045260 -1.823211 7.738072
v 1.045045 -1.822859 7.738027
v 1.045285 -1.823253 7.738072
v 1.056349 -1.823262 7.736473
v 1.998519 -1.732822 7.580122
v 2.092149 -1.724047 7.553453
v 1.045340 -1.823253 7.738069
v 2.622432 -2.773319 -0.034072
v 2.115856 -3.418921 6.704200
v 2.408972 -2.947215 5.411818
v 2.100081 -3.678059 -0.034072
v 1.009069 -3.548448 7.599475
v 2.034695 -3.528438 7.582914
v 1.038329 -3.548453 7.599150
v 1.012595 -3.548447 7.599537
v 2.537808 -4.419102 7.088247
v 2.622463 -4.582999 -0.034422
v 2.036781 -5.279013 7.082756
v 2.036781 -5.279014 7.082756
v 2.034076 -5.283716 7.082346
v 2.100056 -5.487836 -0.034422
v 2.036784 -5.279025 7.082361
v 2.527076 -4.400511 7.089405
v 1.014637 -5.266243 7.066599
v 1.018673 -5.272521 7.066464
v 1.009184 -5.257768 7.066379
v 1.057336 -5.272545 7.065676
v 2.525504 -6.129304 6.005759
v 2.089853 -6.854568 6.001997
v 2.023551 -6.969454 6.001386
v 2.023550 -6.969454 6.001386
v 2.015495 -6.983366 6.001911
v 2.495563 -6.077445 6.005807
v 2.525475 -6.129254 6.005759
v 0.993612 -6.985483 6.034440
v 1.167420 -7.026183 6.028138
v 1.132790 -7.026136 6.029172
v 2.497882 -7.798100 6.003682
v 2.622425 -8.202477 -0.034161
v 1.970903 -8.716358 6.061050
v 2.100080 -9.107205 -0.034161
v 2.097279 -9.098730 0.098002
v 1.973860 -8.725305 5.921529
v 1.973821 -8.725371 5.921539
v 0.969738 -8.821291 6.017922
v 2.175901 -10.391406 4.025836
v 2.339427 -10.089251 3.986867
v 2.622462 -10.012161 -0.034411
v 2.478184 -9.606466 5.961321
v 2.100070 -10.916960 -0.034288
v 1.975569 -8.722352 5.921101
v 1.973821 -8.725371 5.921539
v 1.823496 -10.630974 5.573189
v 0.951016 -10.727337 5.734732
v 2.521778 -11.383523 6.172391
v 2.517509 -11.390734 6.172038
v 2.016512 -12.235717 6.150587
v 2.012487 -12.242781 6.149687
v 2.016512 -12.235717 6.150587
v 2.016512 -12.235720 6.150547
v 1.948411 -10.584470 6.484910
v 2.517868 -11.366503 6.413342
v 2.521777 -11.383520 6.172391
v 0.972883 -12.268667 6.149893
v 1.013711 -12.268691 6.149576
v 1.026186 -12.268387 6.149332
v 2.100003 -12.726727 -0.034337
v 0.974733 -12.268627 6.150431
v 2.387419 -13.498140 3.971724
v 2.521806 -13.039122 5.849547
v 2.525909 -13.032455 5.849667
v 2.622466 -13.631570 -0.034224
v 2.210547 -13.782805 3.987790
v 2.023962 -13.851291 5.809771
v 2.011765 -13.872558 5.808760
v 2.023979 -13.964266 5.001366
v 2.019847 -13.971423 5.001357
v 2.043450 -13.930534 5.001409
v 2.100045 -14.536423 -0.034203
v 2.522637 -13.012171 6.048825
v 2.517802 -13.018393 5.849967
v 2.622468 -13.631598 -0.034556
v 2.521981 -13.025634 5.849919
v 2.525906 -13.032450 5.849667
v 2.622422 -13.631310 -0.031716
v 0.973900 -13.901888 5.003670
v 1.008392 -13.971888 5.003466
v 0.998606 -13.952048 5.003284
v 2.479955 -14.757150 5.000000
v 2.524326 -14.865224 4.000000
v 2.508263 -14.893045 4.000000
v 2.053384 -15.680920 4.000000
v 2.470943 -14.772761 4.000000
v 2.470114 -14.739985 5.000518
v 2.016971 -13.952126 5.001388
v 2.524326 -16.612703 4.000000
v 2.063758 -17.410431 4.000000
v 2.019864 -17.486368 4.000445
v 2.466489 -16.512526 4.000000
v 0.480178 -16.523752 4.990470
v 0.985176 -17.325827 4.947831
v 0.980481 -17.318399 4.948018
v 0.966888 -17.296751 4.949566
v 0.997206 -17.481041 4.004573
v 1.006357 -17.495472 4.004519
v 3.940898 -1.985273 8.233439
v 4.002474 -1.889492 8.146769
v 4.007839 -1.877347 8.250564
v 4.010105 -1.877234 8.147416
v 4.010104 -1.877236 8.147416
v 3.535350 -1.015005 8.092983
v 3.534082 -1.016566 8.200863
v 3.535906 -1.016015 8.093047
v 4.003583 -1.865923 8.147012
v 3.673502 -0.974258 -0.034603
v 3.673489 -0.974264 -0.033888
v 4.007770 -1.873194 8.147497
v 2.598236 -0.978859 8.027091
v 3.530630 -1.022567 8.199943
v 2.564569 -0.970713 8.019799
v 2.570237 -0.978452 8.021730
v 2.569711 -0.978452 8.021516
v 2.589494 -0.978449 8.025433
v 3.521210 -4.383451 7.036131
v 3.522360 -4.381460 7.036107
v 2.527462 -4.399849 7.089409
v 2.540553 -4.423058 7.087981
v 2.670516 -4.423209 7.081267
v 3.524854 -6.111693 6.000656
v 3.524835 -6.111727 6.000656
v 3.771432 -4.805011 7.014642
v 3.937108 -5.078677 5.733808
v 3.667288 -4.582951 -0.033150
v 3.522372 -4.381479 7.036106
v 3.521210 -4.383451 7.036131
v 3.587046 -4.497440 7.030419
v 2.525504 -6.129304 6.005759
v 2.676980 -6.129326 6.005250
v 3.817137 -7.247591 6.001425
v 3.999535 -6.933196 6.002244
v 3.999554 -6.933233 6.001631
v 3.526691 -6.108435 6.000629
v 3.524835 -6.111727 6.000656
v 3.667317 -10.012163 -0.034603
v 3.667309 -10.012139 -0.034299
v 2.622472 -10.012163 -0.034601
v 2.685868 -9.675787 5.035101
v 3.323637 -9.636348 4.963816
v 2.622464 -10.012137 -0.034208
v 4.027080 -10.424759 6.034893
v 4.020759 -10.436376 6.035008
v 3.563626 -11.272903 6.070356
v 3.547016 -11.301521 6.071627
v 3.667307 -11.821844 -0.034108
v 3.543624 -11.307339 6.072111
v 3.547016 -11.301522 6.071627
v 3.667314 -11.821871 -0.034426
v 3.669638 -9.868392 4.573874
v 3.925737 -10.299654 4.581181
v 4.018282 -10.409519 6.034973
v 2.521779 -11.383523 6.172391
v 2.561266 -11.383698 6.169925
v 2.548310 -11.383608 6.171186
v 3.524397 -13.015513 5.828895
v 3.521174 -13.021101 5.828859
v 2.517253 -13.019290 5.849923
v 2.525909 -13.032455 5.849667
v 2.521971 -13.026456 5.849896
v 3.996789 -13.861975 5.803130
v 4.058608 -14.066463 4.000000
v 4.056387 -14.070310 4.000000
v 3.589941 -14.878212 4.000000
v 3.589941 -14.878213 4.000000
v 3.551680 -14.944482 4.000000
v 3.524453 -13.015612 5.828892
v 3.667294 -13.631512 -0.033669
v 3.871180 -13.769361 3.542632
v 3.789659 -13.624038 3.566231
v 3.968666 -13.910679 4.000000
v 4.189695 -14.536345 -0.033786
v 3.995206 -13.859178 5.803130
v 3.521174 -13.021101 5.828859
v 2.454998 -14.800380 4.000000
v 2.537829 -14.944482 4.000000
v 4.009398 -15.625986 3.800176
v 3.515532 -16.481384 3.800176
v 3.667292 -17.250935 -0.034001
v 3.667274 -17.250847 -0.033564
v 3.993866 -15.599083 3.800176
v 3.667285 -17.250906 -0.033862
v 2.005920 -17.310253 4.000000
v 2.491120 -18.171152 4.000000
v 2.494080 -18.176279 4.000000
v 2.616287 -19.050066 -0.034603
v 5.450921 -2.712962 8.259396
v 5.450120 -2.714084 8.259493
v 5.444426 -2.722037 8.260655
v 5.750821 -2.783982 -0.034603
v 5.197605 -1.885632 1.425761
v 4.991987 -1.906970 8.219999
v 4.994707 -1.917534 8.323327
v 4.996655 -1.915237 8.221646
v 5.450183 -2.711677 8.259435
v 5.098353 -2.098286 8.309481
v 4.042175 -1.878213 8.146589
v 4.978884 -1.906965 8.219049
v 4.988714 -1.928607 8.321508
v 5.430437 -2.697689 8.262646
v 4.002718 -1.889938 8.146797
v 4.003579 -1.888556 8.146910
v 4.007732 -1.881343 8.147455
v 5.298634 -4.023141 7.774107
v 4.945904 -3.523347 8.030616
v 5.014814 -3.621778 8.046326
v 5.293988 -4.016534 7.775518
v 4.005037 -5.194687 6.995696
v 4.002888 -5.191102 6.995591
v 4.000440 -5.187018 6.995279
v 4.131941 -5.194676 6.995955
v 4.205699 -5.184275 6.995218
v 4.670491 -5.301977 4.123643
v 4.008915 -5.194680 6.995867
v 5.570955 -6.153389 6.121982
v 5.268829 -6.754277 4.588281
v 5.115022 -6.868193 6.044785
v 5.043615 -6.993253 6.031607
v 5.043608 -6.993241 6.031841
v 5.043304 -6.993770 6.031808
v 5.043608 -6.993241 6.031841
v 5.052303 -5.248095 6.075611
v 5.435252 -5.904316 6.110201
v 5.490453 -5.994779 5.766648
v 4.027009 -6.980731 6.002340
v 4.174677 -6.980570 6.005405
v 4.087933 -6.980712 6.002703
v 5.022572 -6.956336 6.032588
v 5.506754 -9.531265 6.011487
v 5.009019 -8.675701 6.000203
v 5.506310 -9.530504 6.011460
v 5.008536 -8.676518 6.000214
v 5.757004 -11.821882 -0.034586
v 5.576444 -11.222181 6.032141
v 5.576443 -11.222182 6.032141
v 5.514728 -13.002835 6.028272
v 5.103951 -14.036454 4.000000
v 5.077766 -14.081809 4.000000
v 5.038898 -12.157591 6.053869
v 5.037253 -12.160388 6.053761
v 3.967321 -13.913010 4.000000
v 4.062893 -14.081800 4.000000
v 5.373142 -15.498531 2.071609
v 5.361822 -15.518138 2.071609
v 5.473812 -14.767793 4.000000
v 5.016644 -15.617283 3.800176
v 5.011619 -15.625985 3.800176
v 5.104597 -14.037572 4.000000
v 4.009398 -15.625985 3.800176
v 3.993866 -15.599083 3.800176
v 5.494977 -16.463184 3.800176
v 5.016644 -15.617283 3.800176
v 6.963664 -3.437814 7.760062
v 6.954915 -3.429535 7.974274
v 6.964606 -3.436458 7.760030
v 6.957805 -3.425357 7.974376
v 6.963510 -3.417082 7.974871
v 6.946165 -3.542911 6.941401
v 6.639148 -3.909149 7.725954
v 7.281589 -3.662868 0.752895
v 7.318087 -3.688844 -0.034589
v 6.452760 -2.604841 8.077057
v 6.450614 -2.601461 8.078038
v 6.953515 -3.399853 7.976690
v 6.958148 -3.407834 7.975713
v 5.458713 -2.712991 8.258681
v 5.484766 -2.709974 8.256224
v 6.431182 -2.601377 8.081989
v 5.448912 -2.729845 8.260016
v 5.449743 -2.728446 8.259843
v 6.823603 -5.952569 4.117499
v 7.127564 -5.393818 4.141875
v 6.647154 -6.259439 4.104586
v 7.044619 -5.249578 4.132130
v 7.094821 -5.336939 4.139061
v 6.929667 -7.402488 4.121891
v 6.763855 -7.659541 4.112968
v 7.092276 -7.151020 4.125554
v 7.111057 -7.121352 4.131125
v 6.599012 -7.946397 4.103830
v 7.034395 -6.988716 4.134300
v 7.076971 -7.062561 4.136490
v 6.547297 -6.259675 4.097283
v 6.594923 -6.277523 3.542959
v 6.430843 -7.942607 4.097048
v 7.074455 -8.736734 5.113461
v 7.070491 -8.743655 5.112614
v 7.015676 -8.838320 5.107520
v 6.528593 -9.532381 6.012791
v 6.524211 -9.540221 6.011202
v 6.568671 -9.615796 5.043046
v 6.572387 -9.609275 5.043585
v 6.945353 -8.501051 4.113110
v 6.610102 -7.946621 4.104277
v 7.113110 -8.786661 3.702664
v 7.086510 -8.745544 4.113266
v 7.062099 -8.715354 5.115065
v 6.433843 -7.947062 4.097131
v 6.439284 -7.952011 4.017063
v 5.507722 -9.532926 6.011478
v 5.516519 -9.548018 6.010907
v 6.566957 -9.615819 5.042933
v 5.550326 -9.548258 6.007786
v 7.109567 -10.308342 5.043177
v 7.059854 -10.380239 5.038979
v 6.799514 -10.765074 4.970897
v 7.007587 -10.584115 4.323379
v 7.040850 -10.407665 5.037702
v 7.054488 -10.388098 5.037986
v 6.737056 -10.864287 4.953345
v 6.692495 -10.944232 4.940464
v 7.036050 -10.180799 5.047640
v 7.038091 -10.184336 5.047612
v 5.757001 -11.821869 -0.034419
v 6.621570 -10.859572 5.560317
v 5.655190 -11.260720 5.642286
v 6.684268 -10.948140 4.938510
v 6.801841 -11.821824 -0.034244
v 7.014992 -12.066033 4.965784
v 7.017134 -12.061022 4.965608
v 7.045374 -11.993806 4.967377
v 7.074778 -12.193501 4.000093
v 6.783819 -12.880971 4.000035
v 6.503314 -12.981068 5.990605
v 6.801758 -13.631407 -0.032728
v 6.502433 -12.982577 5.990686
v 6.610328 -13.181472 4.000000
v 6.687389 -10.966528 4.938472
v 7.011472 -11.934882 4.971426
v 6.672333 -10.967098 4.935156
v 5.514728 -13.002836 6.028272
v 5.516242 -13.005505 6.028271
v 5.756995 -13.631577 -0.034289
v 5.756964 -13.631497 -0.033522
v 5.523520 -13.018351 6.027989
v 5.552155 -13.018391 6.027591
v 6.801840 -13.631586 -0.034389
v 5.547710 -13.018374 6.027758
v 7.107472 -14.081795 4.000000
v 6.618801 -14.928198 4.000000
v 6.618800 -14.928199 4.000000
v 6.600040 -14.960691 4.000000
v 6.988672 -13.876028 4.000000
v 5.077766 -14.081810 4.000000
v 5.473812 -14.767794 4.000000
v 5.585178 -14.960691 4.000000
v 7.016061 -15.625986 3.800176
v 6.518864 -16.487156 3.800176
v 6.514951 -16.493933 3.800176
v 6.801690 -17.250628 -0.032446
v 6.997198 -15.593313 3.800176
v 5.011619 -15.625986 3.800176
v 5.512730 -16.493933 3.800176
v 6.801793 -17.250906 -0.033862
v 8.799155 -4.541532 1.669381
v 8.503916 -4.363369 7.490852
v 8.552566 -4.430868 6.217585
v 8.521872 -4.484778 6.226505
v 8.426537 -4.653290 6.245434
v 8.885354 -4.593705 -0.034603
v 8.071180 -5.270926 6.354149
v 8.199914 -3.735672 6.162507
v 8.415865 -3.945189 3.065283
v 8.421075 -4.233408 7.806129
v 8.545578 -4.169858 3.065283
v 8.019680 -3.509282 7.777441
v 8.005582 -3.484814 7.776464
v 8.005583 -3.484812 7.776464
v 6.967413 -3.440935 7.760216
v 6.995204 -3.440923 7.760592
v 7.164438 -5.337643 4.142846
v 7.113229 -5.251163 4.135903
v 7.974668 -5.269053 6.363856
v 7.927209 -5.340671 4.184093
v 7.649065 -5.336706 4.168914
v 8.479933 -7.887356 4.080337
v 8.053106 -8.687997 4.071558
v 8.046701 -8.699114 4.071456
v 8.208802 -7.522847 4.163351
v 8.469296 -7.854434 3.930373
v 8.080314 -7.348576 4.177067
v 8.475457 -7.879658 4.080878
v 8.475289 -7.879368 4.080893
v 8.093749 -7.371573 4.174976
v 8.044044 -8.699243 4.071570
v 8.565663 -9.397903 4.024219
v 8.138847 -8.774326 4.064764
v 8.621225 -9.494212 4.018373
v 8.609221 -9.473411 4.019000
v 8.094174 -8.774165 4.066750
v 8.109551 -8.800919 3.737373
v 8.574571 -11.302448 3.999382
v 8.059213 -12.214876 4.000004
v 8.544071 -11.249596 3.995805
v 8.568935 -11.292689 3.999483
v 7.039340 -12.124391 4.000096
v 7.069845 -12.193501 4.000093
v 7.271626 -12.193502 4.000077
v 8.052155 -12.214685 4.000000
v 8.052154 -12.214685 4.000000
v 8.665484 -13.261395 2.294775
v 8.019975 -15.623054 3.800176
v 8.018282 -15.625985 3.800176
v 7.016061 -15.625985 3.800176
v 6.997198 -15.593312 3.800176
v 9.655730 -6.108774 5.394716
v 10.272005 -5.447849 2.864834
v 10.049331 -5.515705 5.295815
v 10.115832 -5.414403 5.288862
v 10.452621 -5.498567 -0.034603
v 9.572569 -6.249993 5.414600
v 9.841836 -4.571241 1.420465
v 9.870204 -4.577388 1.010319
v 9.982815 -4.923773 2.627759
v 9.634331 -4.495985 4.115290
v 9.942570 -4.593705 -0.034603
v 10.067791 -5.332579 5.303041
v 10.248648 -5.404398 2.834217
v 8.858518 -4.571970 0.410123
v 9.141409 -4.527626 2.606167
v 8.671078 -4.475861 4.386269
v 9.519238 -6.250131 5.433102
v 8.511380 -6.258901 5.496790
v 8.563094 -7.985732 4.071771
v 8.486794 -7.885436 4.079966
v 8.481947 -7.879059 4.080369
v 9.559476 -7.954844 3.995222
v 8.799125 -7.986616 4.055030
v 8.684362 -7.986138 4.064074
v 9.984536 -9.050252 2.835897
v 9.802669 -9.393343 2.790054
v 9.824638 -8.317077 3.310826
v 9.985338 -8.534452 2.871431
v 10.047084 -10.289836 3.917444
v 10.061087 -10.263704 3.923266
v 10.059847 -10.313560 3.782283
v 10.084868 -10.221798 3.925842
v 10.039818 -10.369698 3.718530
v 10.051860 -10.349007 3.718273
v 10.004573 -10.429689 3.720955
v 9.566252 -11.202248 3.675236
v 9.997027 -10.069559 3.933630
v 9.630722 -9.563327 4.008326
v 10.007010 -10.086875 3.931414
v 9.559336 -9.562264 4.017889
v 8.547258 -11.249168 3.995432
v 8.574572 -11.302448 3.999382
v 8.569815 -11.293189 3.999467
v 8.777742 -11.304850 3.980734
v 9.563378 -11.241717 3.467556
v 9.538318 -11.208558 3.671769
v 9.560947 -11.203445 3.674578
v 9.539483 -11.168089 3.886634
v 8.586152 -11.302474 3.999183
v 9.962961 -12.797702 2.228231
v 9.934474 -12.870918 2.171761
v 9.538612 -11.157273 3.671144
v 9.982199 -12.059519 3.386684
v 9.739073 -11.533099 2.780389
v 9.986931 -12.084064 3.740071
v 10.003939 -12.113595 3.741619
v 10.001587 -12.109501 3.741173
v 9.995444 -12.098869 3.741343
v 8.500004 -12.990380 4.000000
v 10.458721 -14.536345 -0.033854
v 9.936307 -13.631496 -0.033854
v 11.477631 -6.083193 4.979742
v 11.481430 -6.077710 4.978759
v 11.484052 -6.073830 4.978506
v 11.124866 -6.794434 4.176323
v 11.499525 -6.233077 4.170928
v 11.565345 -6.134926 4.167910
v 12.019887 -6.403430 -0.034603
v 11.044798 -6.932861 4.177255
v 11.481382 -6.069303 4.978896
v 11.160583 -5.533072 5.076627
v 10.078388 -5.332400 5.300961
v 11.208918 -5.632883 5.061622
v 11.080515 -5.417462 5.098755
v 10.120730 -5.404981 5.288465
v 11.001301 -6.941035 4.178566
v 11.505080 -7.735230 4.152242
v 11.489083 -7.775083 4.152719
v 11.166709 -8.579547 4.159188
v 11.491234 -7.804140 4.071331
v 11.479488 -7.798964 4.153059
v 11.079844 -8.729076 4.162686
v 11.491357 -7.711582 4.153409
v 10.037519 -8.658564 4.004704
v 10.059080 -8.690184 4.004222
v 10.100503 -8.750867 4.001829
v 11.039430 -8.729135 4.166169
v 11.048519 -8.744335 3.998286
v 10.164195 -8.750768 4.002957
v 10.941711 -10.238202 3.842889
v 11.469049 -9.473483 3.987589
v 10.915166 -10.193431 3.857880
v 11.403636 -9.564692 3.982912
v 11.456367 -9.495518 3.987402
v 10.744766 -10.588007 2.036838
v 10.700703 -10.581417 2.088097
v 13.578278 -7.301851 0.016885
v 12.940836 -6.859165 4.070272
v 13.587153 -7.308290 -0.034603
v 12.492105 -6.112056 4.134974
v 13.026004 -6.369788 0.281863
v 13.077103 -6.403430 -0.034603
v 12.094881 -6.080754 4.151000
v 12.872235 -6.308240 1.131366
v 12.939159 -6.856548 4.071094
v 12.932392 -6.845576 4.071661
v 12.496926 -6.143163 4.132777
v 11.741207 -6.142691 4.159416
v 11.641423 -6.142462 4.162944
v 12.485594 -6.123823 4.134437
v 11.569596 -6.142164 4.167549
v 12.440711 -7.671237 3.889603
v 12.865559 -8.429891 3.939286
v 12.886604 -8.449696 3.823929
v 12.333922 -9.273844 3.886727
v 12.320436 -9.272985 3.891288
v 12.840667 -8.468154 3.941980
v 11.524994 -9.437007 4.102265
v 12.860828 -8.437760 3.939951
v 11.453837 -9.453664 4.111093
v 11.454029 -9.453335 4.111085
v 11.468610 -9.449870 4.109921
v 12.858983 -8.440870 3.940128
v 13.998387 -6.960697 3.964876
v 14.084847 -7.008259 3.435726
v 14.644369 -7.308290 -0.034603
v 13.074306 -6.953262 3.259778
v 13.165090 -6.890442 3.943885
v 14.140189 -7.183674 1.184361
v 13.679101 -8.550602 3.865938
v 12.974150 -8.456933 3.828813
v 12.888882 -8.445622 3.824193
v 13.162703 -7.017072 2.685019
v 13.282071 -8.624804 2.974354
v 2.100046 -19.944180 -0.034430
v 2.100051 -19.944216 -0.034603
v 0.502937 -19.983269 4.000000
v 0.526062 -19.943216 4.000000
v 1.055205 -19.944216 -0.034603
v 1.055203 -19.944178 -0.034424
v 0.976875 -20.804155 4.000000
v 0.954715 -17.378492 4.004701
v 0.550473 -18.254206 4.000445
v 1.005567 -17.466583 4.004605
v 1.055194 -19.944036 -0.033809
v 0.506383 -19.909132 4.000000
v 0.500719 -19.918941 4.000000
v -0.531276 -19.952246 4.000000
v -0.500265 -19.918941 4.000000
v -0.506156 -19.908737 4.000000
v -0.500593 -20.005388 4.000000
v -0.969318 -20.817244 4.000000
v -0.530234 -20.880552 -0.034603
v -0.502223 -21.819750 3.256276
v -0.501830 -21.786228 3.387753
v -0.502632 -21.694942 3.733317
v -1.016309 -21.785416 -0.034603
v -0.972423 -20.881220 3.733393
v -0.977980 -20.995712 3.256278
v -0.501319 -21.803316 3.320731
v 0.545418 -18.245979 4.091270
v 0.504096 -18.317440 4.091857
v -0.505900 -18.305733 4.098637
v -0.962946 -19.096233 4.090517
v -0.513740 -18.319292 4.098498
v -0.508527 -18.326891 4.098505
v -1.016309 -19.975693 -0.034603
v -0.509551 -18.533337 2.900885
v -0.507448 -18.505947 3.059767
v -0.509265 -18.475538 3.236178
v -1.020592 -17.471432 4.724936
v -1.020172 -17.467264 4.752472
v -1.018287 -17.430264 4.981410
v -0.995920 -17.547503 4.494021
v -0.521246 -18.245272 4.461776
v -0.515625 -18.253466 4.461785
v -1.020378 -17.477791 4.683460
v -1.016309 -18.165970 -0.034603
v -1.018177 -17.850040 2.131368
v -1.020216 -17.505131 4.496018
v -0.569212 -16.555220 5.036016
v -0.530234 -17.261106 -0.034603
v -0.555461 -16.578300 5.035063
v -0.548759 -16.589970 5.034576
v -11.015042 -15.654256 3.861602
v -11.504028 -16.497236 3.663634
v -11.527058 -16.537144 3.664632
v -11.503064 -14.762177 3.861500
v -11.016566 -15.654257 3.861597
v -11.517347 -14.786916 3.861500
v -13.049948 -17.292229 -0.032851
v -13.050196 -17.292583 -0.034603
v -12.500544 -16.535503 3.660179
v -12.523933 -16.535681 3.659313
v -11.028825 -17.410706 3.692418
v -12.004865 -17.291819 -0.031048
v -11.504026 -16.497236 3.663634
v -11.037893 -17.395269 3.690775
v -9.569024 -11.425940 3.849884
v -9.880614 -11.819183 0.358131
v -9.513689 -11.331163 3.852376
v -9.921797 -11.874062 -0.034140
v -9.984352 -10.431863 3.865711
v -9.984526 -10.431559 3.865716
v -9.524205 -11.312661 3.852863
v -9.589447 -11.425956 3.849884
v -10.019727 -12.164100 3.830474
v -10.006106 -10.468822 3.863790
v -9.555831 -11.257620 3.852479
v -10.925035 -10.474095 3.833778
v -10.006107 -10.468822 3.863790
v -11.021627 -10.470447 3.832663
v -11.019391 -10.474315 3.832663
v -11.489114 -10.969266 -0.034603
v -9.915476 -13.672859 -0.032433
v -10.437847 -14.577631 -0.032433
v -10.438030 -12.768203 -0.034134
v -10.016868 -12.164101 4.000000
v -10.087013 -12.284105 4.000000
v -10.003544 -13.896151 4.000000
v -9.533051 -14.819280 4.000845
v -9.915648 -15.482841 -0.034487
v -9.539901 -14.831161 3.928594
v -9.856737 -15.380669 0.586857
v -9.999980 -15.628163 3.927881
v -9.999979 -15.628175 3.861579
v -10.007333 -15.640911 3.861377
v -10.015068 -15.654309 3.861164
v -10.416634 -16.350554 0.055995
v -10.338416 -16.214928 0.851761
v -10.438066 -14.577975 -0.034454
v -10.437915 -14.577738 -0.033059
v -10.003545 -13.896152 4.000000
v -10.034960 -13.950564 4.000056
v -10.953595 -15.654352 3.861089
v -11.000089 -15.654224 3.861770
v -9.484458 -16.495968 3.847562
v -9.484452 -16.495958 3.847609
v -9.981660 -17.333593 3.813564
v -9.981664 -17.333597 3.813848
v -9.914849 -17.291088 -0.027266
v -9.992594 -17.355753 3.644531
v -10.001612 -17.371351 3.645653
v -10.001613 -17.371351 3.645653
v -10.437481 -18.196308 -0.029634
v -10.001575 -17.371288 3.645648
v -9.999983 -15.628169 3.861580
v -9.981665 -17.333595 3.813849
v -9.487412 -16.490921 3.848212
v -10.007336 -15.640906 3.861377
v -9.497208 -16.475029 3.848191
v -9.998563 -15.656195 3.861135
v -11.028824 -17.410707 3.692418
v -11.028728 -17.410883 3.692411
v -10.978412 -17.411394 3.689989
v -10.956524 -17.410402 3.689427
v -11.010923 -17.411222 3.690802
v -9.915633 -19.102249 -0.034362
v -9.519575 -18.264906 3.664613
v -9.992466 -17.355984 3.644536
v -9.895821 -18.221432 2.113592
v -9.954766 -18.054375 2.245542
v -9.526550 -18.251701 3.664873
v -9.978794 -17.410521 3.646472
v -9.546123 -18.214958 3.664870
v -8.004711 -12.173741 5.003452
v -8.354580 -12.778990 -0.034603
v -8.499971 -13.030173 4.349962
v -8.547815 -13.113041 4.350798
v -8.480209 -11.301376 5.039870
v -8.812498 -11.776690 0.734380
v -8.344185 -11.544932 5.029727
v -8.837431 -11.835021 0.319620
v -8.835976 -11.831616 0.343831
v -8.864628 -11.874128 -0.034603
v -9.698292 -11.776397 0.736985
v -9.835439 -11.776952 0.733036
v -8.988791 -11.776397 0.736985
v -8.453490 -11.370512 5.036966
v -8.016176 -12.153353 5.003769
v -9.921844 -11.874128 -0.034603
v -9.582560 -13.157844 4.000000
v -9.577283 -13.157844 4.000000
v -9.547932 -13.113148 4.349961
v -8.011489 -13.917572 4.194739
v -8.046891 -13.975694 4.359941
v -8.058139 -13.998164 4.195989
v -8.348513 -14.578138 -0.031040
v -8.348296 -14.577804 -0.033184
v -8.517732 -14.797039 3.951903
v -8.531681 -14.821181 3.952961
v -8.495081 -14.753043 4.207695
v -8.499929 -13.030245 4.349963
v -8.012387 -13.916047 4.194633
v -8.071213 -13.934139 4.358277
v -9.539903 -14.831157 3.928594
v -9.539880 -14.831197 3.928593
v -9.379268 -14.829725 3.935095
v -9.498878 -14.831300 3.927965
v -8.001826 -15.620577 3.997980
v -8.019139 -15.652627 4.006118
v -8.020777 -15.656283 3.986021
v -8.454096 -16.472721 3.712580
v -8.466106 -16.488667 3.898119
v -8.870789 -17.292574 -0.034454
v -8.466356 -16.489100 3.898122
v -8.494566 -14.754114 3.949986
v -8.031665 -15.630513 4.006618
v -8.518587 -14.795589 3.951802
v -8.066691 -15.569590 4.005190
v -9.483056 -16.498186 3.847710
v -9.484452 -16.495958 3.847610
v -9.457915 -16.497839 3.849454
v -7.999930 -17.371449 3.951540
v -8.348394 -18.197443 -0.034603
v -8.464841 -16.491049 3.898264
v -8.459298 -16.501469 3.898897
v -8.420718 -16.574005 3.903306
v -8.046960 -17.364172 3.728839
v -8.348398 -18.197371 -0.034431
v -8.000764 -17.369881 3.951411
v -8.465135 -16.491600 3.898268
v -8.003046 -17.365519 3.951248
v -6.549289 -13.135295 4.533091
v -6.528098 -13.082740 5.062749
v -6.522419 -13.072960 5.062479
v -6.527863 -13.082335 5.062758
v -6.555020 -13.145178 4.532963
v -6.985607 -13.896816 4.226591
v -7.303447 -14.577805 -0.034022
v -7.012583 -13.943463 4.229095
v -7.051053 -14.009986 4.232667
v -6.787281 -13.683779 -0.034022
v -6.992452 -13.899590 4.523200
v -7.303514 -14.577924 -0.034132
v -6.799550 -12.964820 3.254340
v -6.927281 -12.744100 3.184455
v -6.522470 -13.072872 5.062475
v -6.873298 -12.431190 5.028931
v -6.554181 -13.126957 4.532434
v -6.570215 -13.165840 4.208327
v -7.196715 -12.178082 5.013381
v -7.964776 -12.164250 5.002790
v -7.988623 -12.163681 5.003619
v -6.528465 -13.082066 5.062735
v -7.994059 -12.166408 5.003684
v -6.959936 -12.295247 5.021578
v -7.010470 -12.203110 5.016689
v -7.058292 -12.202171 5.016097
v -7.010478 -12.203099 5.016688
v -7.010477 -12.203098 5.016688
v -7.998787 -12.174166 5.003507
v -8.003998 -12.175004 5.003460
v -7.998782 -12.174161 5.003508
v -8.059039 -13.996639 4.195883
v -8.055082 -14.003348 4.196346
v -7.799248 -14.002927 4.208537
v -6.511117 -14.771314 4.304103
v -6.513425 -14.777395 4.267016
v -6.999711 -15.617766 4.304097
v -7.013662 -15.653284 4.101954
v -7.018064 -15.660911 4.101904
v -6.989960 -13.889478 4.225926
v -6.522459 -14.752818 4.301668
v -7.016984 -13.936019 4.228421
v -6.556867 -14.695808 4.297613
v -8.017649 -15.650049 4.022102
v -8.015811 -15.653197 4.022325
v -7.957520 -15.652039 4.028726
v -7.926679 -15.652201 4.031857
v -7.995869 -15.652743 4.024831
v -6.543721 -16.547108 4.170122
v -6.931786 -17.353334 2.565619
v -6.742411 -16.983786 3.043406
v -6.780999 -17.292191 -0.032368
v -7.303496 -18.197296 -0.033857
v -7.303548 -18.197445 -0.034603
v -6.998942 -15.627774 4.102119
v -6.989724 -15.708817 4.105888
v -6.576187 -16.485653 4.166965
v -7.018063 -15.660911 4.101904
v -6.781147 -19.102308 -0.034234
v -6.781072 -19.102133 -0.033757
v -6.516471 -18.252089 4.105364
v -7.303488 -20.006985 -0.033753
v -7.303477 -20.007010 -0.034234
v -7.016474 -19.132004 4.068134
v -7.003535 -17.386173 4.160192
v -6.815314 -17.720886 4.138856
v -7.303063 -18.197468 -0.032016
v -7.303430 -18.197124 -0.032944
v -6.831866 -18.219286 2.480913
v -6.518749 -18.248053 4.105649
v -6.781168 -19.101986 -0.033821
v -7.011466 -17.386194 4.160083
v -5.054159 -13.942285 4.678759
v -5.058133 -13.969953 4.404284
v -5.063812 -13.979943 4.404038
v -5.220040 -14.588696 -0.034485
v -5.533767 -14.806081 4.381455
v -5.515299 -14.773867 4.384520
v -5.065223 -13.957685 4.404218
v -5.470764 -13.184529 4.586417
v -5.064918 -13.922541 4.677233
v -6.360241 -13.149464 4.548601
v -5.520759 -13.100144 4.575895
v -6.549203 -13.155734 4.533764
v -6.441976 -13.154733 4.542246
v -6.506441 -14.779045 4.304716
v -6.511117 -14.771314 4.304103
v -6.442244 -14.778792 4.306275
v -6.411322 -14.779998 4.307047
v -5.019425 -15.647823 4.203137
v -5.503882 -16.503925 4.199271
v -5.503882 -16.503927 4.199271
v -5.517951 -16.528404 4.198071
v -6.534928 -16.547955 4.226261
v -6.539263 -16.539474 4.226808
v -6.491585 -16.548098 4.225449
v -6.526090 -16.547934 4.226382
v -5.010515 -17.371098 4.127493
v -5.010516 -17.371099 4.127493
v -5.421957 -16.647923 4.187352
v -5.377238 -16.726524 4.180846
v -5.493370 -19.963903 3.875858
v -5.736220 -20.911880 -0.034257
v -5.503948 -19.982178 3.876213
v -5.736273 -20.912006 -0.034505
v -6.511794 -19.993807 3.886645
v -6.515994 -19.987148 3.886655
v -6.480390 -19.993799 3.886682
v -5.037018 -20.888681 3.881607
v -5.297917 -20.307337 3.878248
v -5.257397 -20.857033 2.518906
v -3.540973 -14.805586 4.207267
v -4.020306 -15.653882 4.169767
v -4.007050 -15.630762 4.171178
v -4.087694 -14.252723 2.409544
v -3.677021 -14.731413 3.411033
v -3.975278 -14.248564 3.406485
v -4.026014 -13.976440 4.421462
v -3.546927 -14.795067 4.208281
v -3.595125 -15.127245 2.158591
v -4.897263 -14.011793 4.404586
v -4.934759 -14.011881 4.403920
v -4.059613 -14.034889 4.418437
v -5.070640 -13.967230 4.403984
v -5.046689 -14.011880 4.403930
v -5.074340 -13.982081 4.296623
v -5.217574 -14.578968 0.032219
v -4.953411 -15.648458 4.199534
v -5.010696 -15.647929 4.202531
v -3.501890 -16.527569 3.892084
v -3.871450 -17.143074 4.094106
v -4.019106 -17.399200 4.096816
v -4.019106 -17.399202 4.096807
v -4.169013 -18.197443 -0.034603
v -3.836858 -17.083067 4.093471
v -3.567933 -18.362869 4.070827
v -4.062485 -19.218826 4.068090
v -4.992171 -19.118090 4.043342
v -4.994708 -19.122484 4.043328
v -4.922225 -19.129616 4.050209
v -4.997908 -19.138578 3.958143
v -4.989015 -19.147898 3.915306
v -3.529379 -20.049006 4.101963
v -3.527371 -20.055519 4.044866
v -3.527973 -20.056412 4.044888
v -3.534688 -20.056934 4.101826
v -3.548246 -20.077261 4.100986
v -3.692291 -20.295942 4.075794
v -3.662908 -20.374195 3.342764
v -3.646582 -20.911943 -0.034177
v -3.646579 -20.911919 -0.034051
v -3.646593 -20.912033 -0.034600
v -3.950516 -19.679541 2.943868
v -3.780617 -19.682608 4.055665
v -3.562932 -19.993431 4.046764
v -5.021940 -20.922352 3.881591
v -4.921508 -20.922308 3.881778
v -4.848939 -20.915949 3.881892
v -4.042404 -20.841160 3.899900
v -3.513143 -21.713379 3.882007
v -4.003469 -20.851484 3.900308
v -3.536370 -21.673994 3.882090
v -4.010795 -20.863937 3.899755
v -2.082016 -15.771219 4.094534
v -2.501639 -16.506430 4.070368
v -2.085511 -16.398436 -0.034603
v -2.506554 -14.780264 4.147502
v -2.473552 -14.838259 4.144571
v -2.512540 -14.769789 4.147820
v -2.595562 -15.493575 -0.034603
v -2.512698 -14.769787 4.147829
v -3.534695 -14.774693 4.207650
v -3.535320 -14.774692 4.207711
v -2.117400 -15.708910 4.097733
v -2.579102 -16.505112 4.071680
v -3.404936 -16.491083 4.085669
v -2.533351 -16.505892 4.070905
v -2.217445 -15.531714 4.113426
v -2.543572 -14.958497 4.145977
v -3.534918 -14.789775 4.208093
v -3.534851 -14.794732 4.207743
v -3.534801 -14.794732 4.207740
v -3.539193 -14.787540 4.208448
v -3.527932 -14.790731 4.207800
v -3.517337 -14.794574 4.207189
v -3.534732 -14.794733 4.207738
v -3.540998 -14.784593 4.208542
v -2.029127 -17.413918 4.048539
v -2.079326 -18.197445 -0.034603
v -2.541053 -18.315214 4.024821
v -2.545018 -18.322060 4.024952
v -2.456260 -16.589930 4.068240
v -2.394817 -16.840897 4.063095
v -2.055548 -17.372702 4.048707
v -2.496318 -16.664185 4.067688
v -3.570338 -18.357735 4.070951
v -3.551881 -18.362986 4.070184
v -3.566851 -18.362873 4.070806
v -2.064514 -19.206991 3.997161
v -2.284701 -19.589228 4.005691
v -2.379230 -20.022123 2.609823
v -2.522404 -20.001869 4.014900
v -2.305161 -18.699024 4.011437
v -2.264299 -19.128620 2.343746
v -2.079109 -19.176306 3.997429
v -2.532134 -19.984966 4.015098
v -2.550313 -20.030384 4.015876
v -2.555766 -20.030348 4.016037
v -2.594161 -20.031551 4.017177
v -3.454880 -20.145287 3.624662
v -2.023385 -20.863758 4.014100
v -2.027076 -20.926655 3.746926
v -2.484150 -21.719549 3.734310
v -2.248900 -20.468054 4.038486
v -2.031101 -20.850368 4.014352
v -1.000364 -17.470478 4.497831
v -1.020939 -17.506392 4.495953
v -1.056408 -15.729399 5.136764
v -1.050423 -15.739353 5.137106
v -1.028296 -16.398436 -0.034603
v -2.028484 -15.685640 5.131925
v -1.995679 -15.687238 5.131208
v -2.028662 -15.685631 5.131935
v -1.056628 -15.729399 5.136763
v -1.940438 -15.709745 5.132169
v -1.056363 -15.749749 5.136875
v -1.052619 -15.743171 5.137218
v -2.034145 -15.695804 5.131674
v -2.028467 -15.693973 5.131810
v -2.032089 -15.691958 5.132046
v -2.028246 -15.694004 5.131805
v -2.028453 -15.705914 5.130599
v -2.018992 -15.700425 5.131521
v -1.993544 -15.707347 5.131855
v -2.028736 -15.685759 5.131938
v -1.966538 -17.416998 4.496132
v -1.960661 -17.426250 4.495699
v -1.862935 -17.426174 4.496143
v -0.986890 -19.115021 4.209423
v -1.002020 -19.141081 4.210183
v -2.056075 -19.175377 4.236390
v -2.044348 -19.199936 4.236649
v -2.056130 -19.183880 4.194590
v -2.050109 -19.187811 4.236820
v -1.997042 -19.200060 4.235989
v -0.969790 -20.876677 3.733317
v -1.003858 -20.935469 3.734298
v -2.042886 -20.899349 3.746958
v -2.015373 -20.946869 3.746902
v -1.898268 -20.946966 3.746481
v -2.006663 -20.946842 3.747013
v -1.868569 -14.070383 5.150668
v -1.046380 -14.094700 5.116488
v -2.031816 -14.069921 5.154131
v -2.036860 -14.069892 5.154422
v -2.061901 -14.022597 5.156508
v -1.872824 -14.070266 5.150760
v -2.539105 -13.272475 4.118713
v -2.459643 -13.134233 4.110334
v -2.079436 -12.789776 -0.033036
v -2.137740 -14.001458 4.123057
v -2.371537 -13.562503 4.120354
v -2.096365 -14.079452 4.120885
v -1.146518 -10.721461 6.297514
v -2.040751 -10.604841 6.171234
v -2.061375 -10.605080 6.167290
v -2.085589 -10.602403 6.166968
v -2.089014 -10.596653 6.166871
v -2.083985 -10.605106 6.166857
v -1.047601 -8.908167 6.460450
v -1.880578 -8.887291 5.661874
v -1.248068 -8.944852 5.231327
v -2.065741 -8.838741 6.401972
v -2.065412 -8.839363 6.402053
v -2.050006 -8.850429 6.403974
v -1.991240 -8.850283 6.406919
v -2.059528 -8.850480 6.402941
v -2.592417 -9.749105 6.171813
v -2.094991 -10.586542 6.167932
v -2.090672 -10.593844 6.167229
v -0.990658 -7.088050 6.849633
v -1.817782 -7.000824 6.761376
v -1.953545 -6.987053 6.746922
v -1.981633 -6.984204 6.743932
v -0.992563 -7.091350 6.849636
v -1.979903 -6.987199 6.744289
v -2.542208 -7.943373 6.345978
v -2.536351 -7.933488 6.345595
v -2.097156 -8.779324 6.398243
v -2.507141 -8.003855 6.349820
v -1.070202 -5.380939 7.142753
v -1.987863 -5.322232 7.058646
v -1.074687 -5.388771 7.140766
v -2.034178 -5.319526 7.056973
v -2.023536 -5.321242 7.058016
v -2.033055 -5.321274 7.057014
v -2.001339 -5.321229 7.058434
v -2.484567 -6.107659 6.722847
v -2.053413 -6.859070 6.740814
v -2.030875 -3.663750 7.391922
v -2.048614 -3.663772 7.389882
v -2.051029 -3.662306 7.389831
v -2.051107 -3.662397 7.389824
v -2.051039 -3.662285 7.389832
v -2.554829 -4.496683 7.326804
v -2.535608 -4.463368 7.329307
v -2.050998 -3.664902 7.389659
v -2.050313 -3.663773 7.389777
v -2.557084 -4.499695 7.110741
v -2.552120 -4.491502 7.111506
v -2.522186 -4.442122 7.112687
v -2.082456 -3.718401 6.966165
v -2.039831 -5.310670 7.058063
v -2.541629 -4.526520 7.108952
v -2.556250 -4.501142 7.110645
v -2.495496 -2.746916 7.665795
v -2.495495 -2.746920 7.665762
v -1.729441 -0.108467 7.856873
v -2.000247 -0.103010 7.581030
v -2.035137 -0.102337 7.856158
v -2.062247 -0.102337 7.856147
v -2.065547 -0.102337 7.855975
v -2.468293 -0.845924 6.922039
v -2.090156 -0.144637 7.482298
v -2.026793 -1.821620 7.706242
v -2.448352 -1.144871 6.413856
v -0.879497 1.776772 7.865234
v -0.881275 1.779856 7.865844
v -2.014839 1.658412 8.052610
v -2.046616 1.658818 8.055904
v -2.040864 1.648830 8.055638
v -2.040944 1.648830 8.055646
v -2.030145 1.649942 8.054473
v -2.085510 1.677372 -0.034603
v -3.523819 -13.258976 4.164222
v -3.549989 -13.258711 4.166773
v -3.569393 -13.223351 4.167681
v -4.026103 -13.992397 4.233818
v -3.981608 -12.206827 5.072087
v -4.169008 -12.789685 -0.034434
v -4.021849 -12.276780 5.075308
v -3.565135 -13.087967 5.151375
v -3.939651 -12.417150 5.088619
v -3.551266 -13.112704 5.154424
v -3.576149 -9.791477 6.230987
v -3.603261 -9.791405 6.232581
v -3.620080 -9.790895 6.232441
v -3.622545 -9.785690 6.233089
v -3.619834 -9.791413 6.232390
v -4.097147 -10.641276 5.468289
v -3.550812 -11.408273 5.409390
v -3.572520 -11.379163 5.407587
v -3.653247 -11.270070 5.408436
v -4.036680 -10.746976 5.456803
v -2.536419 -7.933357 6.345587
v -2.601741 -8.265360 -0.033951
v -3.646581 -8.265360 -0.033994
v -3.463678 -7.920635 6.325315
v -2.542208 -7.943371 6.345978
v -3.537284 -7.914663 6.324103
v -3.530225 -7.920661 6.324827
v -3.534128 -7.920665 6.324750
v -4.075592 -8.849433 6.130492
v -4.070025 -8.839832 6.129970
v -4.053728 -8.886965 6.134815
v -4.028913 -8.959382 5.758795
v -3.641399 -9.759045 5.995450
v -3.625994 -9.778480 6.232719
v -3.623459 -9.783778 6.233035
v -3.460574 -6.124609 6.732550
v -3.493731 -6.124594 6.732862
v -3.999371 -6.990331 6.742949
v -3.499694 -6.123199 6.732632
v -3.498795 -6.124602 6.732702
v -3.976078 -7.075812 6.280788
v -3.540961 -7.907693 6.323072
v -3.646573 -8.265336 -0.033546
v -4.010974 -7.015671 6.277713
v -3.164444 -4.539011 4.619931
v -2.950057 -4.546518 4.517774
v -3.463270 -4.482221 7.091773
v -2.558453 -4.504961 7.110291
v -3.532947 -4.482250 7.090485
v -3.483926 -2.804011 7.242184
v -3.480618 -2.803825 7.242143
v -2.720006 -2.764334 6.163908
v -3.207778 -2.793524 5.634663
v -4.009658 -3.681323 7.229285
v -3.518082 -2.863120 7.240658
v -3.486671 -2.808752 7.241760
v -3.535513 -4.482252 7.090432
v -3.539200 -4.476077 7.090732
v -3.974833 -3.742094 7.219507
v -4.005791 -3.688036 7.228953
v -3.932934 -2.079562 7.049102
v -3.827629 -2.241247 7.304670
v -3.498619 -2.781397 7.244711
v -3.494452 -2.781397 7.244636
v -2.535762 2.533352 7.035268
v -2.520682 2.506830 7.034952
v -2.520616 2.514740 8.040314
v -2.529937 2.523107 7.035146
v -3.541695 2.527857 7.043994
v -3.541690 2.527854 7.044274
v -3.525084 2.527954 7.044614
v -3.541963 2.527855 7.043999
v -2.058939 1.680508 8.054871
v -2.526871 2.504295 8.040566
v -4.073494 1.659448 7.034482
v -3.606935 2.415399 7.041724
v -3.558070 2.500010 7.042468
v -3.991023 -12.189281 5.070459
v -4.006288 -12.215652 5.071669
v -4.997255 -12.185791 5.028028
v -4.992570 -12.196055 5.028877
v -4.928101 -12.195745 5.031526
v -4.058480 -10.573713 5.483416
v -4.863500 -10.585149 5.400460
v -5.063993 -10.577722 5.378266
v -5.017572 -10.579009 5.397678
v -5.062362 -10.580398 5.378864
v -4.943854 -10.578905 5.399076
v -5.431384 -11.252854 4.902418
v -5.433114 -11.255988 4.903090
v -5.368677 -11.162646 3.398184
v -5.227789 -10.899951 3.821097
v -5.736197 -11.884667 -0.033243
v -5.018181 -12.139592 5.025874
v -5.003177 -12.172754 5.027251
v -5.377725 -11.361180 4.917266
v -4.997256 -12.185790 5.028028
v -5.123434 -12.108389 4.078027
v -5.413492 -11.288975 4.907369
v -4.070033 -8.839817 6.129968
v -5.001889 -8.797915 6.077673
v -5.024406 -8.797987 6.076502
v -5.040938 -8.798093 6.074762
v -5.045478 -8.798081 6.074946
v -5.046493 -8.796041 6.074968
v -5.582220 -9.738201 5.064985
v -5.077548 -10.599833 5.006671
v -5.113987 -10.536309 5.024181
v -5.213853 -7.360524 -0.034446
v -4.017066 -7.026216 6.278234
v -5.022093 -7.026712 6.274981
v -5.000811 -7.026734 6.276301
v -5.022039 -7.026803 6.274988
v -5.512067 -7.875162 6.004858
v -5.501814 -7.857409 6.003112
v -5.212789 -7.358670 0.000590
v -5.489592 -7.913716 6.007761
v -5.049039 -8.790975 6.074544
v -5.056229 -8.776582 6.074107
v -4.120091 -5.284433 7.029459
v -4.017847 -5.286369 7.031125
v -5.006306 -5.267769 7.012207
v -5.006270 -5.267783 7.011885
v -5.006308 -5.267769 7.012207
v -4.169055 -5.550796 -0.034255
v -4.125955 -5.284324 7.029346
v -5.509574 -6.128282 6.024620
v -5.535133 -6.172558 6.028042
v -5.035971 -5.308221 6.005088
v -5.090231 -6.938151 6.006911
v -5.030467 -7.041213 6.000189
v -5.213168 -7.359330 -0.011877
v -5.045804 -7.014894 6.000687
v -5.497248 -4.426451 6.064375
v -5.533751 -4.480269 6.066223
v -5.736280 -4.645947 -0.034603
v -5.458351 -4.611661 6.056834
v -5.486743 -2.866372 6.301157
v -5.506744 -2.898305 6.295585
v -5.042346 -3.675110 6.176072
v -5.022783 -3.707741 6.167737
v -5.099253 -3.580994 6.186031
v -5.430950 -3.030712 6.274300
v -5.018367 1.671379 7.015836
v -5.018440 1.671380 7.015842
v -5.030324 1.671561 7.016090
v -5.000444 1.671104 7.016183
v -5.015707 1.671380 6.994039
v -5.018248 1.671377 7.015831
v -5.205880 1.369144 7.027574
v -5.037284 1.659613 7.013852
v -5.389079 0.522302 7.068888
v -5.335448 0.283976 3.870701
v -4.036248 3.352966 7.087788
v -3.901063 3.132947 7.076251
v -4.039393 3.358088 7.088418
v -4.162828 3.487095 -0.034603
v -5.037926 3.318827 7.124770
v -5.056686 3.318008 7.124992
v -5.032108 3.312728 7.124362
v -3.542290 2.528829 7.044069
v -3.644466 2.695480 7.053068
v -5.220044 3.487095 -0.034603
v -6.491383 -11.308981 4.990045
v -5.436488 -11.242634 4.900893
v -6.781092 -11.884827 -0.034480
v -5.736300 -11.884827 -0.034480
v -6.974576 -12.141255 5.014919
v -5.529869 -9.647458 5.069938
v -6.509636 -9.692836 5.065929
v -6.555599 -9.692734 5.067294
v -6.390895 -9.692850 5.065739
v -6.781149 -11.884676 -0.034019
v -6.491491 -11.308931 4.989627
v -6.988857 -10.450100 5.044320
v -7.303454 -10.980019 -0.034019
v -6.995574 -8.718379 5.796716
v -7.005528 -8.735740 5.798019
v -6.985666 -8.769986 5.798975
v -6.541848 -9.609159 5.824143
v -6.530993 -9.629827 5.823850
v -6.527745 -9.636060 5.823457
v -6.780889 -10.074709 -0.029138
v -6.781109 -10.075089 -0.034229
v -6.526725 -9.636061 5.823436
v -5.497255 -4.426439 6.064376
v -6.521278 -4.449908 6.150352
v -7.303476 -5.550741 -0.032953
v -7.042803 -5.304008 6.023974
v -7.010420 -5.230268 5.342986
v -6.599548 -4.560059 5.531513
v -6.546165 -4.484931 5.953584
v -6.781126 -4.645947 -0.034603
v -6.781039 -4.645883 -0.032547
v -6.529647 -4.456222 5.951160
v -6.498300 -2.866029 6.289619
v -6.402334 -2.866034 6.290719
v -6.521699 -2.866032 6.290295
v -6.529318 -2.866032 6.290319
v -7.024657 -3.632891 6.017833
v -7.033449 -3.646730 6.017150
v -7.016151 -3.676922 6.014661
v -6.548087 -4.426858 5.951788
v -6.533460 -4.450177 5.951010
v -6.838852 -1.368777 4.941421
v -7.077531 -1.898425 5.929534
v -7.104620 -1.978953 6.342289
v -7.105579 -1.980769 6.341650
v -7.303460 -1.931384 -0.031784
v -7.303534 -1.931346 -0.034459
v -6.781133 -1.026522 -0.034459
v -6.545655 -2.865909 6.290581
v -6.545576 -2.866033 6.290568
v -6.781111 -2.836225 -0.034232
v -7.035510 -2.102586 6.331839
v -6.576728 -2.817880 6.285860
v -6.529319 -2.866032 6.290319
v -6.781121 2.592940 -0.034229
v -6.707478 2.486389 6.167640
v -6.848266 2.243337 6.168889
v -6.781134 0.783243 -0.034436
v -6.918430 1.161259 3.619441
v -7.058076 1.408574 5.080656
v -7.303536 1.688068 -0.034484
v -5.062439 3.308861 7.124612
v -5.239075 3.644197 7.145888
v -5.530177 4.164799 7.178506
v -5.563981 4.206697 6.155112
v -5.558576 4.197032 6.154530
v -6.522033 4.233691 6.174736
v -6.695870 4.342753 2.175809
v -5.711759 4.206598 6.158223
v -6.498255 4.232865 6.175431
v -5.536784 4.153286 7.177594
v -5.102246 3.379726 7.129156
v -6.712216 2.497860 6.167014
v -6.741372 2.568497 6.168469
v -6.781124 2.592945 -0.034496
v -7.016266 3.230789 5.860706
v -7.028589 3.264216 6.169659
v -7.303534 3.497800 -0.034202
v -7.089684 3.370044 6.169851
v -8.047004 -10.545737 4.069762
v -8.036555 -10.545802 4.069891
v -6.993507 -10.449891 5.045032
v -7.035371 -10.522400 5.043181
v -7.974049 -10.510979 5.074749
v -8.015275 -10.510986 5.074664
v -8.495957 -11.312154 4.037140
v -8.080357 -10.603454 4.067311
v -6.998901 -8.718326 5.796849
v -7.018307 -8.751971 5.799380
v -7.910172 -8.742695 5.835383
v -7.973412 -8.742531 5.835314
v -7.996060 -8.742496 5.835804
v -8.497563 -9.567052 4.355254
v -8.519213 -9.596521 4.100630
v -8.591455 -9.721904 4.092910
v -8.085234 -8.850676 4.351187
v -8.091105 -10.603466 4.067176
v -8.058486 -7.066059 5.152543
v -8.080207 -7.066039 5.152277
v -8.518106 -7.820385 4.367199
v -8.499879 -7.821672 5.132115
v -8.183517 -7.244820 5.147458
v -8.600141 -7.969955 4.362982
v -8.554931 -7.887527 4.365306
v -8.095319 -8.850695 4.350917
v -8.128285 -8.793548 4.348826
v -8.050917 -8.850609 4.352107
v -8.577642 -6.093229 5.288140
v -8.585054 -6.106136 5.285232
v -8.187726 -5.408204 5.212419
v -8.186996 -6.838354 5.166189
v -8.504748 -6.248892 5.262175
v -8.069605 -7.052693 5.152672
v -8.094765 -7.007116 5.153268
v -8.051390 -7.052680 5.152896
v -7.025418 -3.632863 6.017856
v -8.014874 -3.606708 6.046722
v -8.012694 -3.606709 6.046663
v -7.033450 -3.646730 6.017150
v -8.045931 -3.605673 6.046333
v -8.036775 -3.606673 6.048276
v -8.045321 -3.606713 6.046491
v -8.046746 -3.608406 5.969866
v -8.046836 -3.607385 6.016077
v -8.493044 -4.143699 3.817945
v -8.130134 -3.711734 5.430887
v -8.643758 -4.268569 5.401216
v -8.110605 -3.684104 5.432126
v -8.073633 -3.620232 5.434668
v -8.587629 -4.392715 5.211271
v -8.292246 -5.017968 5.191116
v -8.348392 -5.550807 -0.034592
v -8.171411 -5.272299 5.194485
v -8.191163 -5.231474 5.187922
v -8.619178 -4.311109 5.401452
v -8.616216 -4.342957 5.212998
v -8.120246 -5.272171 5.196908
v -7.919258 -1.873607 5.024163
v -7.108137 -1.976233 6.342029
v -7.108691 -1.976454 6.329765
v -7.182279 -1.973778 5.951980
v -8.026093 -1.864649 6.141196
v -7.113029 -1.984523 6.338987
v -8.102081 -1.832108 6.134634
v -8.106851 -1.822600 6.134119
v -8.087593 -1.860899 6.137211
v -8.432965 -2.399759 5.158694
v -8.234591 -1.989655 5.074782
v -8.567507 -2.642831 4.813190
v -8.576568 -2.715535 5.436364
v -8.586641 -2.736149 5.438182
v -8.870796 -2.836216 -0.034269
v -8.870808 -2.836221 -0.034469
v -8.159450 -1.858109 5.046837
v -8.140722 -3.507036 5.443216
v -8.088184 -3.598856 5.434464
v -8.075817 -3.620234 5.434583
v -8.870811 -2.836223 -0.034560
v -8.016070 -0.104478 5.256496
v -8.102401 -0.102331 5.257298
v -8.034465 -0.104018 5.257233
v -8.601176 -0.937003 5.265886
v -8.186408 -0.248110 5.260867
v -8.136704 -0.161979 5.260325
v -8.150395 -1.840179 5.043134
v -8.248503 -1.645071 5.027300
v -8.514089 -1.111425 5.041288
v -8.585724 -0.963879 5.264828
v -8.597514 -0.966469 5.045655
v -8.140985 1.674758 6.123847
v -8.583920 0.799700 5.219174
v -8.513565 0.678335 5.224229
v -8.090122 -0.101074 5.257210
v -8.014150 -0.101077 5.256477
v -8.029272 -0.101075 5.257076
v -6.695879 4.342759 2.175611
v -6.947549 5.030409 6.187836
v -6.977072 5.089900 6.190915
v -7.214114 5.184581 0.770318
v -7.201968 5.218814 1.603778
v -7.201952 5.218801 1.604062
v -7.927906 5.088975 6.191380
v -7.933348 5.088977 6.191164
v -7.921124 5.088974 6.191648
v -7.897273 5.089018 6.191132
v -7.788493 5.089076 6.192968
v -7.921147 5.088985 6.191325
v -7.933330 5.088968 6.191423
v -7.965777 5.088985 6.189882
v -8.243544 5.247643 1.671108
v -8.506968 4.238292 6.157638
v -8.037652 4.965175 6.185071
v -8.354579 5.296818 -0.034603
v -7.966951 5.086971 6.189748
v -8.468989 -9.568397 4.103210
v -8.485188 -9.596374 4.101486
v -9.489388 -9.600595 4.076701
v -9.487874 -7.846834 4.104423
v -9.477892 -7.846785 4.104926
v -9.461880 -7.884625 4.358104
v -9.498646 -7.884790 4.356205
v -9.987257 -8.704837 4.065845
v -9.987258 -8.704839 4.065845
v -9.522664 -7.906848 4.101732
v -10.438035 -9.170244 -0.034285
v -10.421871 -9.153522 0.112828
v -10.002062 -8.730267 4.064700
v -9.987407 -8.704992 4.064479
v -9.502796 -9.589867 4.076511
v -9.915639 -10.075094 -0.034405
v -9.915546 -10.074992 -0.033509
v -9.496581 -9.600624 4.076452
v -9.489389 -9.600595 4.076701
v -9.539163 -6.145967 4.214860
v -9.597607 -6.144516 4.211300
v -9.966441 -6.848917 3.304635
v -9.829948 -6.675751 4.167439
v -9.702354 -6.325012 4.194790
v -10.438008 -7.360481 -0.033976
v -10.438060 -7.360503 -0.034481
v -9.948170 -7.000426 4.140863
v -9.953092 -7.013881 4.139498
v -9.624742 -7.731822 4.103257
v -9.858684 -7.179447 4.132298
v -9.549770 -7.906967 4.100368
v -9.561369 -7.880047 4.100208
v -9.995753 -5.241859 4.175591
v -10.438070 -5.550804 -0.034499
v -10.030063 -5.312778 4.174757
v -10.030071 -5.312796 4.174757
v -9.695038 -5.950323 4.207522
v -9.604371 -6.130900 4.211632
v -9.934378 -5.476518 4.183775
v -9.915645 -6.455669 -0.034442
v -9.597607 -6.144516 4.211300
v -9.538217 -6.144243 4.215014
v -8.870789 -2.836212 -0.034107
v -9.708498 -2.713865 5.323450
v -9.176700 -2.765130 2.995692
v -9.669304 -2.713825 5.319938
v -9.845167 -2.911337 4.434145
v -10.438066 -3.741075 -0.034405
v -10.118175 -3.519423 4.396035
v -9.708707 -2.714229 5.323527
v -9.752308 -2.751029 4.446158
v -9.742562 -2.734227 4.447911
v -9.915660 -2.836229 -0.034571
v -9.915652 -2.836221 -0.034457
v -10.059699 -3.555300 5.238894
v -10.053334 -3.563406 5.238897
v -9.707742 -4.211371 4.030868
v -10.062119 -3.551096 5.238972
v -9.567793 -0.971997 5.094645
v -10.243939 -1.881848 4.425053
v -9.568144 -0.972083 5.086522
v -10.257815 -1.901212 4.425233
v -9.817108 -2.621580 4.450244
v -9.747587 -2.734235 4.447573
v -10.173390 -2.047058 4.430205
v -9.504316 0.804137 5.215543
v -10.049182 -0.094059 5.057640
v -10.049153 -0.094010 5.057632
v -9.520979 0.803288 5.002468
v -9.579979 -0.963523 5.094863
v -9.915573 -1.026487 -0.033328
v -9.575437 -0.971993 5.095047
v -9.569183 -0.971997 5.094605
v -9.567794 -0.971997 5.094645
v -10.438071 1.688085 -0.034468
v -10.102554 1.697570 5.034727
v -10.111210 1.681857 5.035303
v -9.631614 0.885384 5.008554
v -10.024202 1.530622 5.030471
v -9.581579 0.803307 5.007156
v -9.475193 4.248548 6.129025
v -9.522564 4.249124 6.127905
v -9.915642 4.402664 -0.034350
v -9.457670 4.248326 6.129774
v -9.475192 4.248548 6.129025
v -9.594626 4.124370 6.127450
v -10.082641 3.402432 6.132133
v -9.577292 4.154433 6.127162
v -10.008568 3.303672 6.496570
v -9.599003 2.541588 6.490966
v -9.915624 2.592941 -0.033887
v -10.032099 3.345661 6.496848
v -10.436640 3.497358 -0.010362
v -10.049863 3.376446 6.497038
v -10.071502 3.383214 6.133005
v -10.425927 3.493341 0.161955
v -9.581494 2.541583 6.491531
v -7.896838 5.046309 6.190426
v -7.903359 5.036300 6.190294
v -8.304103 5.761315 6.205744
v -8.379206 5.893161 6.208508
v -8.546337 6.005951 4.135111
v -8.540409 5.995590 4.135417
v -9.490149 6.017008 4.109246
v -8.895731 6.006430 4.125455
v -8.385173 5.882942 6.207828
v -11.043324 -8.761381 3.610651
v -11.043672 -8.761383 3.610651
v -11.521935 -9.586533 3.601960
v -11.482749 -7.360484 -0.034107
v -9.979363 -6.947707 4.142624
v -10.973093 -6.961812 4.079951
v -10.438148 -7.360484 -0.034107
v -11.519189 -7.847743 3.622248
v -11.542396 -7.887458 3.620815
v -11.043672 -8.761381 3.610651
v -11.103877 -8.656223 3.610522
v -9.992306 -5.247510 4.175912
v -11.482925 -5.550806 -0.034572
v -10.030072 -5.312795 4.174757
v -10.833613 -5.305866 4.124348
v -11.047462 -5.269875 4.107071
v -11.075346 -5.234388 4.106397
v -11.018300 -5.306781 4.108805
v -11.098611 -5.245791 3.902966
v -11.146706 -3.564048 4.092330
v -11.107882 -3.564295 4.093197
v -11.047746 -3.564541 4.097683
v -11.634198 -4.477273 4.086558
v -11.598895 -4.410311 4.091398
v -11.253742 -3.749205 4.089936
v -11.598896 -4.410312 4.091398
v -11.167179 -3.599301 4.090222
v -11.094196 -5.210405 4.105910
v -11.165751 -5.119838 4.101723
v -11.530448 -4.656545 4.088733
v -10.246663 -1.881879 4.425002
v -11.069551 -1.919964 4.410154
v -11.101164 -1.919966 4.409550
v -10.257816 -1.901212 4.425233
v -11.150014 -1.919974 4.406259
v -11.167446 -1.919976 4.405644
v -12.005322 -2.836214 -0.034321
v -11.614682 -2.700675 4.130019
v -11.589338 -2.744962 4.128024
v -11.054030 -3.525237 4.096239
v -11.025637 -3.525161 4.097711
v -11.041696 -3.525223 4.096519
v -11.131271 -0.134668 4.958259
v -11.541105 -0.758342 5.050613
v -11.224356 -0.242481 4.529579
v -11.729399 -0.988174 4.439414
v -11.150208 -0.168045 4.962907
v -12.005350 -1.026500 -0.034571
v -11.760464 -1.034070 4.434224
v -11.741119 -0.992965 4.287305
v -11.136362 -0.143590 4.959101
v -11.238621 -1.919984 4.402476
v -10.121713 1.698434 5.035892
v -10.132438 1.679783 5.036603
v -11.038657 1.687868 5.093233
v -11.064855 1.687869 5.089115
v -11.550534 0.833385 4.856845
v -11.554187 0.826614 4.857241
v -11.607816 0.840322 4.158195
v -11.207391 1.570924 4.186962
v -11.139466 1.687907 4.191692
v -11.529857 0.711359 4.423619
v -11.202631 -0.045527 4.478311
v -11.534461 0.793079 4.860990
v -11.137764 -0.119771 4.956419
v -10.071018 3.383214 6.133020
v -10.056600 3.357601 6.134170
v -11.038401 3.375900 6.103557
v -11.047609 3.375806 6.104223
v -11.236750 3.216766 5.199757
v -11.237991 3.214564 5.199597
v -11.613098 2.546118 5.174289
v -11.171313 3.328980 5.208073
v -11.152060 3.361760 5.212279
v -11.505474 2.241412 4.200190
v -11.300389 1.897144 4.187913
v -11.175015 1.687907 4.190450
v -11.674497 2.535500 4.211154
v -11.599279 2.522439 5.176400
v -11.085178 5.130982 5.089465
v -11.678428 4.238636 5.191251
v -11.169711 4.982957 5.098992
v -11.153170 5.012274 5.095050
v -11.464389 3.732517 3.113273
v -11.562201 3.912708 3.572114
v -11.645661 4.182896 5.204418
v -11.656141 4.190900 5.072569
v -9.872046 6.187505 0.497117
v -10.051784 6.811890 3.847673
v -10.346536 7.011153 0.516101
v -10.373869 7.056476 0.501051
v -10.115152 6.919712 3.842832
v -9.920382 6.273036 0.516121
v -11.132553 6.926666 4.039643
v -11.449313 7.098970 0.356270
v -11.040672 6.934732 3.807385
v -11.020602 6.923769 4.041780
v -11.188067 6.993972 2.562587
v -11.649779 6.056058 4.022056
v -11.307612 6.624457 4.034519
v -11.489113 7.106542 -0.034603
v -11.473759 5.867388 5.047917
v -12.005327 6.212369 -0.034492
v -11.612364 5.991300 4.022482
v -11.540624 5.982444 5.041221
v -11.633452 6.027801 4.022242
v -13.050149 -8.265377 -0.034439
v -11.519372 -7.847744 3.622245
v -12.005348 -8.265376 -0.034437
v -11.542396 -7.887456 3.620815
v -12.522953 -7.894440 3.602781
v -13.050096 -6.455649 -0.034344
v -11.475854 -6.095522 4.071923
v -12.492212 -6.114722 4.023021
v -12.005381 -6.455649 -0.034344
v -13.572517 -5.550701 -0.034226
v -12.997615 -5.253970 4.006813
v -12.501365 -4.386976 4.022921
v -13.050187 -4.646032 -0.034037
v -11.606064 -2.685904 4.131224
v -12.006878 -2.729595 2.933181
v -13.050147 -2.836208 -0.034215
v -12.426888 -2.709082 3.085167
v -12.564294 -2.667639 4.102094
v -12.587761 -2.667662 4.101537
v -12.594083 -2.667686 4.100932
v -12.600797 -2.669773 4.049737
v -13.572613 -3.741083 -0.034582
v -13.052294 -3.523055 3.689732
v -12.672566 -2.748891 3.748103
v -12.641480 -2.695661 3.752192
v -13.050194 -2.836225 -0.034584
v -12.633483 -2.681880 3.752667
v -11.736487 -0.987444 4.439045
v -12.072402 -1.001451 3.193578
v -12.425577 -0.964465 3.190252
v -12.582187 -0.941346 4.392085
v -11.759725 -1.027283 4.434762
v -12.665289 -0.941422 4.388113
v -12.692976 -0.941461 4.386106
v -12.714709 -0.945819 4.159556
v -12.713651 -0.945607 4.170586
v -13.572615 -1.931358 -0.034552
v -13.167963 -1.776112 3.750918
v -13.572584 -1.931348 -0.034305
v -13.158375 -1.757373 3.752704
v -13.124824 -1.751619 4.108124
v -13.163342 -1.767080 3.751779
v -12.715826 -2.566387 3.748394
v -12.649340 -2.681915 3.751791
v -12.586347 -2.681826 3.753974
v -12.618834 -2.681846 3.753476
v -12.517639 0.806151 4.005979
v -12.509117 0.806375 4.006222
v -12.596176 0.804092 4.005662
v -12.064329 0.816144 3.155912
v -12.402081 0.807546 3.270090
v -12.682798 0.653659 4.007761
v -13.101199 -0.045221 4.025945
v -13.115604 -0.069800 4.029537
v -12.634407 0.737903 4.005508
v -12.782101 -0.807213 4.161508
v -12.998832 -0.598735 2.592887
v -12.729140 -0.937663 4.168975
v -13.036219 -0.500842 2.615045
v -13.028617 -0.214937 4.056186
v -13.050190 -1.026497 -0.034565
v -12.725924 -0.945633 4.169187
v -12.683197 -0.945540 4.174057
v -12.507837 2.552403 4.019270
v -12.524424 2.552056 4.019052
v -12.424789 2.548769 4.154279
v -12.504147 2.548834 4.148154
v -11.641181 2.534910 4.213679
v -12.508776 2.548836 4.147983
v -13.018166 1.674716 4.001660
v -12.525500 2.550195 4.019038
v -12.521158 0.812962 4.005965
v -13.017791 1.674063 4.001648
v -12.505135 0.812962 4.006052
v -12.505985 0.812962 4.006026
v -13.040116 3.232117 4.013500
v -12.627179 2.550209 4.017725
v -13.139351 3.403842 4.012557
v -12.506528 2.550193 4.019283
v -13.050191 6.212394 -0.034567
v -12.582294 6.032008 4.225394
v -12.521777 6.040163 4.001080
v -12.516187 6.030963 4.225439
v -11.793793 6.027977 4.018370
v -12.499391 6.039809 4.001105
v -13.102402 5.162681 4.229240
v -12.663221 5.891832 4.225412
v -11.669406 7.808376 2.468999
v -11.490111 7.543648 2.763467
v -11.288245 7.203789 2.805952
v -11.484831 7.715881 4.016973
v -11.999164 8.011404 -0.034603
v -12.499183 7.733495 4.000045
v -12.469570 7.730831 4.000586
v -11.485802 7.714149 4.016995
v -12.505907 7.723712 4.000021
v -12.499983 7.719981 4.000031
v -12.499983 7.719975 4.000031
v -12.501830 7.716652 4.000031
v -13.056380 8.011404 -0.034603
v -14.617402 -1.931348 -0.034243
v -13.972655 -1.799954 3.681257
v -13.988217 -1.800001 3.679932
v -14.004457 -1.800033 3.679034
v -14.010094 -1.800033 3.679012
v -14.524102 -0.930053 3.848031
v -15.139728 -1.026476 -0.033622
v -14.030830 -1.793861 3.853553
v -14.617337 -1.931333 -0.033813
v -14.009082 -1.793859 3.853615
v -14.029396 1.672573 3.807923
v -14.500000 0.805772 4.000000
v -14.529843 0.805772 3.807923
v -15.139748 0.783228 -0.033750
v -14.528948 2.537823 3.807923
v -13.090118 5.135896 4.229575
v -14.015314 5.162424 4.223361
v -14.146200 5.176537 3.807923
v -14.074064 5.176581 3.807923
v -14.651509 4.301317 3.807923
v -14.123178 3.422521 4.000000
v -14.611869 4.269874 4.000000
v -14.637006 4.276196 3.807923
v -14.010780 3.422521 4.000000
v -14.550575 6.001924 3.807923
v -16.184553 -1.026476 -0.033622
v -15.502179 -0.930054 3.848006
v -15.139612 0.783233 -0.032896
v -16.184423 0.783233 -0.032896
v -16.184723 0.783223 -0.034575
v -15.503650 4.276196 3.807923
v -3.956965 20.789156 4.017048
v -3.516202 21.600725 3.821702
v -3.523318 21.588507 3.821702
v -4.162827 21.562901 -0.034603
v -4.168992 23.361790 -0.034102
v -3.991555 22.430012 3.818306
v -4.366714 20.969826 4.006511
v -4.069372 20.969019 4.011906
v -5.106395 20.867622 4.000000
v -5.092556 20.891592 4.000000
v -5.060018 20.947948 4.000000
v -5.486158 21.573334 4.000000
v -5.730093 22.467764 -0.034603
v -5.220045 21.562901 -0.034603
v -2.466049 25.072266 3.011252
v -2.047440 25.961662 3.011252
v -2.515459 25.174990 3.011252
v -2.513492 25.154438 3.011252
v -2.508542 25.163010 3.011252
v -3.557764 25.113518 3.011252
v -3.522273 25.174990 3.011252
v -2.484182 23.308809 3.556989
v -2.433095 23.397295 3.556989
v -2.494292 25.023348 3.476933
v -2.106978 24.332733 3.556989
v -2.106362 24.351433 3.476933
v -2.560658 23.618238 3.556989
v -2.506899 23.348242 3.556989
v -3.524261 23.323439 3.556989
v -3.509941 23.348242 3.556989
v -2.191637 24.186100 3.556989
v -2.526319 21.601162 3.863105
v -2.483245 21.668673 3.859788
v -2.495394 21.737541 3.540378
v -2.171901 22.711248 3.821337
v -2.645382 21.953981 3.829875
v -2.548376 22.104660 3.822510
v -3.406140 21.608280 3.821917
v -2.557418 21.655186 3.857423
v -2.612478 21.655718 3.854838
v -2.304755 22.481030 3.822196
v -2.206382 21.006216 4.131516
v -2.975703 20.243179 4.103443
v -2.899503 20.255365 4.110322
v -2.428998 20.599792 4.132710
v -2.625933 20.252556 4.138497
v -2.619628 20.241898 4.139937
v -2.264941 20.904594 4.134002
v -3.730777 20.425566 4.042518
v -3.586657 20.143860 4.060614
v -3.539393 20.151690 4.062807
v -3.578723 20.160496 4.060410
v -2.282832 20.873623 4.133775
v -0.907481 24.307682 3.476933
v -0.898142 24.323858 3.476933
v -0.612288 25.207954 3.476933
v -0.530233 26.107975 -0.034603
v -1.010432 24.518349 3.476933
v -1.011459 24.487846 3.476933
v -2.027064 24.488781 3.476933
v -2.112068 24.341549 3.476933
v -1.005614 22.504877 5.264178
v -0.987073 22.533436 5.262778
v -0.555876 23.377748 5.225941
v -0.530235 24.298252 -0.034603
v -1.923820 22.596323 5.327726
v -1.174984 22.565697 5.275731
v -0.667694 23.201929 5.237970
v -1.040920 22.626183 5.266167
v -1.042964 22.567076 5.266538
v -0.569792 23.353634 5.226001
v -0.584702 23.330793 5.226060
v -2.118193 22.605192 5.334711
v -2.153071 22.551119 5.337121
v -2.121918 22.605408 5.334527
v -1.034481 23.361881 -0.034430
v -2.079327 23.361879 -0.034402
v -1.017470 20.796148 6.073431
v -1.016308 21.583662 -0.034603
v -0.535976 21.603870 6.013741
v -0.530234 22.488527 -0.034603
v -1.036886 20.829491 6.075602
v -0.584030 21.529425 6.020899
v -0.549091 21.583677 6.014718
v -0.935362 19.104984 5.062968
v -0.927832 19.117872 5.062244
v -1.028294 19.753178 -0.034603
v -0.641197 20.062040 5.041609
v -0.530235 20.678802 -0.034603
v -1.131235 19.435053 5.089888
v -1.132501 19.469097 5.090450
v -1.339970 19.433487 5.114278
v -0.699085 19.960876 5.052372
v -2.185445 19.328213 5.220729
v -2.164153 19.365145 5.219582
v -2.140188 19.406717 5.218291
v -2.626346 20.124928 5.311535
v -1.478515 19.432320 5.132475
v -2.085512 19.753178 -0.034603
v -0.871156 1.786440 7.864707
v -1.016308 1.698135 -0.034603
v -0.933823 3.366421 0.912918
v -0.889406 3.298463 6.848322
v -0.251030 2.618764 7.842169
v -0.252098 2.620083 7.788824
v -0.251294 2.620821 7.337732
v -0.309559 2.684470 6.789270
v -0.564008 2.725883 0.912928
v -0.341116 2.625011 5.109866
v -0.530234 2.602999 -0.034603
v -2.010400 3.379367 7.037684
v -2.019279 3.379378 7.038199
v -2.017019 3.379375 7.038110
v -0.890244 1.819120 7.871206
v -0.879476 1.800311 7.867504
v -0.350321 2.489726 7.841433
v -0.263765 2.597279 7.832538
v -2.085292 3.265068 7.037209
v -2.536194 2.512666 7.035117
v -2.029561 3.361590 7.037494
v -2.531405 2.504369 7.035017
v -0.935627 3.396169 8.115279
v -0.458315 4.264982 8.224472
v -0.942478 3.391849 7.816370
v -1.016309 3.507859 -0.034603
v -0.968848 5.143638 8.045171
v -1.034295 5.285701 -0.011972
v -1.034427 5.285987 -0.027970
v -0.475549 4.294597 8.233342
v -0.967730 5.141716 8.044983
v -0.530233 4.412723 -0.034603
v -0.984066 5.143636 8.045239
v -2.074272 5.075087 8.044194
v -0.948466 3.409902 8.120137
v -0.959167 3.421215 8.120781
v -0.774312 3.755471 8.165980
v -0.959389 3.421600 8.120811
v -2.074292 5.075053 8.044188
v -2.020331 3.381051 7.038346
v -2.019279 3.379380 7.038199
v -2.486589 4.121826 7.078605
v -2.539732 4.213832 7.083299
v -2.010412 3.379387 7.037685
v -2.017031 3.379381 7.038111
v -0.951116 5.170001 8.047596
v -1.016309 5.317582 -0.034603
v -1.032865 6.764697 7.346665
v -0.471607 6.051188 8.129076
v -0.470369 6.062916 7.832529
v -0.562392 6.231414 6.549170
v -0.608804 6.348804 1.336525
v -0.530233 6.222447 -0.034603
v -2.362594 6.643406 8.427815
v -1.149093 6.803464 7.612033
v -2.203960 6.699482 7.620600
v -0.970608 5.203384 8.050859
v -0.481275 6.034634 8.131574
v -2.363376 6.641832 8.428029
v -2.748593 5.862676 8.276013
v -2.760441 5.842190 8.272142
v -2.765902 5.831079 8.269972
v -2.081491 5.087506 8.047606
v -2.074272 5.075089 8.044195
v -2.601921 6.190589 -0.025889
v -0.630751 7.661922 8.418621
v -0.632300 7.659009 8.418160
v -1.083109 6.810594 8.334819
v -1.083757 6.814608 8.067940
v -1.016308 7.127305 -0.034603
v -0.694587 7.850179 7.212174
v -1.174100 8.408432 7.167526
v -0.971589 8.710272 1.306307
v -0.651532 7.689836 8.421693
v -0.637944 7.674299 8.419857
v -0.647098 7.702724 8.224676
v -0.530234 8.032170 -0.034603
v -0.635324 8.127842 1.306343
v -0.633099 7.665970 8.418907
v -2.460868 8.322901 8.718657
v -2.451885 8.323635 8.718119
v -1.310450 8.422489 8.561074
v -1.297823 8.422584 8.559401
v -2.467289 8.311799 8.720902
v -2.464818 8.316073 8.720305
v -0.820688 9.229614 4.679884
v -0.798983 9.304232 3.081472
v -0.946548 9.043901 4.684071
v -0.655101 9.374430 8.407488
v -1.276358 8.461687 8.279958
v -1.279685 8.449478 8.553894
v -0.893175 9.141086 3.081436
v -0.669892 9.399952 8.410378
v -0.672724 9.404945 8.409625
v -0.530234 9.841894 -0.034603
v -1.301789 8.474931 8.556610
v -1.289530 8.460769 8.555887
v -1.301898 8.475120 8.556613
v -1.098270 8.776031 8.510666
v -0.683331 9.389270 8.412176
v -0.678975 9.386915 8.412502
v -0.692963 9.375020 8.415674
v -2.601883 9.810101 -0.029843
v -2.839301 9.262913 8.294912
v -2.199931 10.191738 8.069732
v -2.191044 10.207237 8.067007
v -2.188880 10.211017 8.066160
v -2.188851 10.213069 8.014608
v -2.196561 10.197635 8.068183
v -0.728817 11.037570 4.751589
v -0.521470 11.157873 8.116945
v -1.119233 10.268585 8.276454
v -0.875202 10.821714 4.755739
v -0.843561 10.940216 2.954899
v -0.535992 11.196556 7.886503
v -0.521490 11.157909 8.116940
v -0.528509 11.173156 8.114537
v -0.535482 11.188313 8.111838
v -0.535371 11.201697 7.780614
v -0.530233 11.651617 -0.034603
v -1.982249 12.109674 6.928089
v -0.538656 11.168427 8.115520
v -0.574697 11.130103 8.122592
v -2.555227 11.203807 7.058762
v -2.521673 11.145352 7.065893
v -0.899293 12.084250 7.962689
v -0.899397 12.085385 7.946315
v -1.016308 12.556476 -0.034603
v -0.480137 12.920815 7.996785
v -0.530234 13.461341 -0.034603
v -0.914013 12.110105 7.964005
v -0.490023 12.902380 7.995624
v -2.064637 13.726711 7.044185
v -2.078527 13.701446 7.044148
v -2.477616 12.978910 7.007543
v -2.024132 13.796801 7.044944
v -2.321044 12.773563 5.042381
v -2.252217 12.584658 6.967171
v -2.442937 12.919217 6.996430
v -0.991467 13.777874 8.031990
v -0.538951 14.568335 8.105031
v -0.908399 15.726606 2.252645
v -1.007490 15.536619 7.122343
v -0.555128 14.599006 8.106235
v -0.539126 14.568638 8.105042
v -0.614500 14.808415 6.866499
v -0.552766 14.682955 7.076656
v -0.530234 15.271065 -0.034603
v -2.133389 15.403484 6.460816
v -2.601746 15.239576 -0.034490
v -2.526009 14.732526 6.460830
v -2.110008 15.444021 6.459445
v -2.101983 15.457911 6.459542
v -2.601725 15.239531 -0.034339
v -2.509688 14.704449 6.457516
v -0.507512 16.395245 7.667869
v -0.990708 15.498227 8.106033
v -0.963779 15.610950 7.351890
v -1.007849 15.535118 7.346272
v -0.519125 16.373140 8.177545
v -1.138222 17.360867 7.611611
v -2.055911 17.324930 7.567600
v -1.127915 17.360830 7.612096
v -1.009070 15.530009 8.108589
v -0.525120 16.362816 8.175567
v -2.188758 17.212219 6.235255
v -2.212025 17.163183 6.240942
v -2.538815 16.483175 6.242460
v -2.117531 17.335640 6.234679
v -2.063738 17.311432 7.566942
v -2.146229 17.286636 6.226692
v -2.601747 17.049309 -0.034603
v -2.534135 16.475117 6.241804
v -0.555284 18.644741 3.027788
v -1.015586 17.529394 6.765730
v -0.730766 18.176912 5.507639
v -1.039277 17.520973 6.280967
v -1.016309 17.985645 -0.034603
v -0.530233 18.890511 -0.034603
v -2.290464 19.133209 5.494166
v -2.386411 18.917732 5.480273
v -2.608803 18.420286 5.422281
v -2.169702 19.340836 5.526307
v -2.227791 19.241377 5.502213
v -2.483139 18.204287 5.402227
v -2.486546 18.238081 5.064705
v -3.311500 4.225347 5.716889
v -2.860006 4.262345 5.021248
v -3.736821 5.822258 7.351541
v -3.723399 5.823002 7.352078
v -3.677325 5.820092 7.464910
v -3.822471 5.817621 7.345940
v -3.646552 6.190949 -0.034219
v -2.857662 5.863634 7.535587
v -2.601803 6.190949 -0.034219
v -4.067122 5.119773 7.260129
v -4.086482 5.097136 6.658773
v -3.890940 5.699157 7.332273
v -3.865711 5.742801 7.338112
v -3.786294 4.480979 7.185153
v -3.617189 4.186471 7.151119
v -3.621385 4.193787 7.151568
v -4.168983 5.286044 -0.034213
v -3.594616 4.186461 7.151483
v -3.608774 4.186474 7.151001
v -3.965560 7.464359 8.667270
v -3.961849 7.464166 8.667857
v -3.180923 7.551439 6.766498
v -3.682122 7.571796 6.777955
v -3.690952 7.602916 6.291245
v -3.878389 7.610933 6.289127
v -3.716704 7.603974 6.291633
v -3.042419 7.417818 8.789363
v -3.036959 7.417773 8.790049
v -3.972078 7.453053 8.658528
v -3.972185 7.452370 8.668401
v -3.971857 7.453453 8.668273
v -4.025740 7.355715 6.289796
v -4.206995 6.758445 6.277476
v -3.979377 7.436021 6.291143
v -3.883220 7.602565 6.289223
v -3.967542 7.460926 8.667651
v -4.002510 6.258330 7.408433
v -3.806940 5.825900 7.347469
v -3.847500 5.916456 7.351217
v -4.204910 6.754842 6.277357
v -3.722102 5.825655 7.352426
v -3.731288 5.825670 7.352117
v -3.707402 9.311987 8.127449
v -3.703743 9.311806 8.127656
v -3.034283 9.380056 6.512716
v -2.868088 9.263248 8.289803
v -3.520384 9.392224 6.680215
v -3.646603 9.810315 -0.033003
v -3.702042 9.311721 8.127752
v -3.705264 9.298542 8.344780
v -2.601779 9.810344 -0.033539
v -3.706293 9.296590 8.344817
v -4.151009 8.452927 8.412435
v -4.218598 8.460627 8.393825
v -3.710530 9.288508 8.345781
v -4.133722 8.482985 8.410398
v -3.713282 9.301707 8.129427
v -3.710366 9.306823 8.128081
v -3.890135 7.602571 6.289122
v -3.945476 7.799874 6.284369
v -4.089628 8.317110 6.255489
v -4.207895 8.522735 6.244616
v -2.549464 11.190948 7.060385
v -2.532007 11.145277 7.066253
v -3.419967 11.190914 7.089823
v -3.535676 11.190448 7.101953
v -3.513199 11.190460 7.100893
v -3.709140 9.301449 8.130238
v -3.710737 9.375593 8.117700
v -3.725082 9.400876 8.111178
v -4.054103 10.271919 7.914102
v -3.689667 9.338656 8.124301
v -4.080123 10.372311 6.114253
v -3.589466 11.183713 6.109928
v -3.561772 11.231621 6.110626
v -3.539726 11.183420 7.102081
v -3.664246 11.053913 6.113119
v -4.024056 12.059978 6.169644
v -3.545614 12.879320 6.172744
v -3.558777 12.856699 6.171212
v -3.548813 12.915153 5.818733
v -4.169011 12.524991 -0.034501
v -3.990057 12.001212 6.166070
v -4.168990 12.524949 -0.034377
v -2.555802 14.642913 6.458540
v -2.550405 14.634890 6.457519
v -3.522888 14.623734 6.555284
v -3.606141 14.622202 6.561304
v -3.654194 14.538124 6.563505
v -3.651839 14.542817 6.563544
v -3.748471 14.503935 5.330701
v -4.071326 13.864761 5.291564
v -3.644532 14.555471 6.563554
v -3.739595 14.519221 5.331545
v -3.724699 14.544901 5.332706
v -3.722479 14.557819 5.245657
v -4.052410 13.869807 4.621987
v -4.044382 13.818478 5.284731
v -2.636961 16.312923 6.244127
v -2.634363 16.308949 6.243780
v -3.738264 16.305630 6.329701
v -3.727619 16.305590 6.329807
v -3.646605 17.049229 -0.033970
v -3.754048 16.278179 6.330913
v -3.743382 16.296671 6.330732
v -2.558265 18.287758 5.409364
v -2.500083 18.187355 5.234233
v -2.498779 18.170156 5.398240
v -2.699072 18.288095 5.406151
v -3.431278 18.205860 5.380517
v -3.560855 18.191994 5.370492
v -3.990387 17.638220 5.209659
v -3.725588 18.058537 4.363971
v -3.651669 18.075933 5.097208
v -3.581227 18.157404 5.365881
v -3.561113 18.191553 5.370459
v -3.647290 18.083807 5.095301
v -3.609982 18.150700 5.080224
v -3.591396 18.183044 5.079216
v -3.566672 19.968832 5.426179
v -3.567765 19.966583 5.425930
v -3.597091 19.906332 5.418922
v -3.954672 19.266464 4.736529
v -5.066574 5.055717 6.184864
v -5.025800 5.055036 6.185132
v -5.565094 4.185636 6.154115
v -5.564079 4.183874 6.154008
v -5.128037 6.778084 6.288010
v -4.586465 6.749053 6.282573
v -4.735871 6.871873 3.965634
v -5.083918 6.775643 6.289106
v -5.065454 6.774676 6.288456
v -5.017785 6.772060 6.289206
v -5.548590 5.914830 6.244513
v -5.202325 6.649793 6.282869
v -5.066574 5.055718 6.184864
v -5.523121 5.870705 6.242923
v -5.523384 5.871099 6.235218
v -5.523122 5.870707 6.242923
v -5.026189 5.055707 6.185179
v -5.055620 5.055723 6.184727
v -5.498291 7.824485 5.380764
v -5.188681 8.440084 5.236514
v -4.086688 10.389594 6.115700
v -5.046278 10.403906 6.197525
v -4.958824 10.401795 6.191555
v -4.376020 10.388276 6.140591
v -5.407927 10.021319 3.671982
v -5.311439 9.924810 6.224431
v -5.183097 10.165730 6.209933
v -5.064545 10.372115 6.199102
v -5.064545 10.372114 6.199102
v -5.069417 10.363704 6.198816
v -5.084840 10.336942 6.199316
v -5.021274 11.997731 6.219003
v -5.021276 11.997732 6.219000
v -5.021276 11.997732 6.219003
v -5.559613 11.259652 6.168911
v -5.034598 11.990697 6.102488
v -5.025096 12.007293 6.101484
v -5.026872 12.004208 6.101554
v -5.031384 11.996325 6.102035
v -5.213481 12.523966 -0.022339
v -4.105598 13.773907 5.285078
v -4.081148 13.738745 5.279571
v -4.265504 13.772581 5.297649
v -5.074380 13.807284 5.365438
v -5.124873 13.809525 5.368897
v -5.565271 12.953850 5.456605
v -5.736258 13.429794 -0.033838
v -5.736270 13.429832 -0.034261
v -5.273122 13.643351 4.648234
v -5.149373 13.767285 5.367343
v -5.152999 13.765658 5.330315
v -5.152939 13.761149 5.367004
v -5.469888 12.800601 4.857283
v -5.042111 12.042594 5.920600
v -5.390537 15.659309 4.493004
v -5.802743 14.747551 5.498470
v -5.810822 14.747481 5.499244
v -5.162480 13.779139 5.369081
v -5.166337 13.771358 5.368910
v -5.186400 13.828145 5.374812
v -5.160331 13.783463 5.369264
v -5.486938 15.492275 4.494570
v -5.518066 15.426210 4.499945
v -5.797159 14.837683 4.484905
v -5.418862 15.610517 4.486245
v -5.332156 17.508308 4.181638
v -5.288727 17.503895 4.184799
v -5.445310 17.311882 4.189312
v -5.571002 17.103386 4.187777
v -5.864932 16.613838 4.222203
v -5.375261 17.433180 4.189869
v -5.776521 16.428926 4.427710
v -5.797650 16.471874 4.386643
v -5.797792 16.466339 4.424018
v -5.795879 16.488539 4.259042
v -5.373715 15.658937 4.496469
v -5.665415 18.349283 4.047569
v -5.292388 18.825241 4.015075
v -5.175778 18.972824 4.013121
v -5.091291 19.119606 4.011018
v -5.499701 17.992792 4.102603
v -5.331254 17.672417 3.278147
v -5.567617 18.177523 4.072540
v -5.298046 17.575130 3.549750
v -5.290520 17.508049 4.184101
v -5.556537 20.036383 4.234499
v -5.085505 20.851952 4.234499
v -5.470949 19.888138 4.234499
v -6.532257 7.668682 5.215961
v -5.940798 7.738224 4.284106
v -6.498289 7.669126 5.217885
v -6.223920 7.740704 4.171497
v -6.619141 7.518062 5.216863
v -6.985408 6.789505 5.209748
v -6.537252 7.660068 5.215693
v -6.608669 7.536170 5.217063
v -6.960077 6.745648 5.210125
v -5.581759 9.478760 6.252735
v -5.735995 9.809799 -0.022927
v -5.582303 9.479813 6.252721
v -6.533995 9.565409 5.274537
v -6.550364 9.566225 5.273001
v -6.603199 9.568786 5.269721
v -5.602991 9.479764 6.253649
v -6.698137 9.405807 5.255670
v -7.044365 8.591451 5.188450
v -6.537418 7.676163 5.215654
v -6.948781 8.425959 5.190968
v -7.303541 8.905546 -0.034495
v -7.014131 8.539047 5.187057
v -6.502021 7.676039 5.217661
v -6.586182 11.438598 4.204044
v -6.643993 11.444774 4.199204
v -7.152544 10.571178 4.163554
v -6.676505 11.389060 4.193056
v -6.599364 9.571402 5.270091
v -6.617012 9.604979 5.270537
v -6.781119 9.810408 -0.034442
v -7.028135 10.387870 5.313518
v -7.119327 10.537294 5.008841
v -7.104098 10.519624 5.320079
v -7.150199 10.567121 4.163650
v -6.537049 9.571187 5.274852
v -6.559065 9.571284 5.272679
v -5.566167 12.934774 5.598052
v -5.566544 12.935404 5.598148
v -6.781117 13.429842 -0.034308
v -5.897542 12.962420 5.624486
v -5.694006 12.950767 5.423145
v -5.657876 12.934844 5.604531
v -5.736287 13.429858 -0.034564
v -6.793374 12.888288 4.629323
v -6.823926 12.742831 5.378199
v -7.303541 12.524992 -0.034451
v -7.108371 12.232463 5.336438
v -6.781129 13.429852 -0.034518
v -6.781125 11.620139 -0.034556
v -6.982902 12.005523 4.201194
v -6.640299 11.449417 4.199805
v -7.079340 12.171070 4.025577
v -7.068111 12.153117 4.202077
v -7.106145 12.228610 5.336777
v -6.592669 11.449244 4.204077
v -5.790571 14.837667 4.485089
v -5.712303 14.727855 4.404582
v -5.712696 14.719748 4.485823
v -6.024040 14.838247 4.478557
v -6.512176 14.892397 4.465550
v -6.768475 14.922894 4.429489
v -6.702334 14.914748 4.442698
v -7.303547 14.334722 -0.034577
v -7.257137 14.083057 4.254801
v -6.773688 14.913842 4.429756
v -6.820498 14.844131 4.279937
v -6.773949 14.925262 4.273240
v -6.700195 13.152884 5.065491
v -7.157930 13.894225 4.680536
v -7.303534 14.334694 -0.034477
v -7.177219 13.943847 4.274538
v -5.786980 16.488308 4.260814
v -5.770065 16.454363 4.270446
v -6.626149 16.448503 4.111293
v -5.827432 16.489361 4.252759
v -6.620165 16.448956 4.111369
v -6.553807 16.453041 4.118446
v -6.664916 16.381680 4.111380
v -7.117961 15.599854 4.132219
v -6.633452 16.435602 4.112495
v -7.100690 15.569676 4.137136
v -7.101300 15.570745 4.136901
v -6.743490 16.696562 4.082860
v -7.019965 17.251841 4.018581
v -7.303475 17.954185 -0.034228
v -6.524364 18.126705 4.023395
v -6.781148 18.858883 -0.034228
v -7.032053 19.055443 3.573944
v -6.540173 19.907406 3.573944
v -6.991879 18.985861 3.573944
v -7.070955 20.907166 3.236562
v -6.781126 22.478481 -0.034603
v -6.594170 21.732983 3.236562
v -6.976784 20.744057 3.236562
v -6.960302 6.745650 5.210122
v -6.985409 6.789505 5.209748
v -8.041158 6.860471 4.137559
v -8.008602 6.860003 4.138349
v -7.897417 6.800088 5.192707
v -7.824310 6.798981 5.195491
v -7.922781 6.800441 5.192310
v -8.546401 5.985204 4.135394
v -8.870810 6.190964 -0.034568
v -8.506617 5.916469 4.137434
v -8.021101 8.602801 4.086766
v -8.505637 7.712106 4.110939
v -8.126693 8.419541 4.088510
v -8.109460 8.449586 4.087584
v -8.475177 7.659600 4.113991
v -8.348391 10.715275 -0.034586
v -8.063851 10.488897 4.111321
v -7.327599 10.567454 4.154202
v -7.994942 10.496139 4.117128
v -7.303549 10.715275 -0.034588
v -8.475022 9.320201 4.081103
v -8.536758 9.427091 4.080259
v -7.177528 13.943323 4.274518
v -7.262816 14.079168 4.254124
v -8.186408 13.989410 4.356281
v -8.195858 13.988351 4.355774
v -7.496416 14.081336 4.217752
v -8.188166 14.008866 4.119244
v -8.107174 14.017912 4.124018
v -8.284653 13.835122 4.351679
v -8.313841 13.768446 4.348786
v -8.631470 13.046515 4.300333
v -8.222076 13.942627 4.358016
v -8.348387 12.524992 -0.034483
v -8.542661 12.892061 4.212549
v -8.104315 12.222514 4.243343
v -8.574574 12.947322 4.210342
v -8.576403 12.951149 4.302026
v -8.091584 12.222444 4.244342
v -8.112041 12.253881 3.799736
v -7.032054 19.055443 3.573944
v -6.992353 18.985041 3.573944
v -8.036790 19.055443 3.573944
v -8.042541 19.045483 3.573944
v -7.028379 20.785168 3.236562
v -6.990715 20.719929 3.236562
v -8.032572 20.785168 3.236562
v -8.039761 20.772717 3.236562
v -9.477223 7.689830 3.852020
v -9.915595 8.000646 -0.034041
v -9.979202 6.822246 3.850342
v -9.972309 6.810379 3.850872
v -9.915661 8.000709 -0.034466
v -9.998405 8.519283 3.829340
v -10.438015 8.905498 -0.034003
v -10.438028 8.905483 -0.034387
v -10.019801 8.556252 3.828395
v -8.532104 11.210305 4.203389
v -8.588642 11.301860 4.204714
v -8.777596 11.302292 4.198953
v -9.406764 11.256213 4.178187
v -9.553385 11.245893 4.168972
v -9.596797 11.242742 4.167252
v -9.639834 11.251562 4.040619
v -9.915519 11.619973 -0.032779
v -9.606394 11.254101 4.040785
v -9.744475 11.069753 4.043345
v -10.176221 10.370164 4.060894
v -9.653742 11.227321 4.041362
v -9.915634 9.810388 -0.034258
v -10.075846 10.199852 4.194686
v -9.627540 9.475014 4.207191
v -10.128447 10.290921 4.193229
v -10.137738 10.303615 4.064816
v -9.592391 9.474929 4.208269
v -9.915618 13.429847 -0.034478
v -9.523085 12.929255 4.012326
v -9.518558 12.929462 4.012331
v -8.856551 13.053747 3.279047
v -9.387816 13.014250 3.397398
v -8.870819 13.429846 -0.034469
v -10.438036 12.524948 -0.034164
v -10.026874 12.054578 4.010004
v -9.566330 11.177563 4.043772
v -10.011371 12.027761 4.010601
v -10.437996 12.524902 -0.033783
v -10.437962 12.524861 -0.033450
v -10.018890 12.040755 4.010088
v -10.018890 12.040754 4.010088
v -9.557336 11.177555 4.043840
v -8.870788 15.239538 -0.034268
v -8.575857 14.710270 4.049749
v -8.555335 14.672226 4.052780
v -9.530799 14.676065 4.007367
v -9.525670 14.676294 4.007365
v -9.451478 14.679436 4.008604
v -8.631008 14.710622 4.047035
v -9.915618 15.239528 -0.034185
v -10.024189 13.804298 4.001681
v -9.915560 13.429737 -0.033571
v -9.532128 12.939799 4.012187
v -10.008496 13.776941 3.997892
v -10.008107 13.776437 4.001535
v -10.008108 13.776438 4.001535
v -9.524452 12.939797 4.012199
v -10.093831 10.292450 4.066520
v -10.100570 10.303479 4.065860
v -11.099027 10.341078 3.744023
v -11.057461 10.311789 4.039060
v -11.088269 10.341005 3.744084
v -11.151605 10.250292 3.742997
v -11.570309 9.477214 3.725333
v -11.099896 10.339563 3.744056
v -11.018950 8.577220 4.027070
v -11.550489 9.442840 3.724925
v -11.530849 9.441257 4.015086
v -11.564795 9.467650 3.725219
v -12.005352 9.810386 -0.034303
v -11.008662 8.577208 4.027231
v -11.510288 11.142196 3.721739
v -11.529892 11.176053 3.720785
v -11.020442 13.811052 3.744561
v -11.030575 13.811043 3.744561
v -11.439887 14.285990 0.317095
v -11.029632 13.811044 3.744561
v -11.531995 12.942558 3.744561
v -11.512979 12.909621 3.744561
v -11.482903 14.334696 -0.034398
v -11.030575 13.811044 3.744561
v -12.005322 15.239552 -0.034398
v -11.510139 14.641671 3.744561
v -12.514818 9.471187 3.715399
v -13.050077 9.810385 -0.034293
v -12.500000 9.471142 3.715399
v -11.528170 12.909621 3.744561
v -11.568025 12.979650 3.744561
v -12.540431 12.979650 3.744561
v 0.955891 17.411961 7.530504
v 0.936383 17.372364 7.535762
v 1.049019 18.006409 -0.034603
v -0.518247 18.911270 -0.034603
v -0.527892 18.824844 1.020426
v -0.539408 18.572662 4.534563
v -0.546287 18.351252 7.419312
v -0.344171 18.797630 1.399648
v 0.050456 18.505329 4.770884
v 0.333426 18.295734 7.188246
v 0.310772 18.797630 1.399648
v 0.484317 18.299150 7.148834
v 0.899642 17.509018 7.534101
v 0.501754 18.227119 7.557817
v 0.503795 18.264444 7.143147
v 0.989747 15.545846 3.624545
v 0.415878 14.552522 7.744888
v 0.576933 14.834788 3.055839
v 0.997059 15.562857 3.000000
v -0.537061 14.625384 8.108935
v -0.538075 14.627357 8.108893
v -0.538438 14.628061 8.108922
v -0.624200 14.917045 2.442513
v 0.270844 14.552738 8.228491
v 0.389095 14.540306 8.245921
v -0.533405 14.625376 8.109587
v -0.503098 14.625314 8.114147
v 0.890873 13.851824 6.360915
v 0.438977 12.901217 8.162760
v 0.639719 14.253626 6.776222
v 0.553483 14.789168 3.774860
v 0.436510 14.583000 7.189804
v 0.436472 12.904810 8.162556
v 0.406774 12.905190 8.157250
v -0.464802 12.947110 8.003663
v -0.466845 12.943598 8.003337
v -0.463042 12.950118 8.004189
v 0.902094 12.045624 6.811761
v 0.602015 11.500096 6.880332
v 0.972929 12.121112 8.170492
v 0.976880 12.128222 8.171453
v 0.974800 12.124475 8.171053
v 0.962473 12.153151 8.171806
v 0.974066 12.133080 8.171700
v 0.289054 11.347892 6.460909
v -0.272667 11.326125 6.415810
v 0.505891 9.558529 8.407360
v 0.505891 9.558528 8.407360
v 0.505891 9.558528 8.407360
v -0.408044 9.461775 8.406292
v -0.490563 9.453041 8.406196
v -0.651710 9.435981 8.406007
v -0.651714 9.435980 8.406007
v -0.651714 9.435981 8.406007
v 0.532786 9.873366 -0.034570
v 0.557213 7.869264 8.424109
v -0.638642 7.714293 8.424037
v -0.512054 8.063645 -0.034551
v 1.055395 7.158566 -0.015281
v 0.875851 6.711759 4.705234
v 1.137135 7.064031 8.333141
v 0.810685 6.598228 4.704922
v 1.137266 7.064260 8.333159
v 0.532782 8.063645 -0.034580
v 0.532799 8.063532 -0.029652
v 0.558459 7.870498 8.268651
v 1.127692 7.080836 8.332123
v 1.034051 3.474733 8.329580
v 1.023815 3.457137 8.323671
v -0.099561 2.619059 7.870656
v 1.032556 3.472260 8.328693
v 0.602519 2.614773 8.061876
v 0.602519 2.614772 8.061876
v 0.602908 2.614021 8.061852
v 0.602953 2.614021 8.061864
v 1.033681 3.474207 8.329445
v 1.033985 3.474733 8.329571
v 0.491069 2.616399 7.393587
v 2.339416 16.538860 9.357898
v 2.334841 16.527617 9.358903
v 2.332818 16.522657 9.359470
v 2.345872 16.470463 8.324140
v 2.359729 16.504721 8.323661
v 2.465137 16.435362 4.277437
v 2.491223 16.419872 3.296598
v 2.020074 15.662780 8.308338
v 2.115314 15.767679 3.203239
v 2.492432 16.420868 3.203239
v 1.934800 15.507792 7.688783
v 1.925875 15.499557 8.302855
v 1.861858 17.455944 9.275117
v 2.214866 16.813128 7.278326
v 2.324404 16.564920 9.355791
v 2.042689 17.141628 7.423782
v 1.938485 17.369442 5.907047
v 2.302076 16.728615 4.914609
v 0.963958 17.323494 7.534069
v 0.975611 17.323872 7.342609
v 0.973776 17.324854 7.532439
v 1.504321 17.394604 6.869073
v 1.595213 17.411654 7.537493
v 1.009093 17.328234 7.294706
v 1.856821 17.455948 9.275065
v 1.909204 17.400459 7.114653
v 1.898820 17.411459 7.542943
v 1.084057 15.433553 8.584653
v 1.823147 15.485872 8.793773
v 1.954685 15.561300 3.469476
v 1.895188 15.497307 8.300406
v 1.066700 15.561300 3.469476
v 1.958734 13.915362 8.340901
v 2.393720 14.640568 8.347060
v 1.884223 13.786276 8.339833
v 1.918082 15.497182 7.995420
v 1.913056 15.492840 8.301907
v 2.406401 14.864044 3.000000
v 2.374664 14.714952 7.445617
v 2.374664 14.714952 7.445632
v 2.390386 14.646331 8.347308
v 2.390385 14.646332 8.347308
v 2.379455 14.665257 8.347462
v 2.344824 14.725271 8.346771
v 1.897533 15.492858 8.300653
v 0.914726 13.749075 7.616178
v 1.832116 13.785882 7.994868
v 1.126689 13.744244 7.873049
v 1.792186 13.783188 8.030229
v 1.834646 13.783272 8.341038
v 1.832116 13.785882 7.994867
v 1.820574 13.759520 8.340820
v 2.381984 12.986941 8.308522
v 2.622469 13.492818 -0.034568
v 0.975423 12.117589 8.170290
v 1.954830 12.139813 8.280673
v 2.100012 12.587939 -0.034325
v 1.055211 12.587925 -0.034321
v 2.622464 11.683075 -0.034483
v 2.051387 10.420883 8.495522
v 2.483264 11.228470 8.461814
v 2.100086 12.587828 -0.033813
v 2.483251 11.228536 8.461547
v 1.954915 12.139762 8.280249
v 2.622443 11.683113 -0.034236
v 2.100124 8.968598 -0.033366
v 2.552481 9.752142 -0.034603
v 2.051384 10.420865 8.495586
v 2.100055 10.778231 -0.034521
v 2.612034 9.605722 8.634719
v 2.612036 9.605717 8.634750
v 2.103309 8.824436 8.027210
v 1.156878 8.780811 7.925607
v 2.622510 8.063599 -0.029541
v 2.685552 7.984288 8.484320
v 2.518387 8.248674 8.489736
v 2.165118 8.807687 8.459197
v 2.552481 8.184875 -0.034603
v 2.622616 8.063465 -0.015336
v 2.167675 8.803257 8.459413
v 2.166533 7.099833 8.479575
v 2.100026 7.158783 -0.034397
v 1.138471 7.062208 8.333082
v 1.055233 7.158783 -0.034397
v 2.072340 5.284378 8.481762
v 2.100012 5.348974 -0.023097
v 2.099708 5.348264 0.070435
v 2.072315 5.284430 8.481757
v 1.097936 5.283799 8.360384
v 1.097329 5.283799 8.360262
v 1.055244 5.349003 -0.027115
v 2.099686 5.349038 -0.031548
v 1.055564 5.349038 -0.031548
v 2.622452 4.444185 -0.033012
v 2.517500 4.365781 8.374967
v 2.517534 4.365842 8.374970
v 2.015820 3.476683 8.357759
v 2.015812 3.476678 8.358481
v 2.515613 4.364372 8.526226
v 2.616315 4.439557 0.455258
v 2.516777 4.364499 8.374824
v 2.099993 3.539295 -0.028949
v 2.095426 3.535898 0.426143
v 2.100032 5.349017 -0.028829
v 2.508361 4.381672 8.376847
v 2.076411 5.276926 8.412769
v 2.072341 5.284377 8.481762
v 1.036382 3.474737 8.329738
v 1.034651 3.474734 8.329611
v 1.034052 3.474733 8.329580
v 1.055187 3.539279 -0.027095
v 2.099735 3.539319 -0.032128
v 1.055484 3.539319 -0.032128
v 2.622463 2.634459 -0.034467
v 2.525174 2.573455 8.155485
v 2.033912 1.614395 8.339749
v 2.471286 2.470535 8.319978
v 2.516227 2.558121 8.293729
v 2.524760 2.572643 8.155377
v 2.100014 1.729552 -0.030031
v 2.100058 1.729627 -0.034467
v 2.100019 3.539314 -0.031496
v 2.017101 3.476678 8.358440
v 2.522867 2.577422 8.156516
v 2.524929 2.573877 8.155578
v 2.015813 3.476678 8.358480
v 2.033031 1.615926 8.339522
v 2.545108 0.635314 8.465160
v 2.059388 -0.215016 8.364807
v 2.240329 0.101750 8.402424
v 2.409564 0.455983 -0.034603
v 2.100051 -0.080109 -0.034603
v 3.336064 16.523085 8.102429
v 3.850713 15.563633 8.332086
v 3.841001 15.645640 7.889022
v 3.336064 16.523085 8.102421
v 3.314041 16.527822 8.341955
v 3.868397 15.597215 7.895642
v 3.313931 16.527821 8.341990
v 3.311691 16.527775 8.342813
v 3.645343 15.197803 8.333867
v 2.517125 16.504763 8.326135
v 2.391569 16.504719 8.323580
v 3.850712 15.563633 8.332086
v 2.345903 16.521793 8.323474
v 2.342947 16.527534 8.323161
v 2.354709 16.504721 8.323673
v 3.850712 15.563631 8.332086
v 2.368946 16.622141 4.267752
v 2.622473 15.302540 -0.034602
v 3.362701 14.694294 8.336175
v 3.897150 13.873055 8.300026
v 4.189732 14.397682 -0.034523
v 3.579072 9.556075 8.680410
v 3.409467 11.129865 8.613665
v 2.612037 9.605717 8.634759
v 2.775616 9.597321 8.642481
v 2.612037 9.605718 8.634759
v 2.612038 9.605718 8.634759
v 2.612038 9.605717 8.634759
v 3.679962 7.966731 8.630964
v 3.667349 8.063693 -0.034049
v 3.584239 9.574649 8.170244
v 3.579073 9.556075 8.680409
v 3.667323 8.063598 -0.030255
v 2.622513 8.063597 -0.029281
v 3.936313 5.090878 6.681068
v 3.500565 4.365819 8.293752
v 3.628628 4.548265 6.736946
v 3.667220 4.444153 -0.029758
v 3.667338 4.444248 -0.034103
v 2.517872 4.365840 8.374960
v 2.517534 4.365841 8.374970
v 3.665343 4.444063 -0.020189
v 2.623964 4.444063 -0.020189
v 2.622398 4.444143 -0.028632
v 3.518428 2.579052 8.077931
v 3.518432 2.579053 8.077765
v 3.666073 2.634012 0.033189
v 2.526780 2.574615 8.155560
v 2.525646 2.572647 8.155309
v 2.622427 2.634446 -0.030662
v 4.017480 1.666277 8.087986
v 4.016601 1.664485 8.087950
v 3.565173 0.744329 8.070109
v 4.010926 1.646372 7.902787
v 4.020496 1.665774 7.900215
v 3.667264 0.824700 -0.031320
v 3.535745 0.693480 8.080324
v 3.522739 2.579048 8.078497
v 4.189726 1.729610 -0.033981
v 4.011397 1.676762 8.089106
v 3.518429 2.579052 8.077931
v 3.667260 0.824744 -0.034164
v 3.429406 0.697529 7.506357
v 3.532093 0.693304 8.081005
v 2.703378 0.666953 7.357871
v 2.622520 0.824744 -0.034164
v 4.189670 -0.080148 -0.031325
v 4.189604 -0.080303 -0.032879
v 4.015711 -0.178881 8.156137
v 4.017932 -0.175014 8.156100
v 4.018759 -0.173580 8.155857
v 4.023221 -0.167829 8.074810
v 4.020882 -0.171892 8.075319
v 3.532412 -1.022077 8.092587
v 3.534362 0.687833 8.081116
v 4.022880 -0.167237 8.074801
v 4.015324 -0.154120 8.074145
v 3.529395 0.687817 8.082021
v 3.531340 -1.022027 8.092456
v 4.880920 13.866836 8.309086
v 5.234432 14.397450 -0.031018
v 4.872751 15.571506 8.287981
v 5.339283 14.711665 8.343187
v 5.339353 14.711763 8.341725
v 4.872535 15.571139 8.292866
v 4.872284 15.571527 8.293304
v 3.868397 15.597215 7.895659
v 3.877283 15.566686 8.297261
v 4.028390 15.566787 8.325201
v 5.332869 14.702500 8.342965
v 5.334030 14.702563 8.342978
v 4.880381 13.867765 8.309114
v 5.333731 14.702013 8.342956
v 5.333436 14.701471 8.342934
v 5.338732 14.710713 8.343283
v 5.289154 12.794241 8.324893
v 4.936673 12.156098 7.783617
v 5.372169 12.942423 8.311430
v 5.372055 12.942225 8.311446
v 5.367372 12.934124 8.312191
v 5.474342 9.461254 8.465313
v 5.757006 9.873369 -0.034603
v 5.756952 6.253900 -0.032398
v 5.021420 5.284803 8.373779
v 5.757003 6.253926 -0.034565
v 5.234171 5.348937 -0.018320
v 4.012352 5.271614 8.502644
v 4.012563 5.271978 8.502629
v 5.234489 5.349056 -0.033937
v 4.189293 5.348866 -0.013066
v 4.189805 5.349056 -0.033937
v 5.756979 4.444163 -0.034296
v 5.513718 4.386611 8.242513
v 5.009177 3.482659 8.135629
v 5.234595 3.539369 -0.034296
v 5.756926 2.634377 -0.033742
v 5.501391 2.584099 8.017902
v 5.000781 1.707553 8.006482
v 5.234613 1.729705 -0.033742
v 5.233977 1.729558 -0.014193
v 5.234557 1.729613 -0.034423
v 5.000798 1.707735 7.823576
v 4.040001 1.665786 7.898762
v 4.189758 1.729613 -0.034423
v 5.102288 0.017067 6.898916
v 5.462602 0.686453 6.859773
v 4.028744 -0.171237 7.986893
v 4.991083 -0.109142 7.961946
v 5.234545 -0.080112 -0.034341
v 4.189766 -0.080112 -0.034341
v 5.471636 -1.085184 7.478301
v 5.039322 -1.867648 7.676532
v 6.824071 13.700631 8.303873
v 6.324291 14.673836 8.339918
v 6.331274 14.659756 8.341808
v 6.326745 14.641063 8.489237
v 6.813078 13.723022 8.286000
v 6.338232 14.618510 8.489082
v 6.730985 15.081491 1.890629
v 5.342945 14.717974 8.340982
v 5.388434 14.715976 8.339735
v 6.305977 14.673827 8.340030
v 6.325957 14.639763 8.489223
v 5.333432 14.701465 8.343024
v 6.865044 11.936451 8.253727
v 6.864736 11.935939 8.253748
v 6.383836 11.136437 8.307052
v 7.324069 12.587667 -0.030934
v 6.443668 11.228786 7.776340
v 6.860190 11.921941 7.780422
v 6.375321 11.121710 8.307992
v 6.373528 11.121722 8.308208
v 5.474343 9.461255 8.465313
v 5.474376 9.461265 8.465098
v 5.474345 9.461254 8.465313
v 6.801815 9.873358 -0.034376
v 6.447009 9.434412 8.298584
v 5.757026 9.873358 -0.034376
v 6.755081 8.141043 5.920197
v 6.943506 8.470233 5.928427
v 6.522181 6.124150 8.243658
v 6.801851 6.253923 -0.034603
v 6.801858 6.253948 -0.034318
v 6.801789 6.253895 -0.032764
v 6.522180 6.124150 8.243658
v 5.548424 6.163455 8.391956
v 5.548422 6.163455 8.391956
v 5.548450 6.163456 8.391774
v 5.548424 6.163455 8.391956
v 6.801822 6.253921 -0.034410
v 6.522164 6.124153 8.243483
v 5.757024 6.253921 -0.034410
v 6.502340 0.809057 8.065054
v 6.801862 0.824800 -0.034155
v 6.443361 -2.618911 8.076686
v 8.504343 12.946092 7.039747
v 8.475103 12.896253 7.043011
v 8.885353 13.482102 -0.034603
v 8.087144 13.994981 4.795363
v 8.428225 13.077082 7.044693
v 7.889782 13.691174 8.302402
v 7.885171 13.690265 8.348696
v 7.967761 13.781654 7.086963
v 8.375304 14.386964 -0.034603
v 8.474314 12.997946 7.040669
v 6.825485 13.685830 8.481182
v 8.231346 14.216090 2.143370
v 6.830474 13.676287 8.480183
v 8.369019 12.587913 -0.034051
v 7.765633 12.128471 6.022679
v 7.277062 12.114034 6.073936
v 7.324313 12.587913 -0.034051
v 8.022044 11.935956 7.386826
v 8.457558 11.334779 7.202469
v 8.891501 9.873333 -0.033818
v 8.891397 9.873171 -0.033299
v 8.006533 8.647346 8.036384
v 7.000081 8.628242 8.148199
v 7.002573 8.632555 8.148096
v 8.509395 6.058359 8.025343
v 8.506438 6.053304 8.025282
v 8.006427 5.200333 8.055120
v 8.509130 6.058818 8.025337
v 8.003180 5.200447 8.055324
v 8.594629 4.342206 6.045329
v 8.091477 3.469712 6.014968
v 8.603395 4.357626 6.047001
v 8.016934 3.470773 6.013327
v 8.596948 2.591418 6.006180
v 8.593035 2.584607 6.005785
v 8.091477 3.469712 6.014968
v 8.575975 2.627584 6.007910
v 8.016297 3.469731 6.013290
v 8.369085 3.539331 -0.034060
v 8.368932 1.729611 -0.033510
v 7.999911 1.711258 7.999384
v 7.000810 1.704207 8.012121
v 7.324365 1.729611 -0.033510
v 8.365229 0.315508 4.730952
v 8.444773 0.454930 4.714539
v 8.031952 -3.416323 7.995072
v 7.995421 -3.478810 7.994810
v 8.369119 -3.699557 -0.034603
v 10.055409 12.162271 7.148950
v 10.040261 12.136021 7.148710
v 9.864302 11.825400 6.996326
v 10.002368 12.070538 7.152965
v 10.452620 12.577240 -0.034603
v 9.557905 11.294911 7.003610
v 9.737944 13.251489 3.635580
v 9.545774 13.017787 7.189780
v 9.704199 13.210452 4.259685
v 9.927594 13.465272 0.235404
v 9.942570 13.482101 -0.034595
v 10.037416 12.193505 7.148510
v 8.573947 12.952714 7.034638
v 9.408598 13.030954 6.989533
v 9.543919 13.031384 6.982997
v 9.537473 13.017734 7.190593
v 8.475327 12.895892 7.042991
v 8.475389 12.895997 7.042981
v 9.535839 11.294001 7.003873
v 9.409065 11.297506 6.840450
v 8.699860 11.266234 6.886820
v 10.056746 10.422064 7.006306
v 9.508285 9.517417 8.001482
v 10.025419 10.367584 7.005374
v 9.936352 9.873343 -0.033985
v 9.551486 11.288348 7.003731
v 10.000159 10.520434 7.003890
v 9.532338 11.288336 7.003954
v 8.505527 9.504741 8.010353
v 8.512423 9.516685 8.010423
v 9.533381 7.777900 8.291217
v 8.506502 7.776839 8.273814
v 8.508471 7.780251 8.273824
v 10.061476 6.913610 8.175135
v 10.063375 6.916685 8.175305
v 10.036792 6.809852 6.851520
v 9.697050 6.260927 6.843700
v 9.551402 6.089256 8.158832
v 9.537106 6.064466 8.158363
v 10.017513 7.267279 5.809109
v 9.862995 7.553666 5.525632
v 8.517791 6.058978 8.025479
v 8.517911 6.058767 8.025482
v 9.536836 6.064464 8.158357
v 9.542359 6.067143 8.042406
v 10.039998 5.233012 8.053018
v 10.151047 5.263783 5.908556
v 9.635661 4.379063 5.902039
v 9.538815 6.074024 8.042327
v 9.538596 6.073670 8.042324
v 9.545973 6.060877 8.042483
v 8.603438 4.357551 6.046999
v 8.599648 4.364065 6.047270
v 8.856969 4.357342 6.061701
v 9.631129 4.378944 5.902203
v 9.620573 4.376688 6.107492
v 10.063391 3.526242 5.865353
v 10.065622 3.530091 5.865568
v 10.048256 3.560080 5.866333
v 10.063661 3.533464 5.865763
v 10.051543 3.554416 5.866071
v 8.598598 2.584679 6.005838
v 8.602973 2.592291 6.006279
v 8.957630 2.589361 6.009237
v 9.171144 2.604124 3.769977
v 9.493837 0.837184 8.157990
v 9.936390 0.824894 -0.033228
v 9.962937 1.903908 6.167618
v 9.600216 2.584834 6.187924
v 10.076952 1.707871 6.154554
v 10.458802 1.729618 -0.034567
v 9.997760 1.843784 6.165896
v 9.517603 2.584851 6.185823
v 10.060913 -0.031900 6.992813
v 10.048793 -0.052778 6.992671
v 9.991660 -0.151455 6.989517
v 9.557147 -0.900782 6.984158
v 10.054924 -0.021533 6.992885
v 8.507706 -0.889825 8.001740
v 8.506589 -0.887918 8.001796
v 9.493404 -0.888724 7.990412
v 9.548934 -0.900789 6.984435
v 9.960089 -1.642642 6.950735
v 9.967321 -1.655721 6.950475
v 10.024279 -1.753763 6.943566
v 10.007543 -1.725266 6.949112
v 10.038143 -3.538922 7.025779
v 10.018582 -3.572888 7.028913
v 9.965596 -3.664609 7.039656
v 10.458799 -3.699556 -0.034502
v 9.529262 -4.420886 7.108766
v 9.483958 -4.419634 7.108739
v 11.041643 10.432531 7.022069
v 11.509270 11.084550 4.633326
v 11.512761 11.090485 4.633223
v 11.680220 11.373013 4.592713
v 11.509478 11.084789 4.631426
v 11.200059 10.551446 4.594693
v 11.299256 12.383346 2.808965
v 11.180979 12.242408 4.569173
v 11.502401 12.570393 0.065796
v 11.510311 11.664220 4.608416
v 10.021215 12.066568 6.993235
v 10.976645 12.097220 6.785422
v 10.938042 12.078561 7.031869
v 11.036077 12.134928 6.261377
v 10.115324 10.433221 7.007975
v 10.031478 10.367523 7.005465
v 10.047364 10.395076 7.006224
v 10.056154 12.006144 6.994627
v 10.078501 12.006090 6.995295
v 10.069416 10.433289 7.006602
v 11.635272 9.471206 4.064321
v 11.607459 9.413894 4.061188
v 11.611700 9.466400 4.511450
v 11.541841 9.279001 4.057153
v 11.712247 9.671277 4.498968
v 11.659730 9.563619 4.498829
v 12.026075 9.873358 -0.034481
v 11.505150 9.215344 4.055357
v 11.277651 8.819631 4.027344
v 11.475780 10.071089 4.558314
v 11.222632 10.551453 4.594559
v 11.508222 10.015591 4.554107
v 10.926300 8.742943 8.290207
v 10.954798 8.742937 8.290392
v 10.040232 8.640706 8.292006
v 10.044434 8.647960 8.291498
v 10.054737 8.654224 8.291103
v 11.009107 8.662452 8.296670
v 10.047634 8.653495 8.291311
v 11.262584 8.819321 4.026495
v 11.658632 7.678806 4.489462
v 11.711217 7.769557 4.488821
v 11.819966 7.930352 4.000082
v 11.745285 7.801378 3.999388
v 11.508176 7.419430 4.498977
v 11.282992 7.029255 4.496392
v 11.502782 8.466834 4.026134
v 11.539564 8.413197 4.023343
v 11.235907 8.858469 4.026536
v 11.808370 7.950428 4.000170
v 11.135083 8.858621 4.020943
v 11.080667 7.029491 4.483277
v 11.765292 6.141670 4.538178
v 11.663453 6.003418 4.549395
v 11.624871 5.951005 4.552952
v 11.444028 5.705168 4.566581
v 11.214555 5.310939 4.598949
v 11.533715 6.544188 4.526712
v 11.521750 6.566088 4.526111
v 11.272949 7.023688 4.495913
v 11.762522 6.146548 4.537532
v 11.077571 7.024065 4.483243
v 10.125239 5.307339 5.904952
v 10.152902 5.260684 5.908511
v 10.144190 5.275241 5.908720
v 11.139124 5.306627 4.600972
v 10.166216 5.260680 5.908723
v 10.396790 5.261117 5.879341
v 11.602044 4.260031 4.662384
v 11.606298 4.266901 4.662749
v 11.600363 4.257352 4.662596
v 11.663119 4.357864 4.660031
v 11.049277 3.499230 5.862261
v 11.251852 3.691827 4.607403
v 11.146940 3.507885 4.589809
v 11.553168 4.550825 4.643478
v 11.114996 5.196068 4.609128
v 11.586088 4.493319 4.646680
v 11.077179 5.196039 4.609996
v 10.076525 3.530956 5.865600
v 10.073594 3.525849 5.865314
v 11.607236 2.566656 4.537958
v 11.604298 2.561566 4.537378
v 11.473437 2.535959 5.934762
v 11.475423 2.539288 5.934362
v 11.467419 2.525724 5.934924
v 10.978572 1.691091 5.928108
v 11.159104 3.507882 4.590249
v 11.473964 2.795711 4.548213
v 11.530574 2.698569 4.542973
v 10.968084 1.691316 5.927153
v 11.498262 0.731930 6.987276
v 11.103009 0.142788 6.991581
v 11.559226 0.823230 6.990968
v 11.031013 0.018189 6.992360
v 11.488145 1.060374 6.002102
v 11.065013 1.622442 5.938951
v 11.616751 0.835486 6.020613
v 11.556830 0.827395 6.990836
v 11.530179 0.986754 6.009168
v 12.026049 0.824752 -0.034244
v 11.621532 0.827031 6.022117
v 11.008272 1.622534 5.933837
v 10.054875 -0.021533 6.992885
v 10.389652 -0.020931 6.992836
v 10.209867 -0.031900 6.992789
v 11.017900 0.017391 6.992509
v 11.544105 -0.896715 6.246206
v 11.516504 -0.937764 6.244284
v 11.548389 -0.890268 6.247089
v 11.020033 -1.678150 6.193986
v 10.972405 -1.761515 6.188818
v 10.995824 -0.019840 6.992748
v 11.595818 -2.698132 5.972372
v 11.614797 -2.664158 5.973348
v 11.467925 -2.924850 5.981195
v 11.108924 -3.557054 5.989105
v 11.475475 -2.445541 6.199892
v 11.483605 -2.458851 6.199729
v 11.071881 -1.783488 6.194158
v 11.594052 -2.628257 5.973654
v 12.025961 -2.794652 -0.033036
v 11.581963 -2.628947 6.197002
v 11.598016 -2.635117 5.973595
v 10.985062 -1.783577 6.188961
v 10.941301 -3.558104 5.982918
v 11.522480 -4.506468 6.030434
v 11.515041 -4.521274 6.030684
v 11.287259 -5.155090 5.046720
v 11.474195 -4.790392 4.999741
v 11.548522 -4.535941 5.582635
v 11.599017 -4.543181 4.988678
v 11.131973 -5.418370 5.086328
v 11.431085 -4.346063 6.027567
v 11.447400 -4.376160 6.028350
v 11.018210 -3.581729 5.986567
v 11.505987 -4.477969 6.030956
v 10.931315 -3.581792 5.983343
v 11.080349 -5.417426 5.100799
v 13.067822 11.663630 0.028604
v 12.447578 11.134281 4.553505
v 12.451884 11.124345 4.554963
v 12.458377 11.127946 4.512282
v 13.077104 11.672378 -0.034603
v 11.540780 11.097614 4.628209
v 12.446631 11.134273 4.553578
v 11.520258 11.096564 4.631698
v 12.451078 11.122535 4.555348
v 11.532640 11.092044 4.629819
v 11.541706 11.080080 4.626909
v 12.447577 11.114094 4.554156
v 12.447906 11.114674 4.554230
v 11.513455 11.078820 4.630971
v 11.513117 11.078820 4.630973
v 11.513752 11.078826 4.630928
v 13.070887 9.873359 -0.034482
v 12.517670 7.804001 4.000035
v 13.085547 6.904505 3.728114
v 12.726647 6.186612 3.803945
v 13.016767 6.767382 3.744841
v 13.067947 6.869134 3.731037
v 13.070914 6.253922 -0.034575
v 12.636513 6.032603 3.819239
v 12.573025 6.033626 3.817296
v 13.209857 5.118336 3.938632
v 13.164103 5.070382 4.220996
v 13.153266 5.051873 4.220773
v 13.192080 5.088546 3.943614
v 12.657641 4.195615 4.133068
v 13.125831 5.267591 3.922124
v 13.144390 5.234459 3.926504
v 12.572569 6.032709 3.817389
v 13.166591 3.343161 4.214040
v 13.171593 3.350665 4.215536
v 13.185350 3.370917 4.215811
v 12.579040 2.517919 4.593244
v 12.580686 2.518400 4.574137
v 12.681353 2.619890 4.115988
v 13.152566 3.322378 4.212415
v 12.630664 2.530234 4.104283
v 13.132550 3.463193 4.211808
v 13.154181 3.424992 4.215378
v 12.628679 4.195910 4.128115
v 12.461818 2.518099 4.586125
v 12.258458 2.524892 4.574288
v 13.190894 1.634786 4.749650
v 13.167441 1.589238 4.749802
v 12.646819 0.775072 6.124271
v 12.843841 0.963359 4.769828
v 12.740369 0.784813 4.775917
v 13.070202 1.952862 4.077611
v 13.077469 1.942688 4.076351
v 12.662829 2.530183 4.106324
v 13.190438 1.635571 4.749676
v 13.233311 1.677678 4.046651
v 13.189208 1.752914 4.053613
v 12.571216 2.530329 4.100511
v 12.622334 0.815540 6.116925
v 13.070779 0.824751 -0.034057
v 13.070901 0.824751 -0.034415
v 12.026114 0.824751 -0.034057
v 13.242580 -0.045081 4.761140
v 13.219523 -0.082011 4.762223
v 13.079415 -0.308054 4.755695
v 12.889161 -0.616618 4.733894
v 13.183838 -0.139355 4.762394
v 12.719893 -0.912766 4.713176
v 12.720084 0.817547 4.776458
v 13.072305 0.249139 4.767051
v 13.219410 -0.005135 4.762704
v 12.651604 0.817543 4.779350
v 11.543611 -0.882042 6.247558
v 12.541015 -0.912965 4.710410
v 12.369540 -0.925135 3.923394
v 12.512616 -0.888571 6.309224
v 13.212065 -1.790501 4.239518
v 13.164254 -1.866588 4.246298
v 12.984760 -2.157628 4.239562
v 12.840043 -2.391106 4.241144
v 12.674764 -2.677120 4.242517
v 13.012435 -1.498090 4.681882
v 13.041533 -1.552590 4.677226
v 12.701477 -0.913200 4.712866
v 13.119947 -1.686866 4.665488
v 13.161802 -1.758785 4.661105
v 13.200139 -1.769758 4.238844
v 12.541162 -0.913237 4.710395
v 11.490336 -2.635599 5.971673
v 11.486437 -2.628815 5.971731
v 12.495948 -2.629196 5.989661
v 13.070701 -2.794648 -0.032914
v 12.662644 -2.677178 4.243087
v 12.518492 -2.677866 4.249873
v 13.070661 -2.794667 -0.033606
v 13.593265 -3.699532 -0.033864
v 13.111122 -3.615672 4.417306
v 13.146405 -3.552629 4.418290
v 12.972302 -3.866437 4.400527
v 12.630845 -4.471292 4.383516
v 12.660381 -2.673203 4.243283
v 12.984194 -3.241997 4.215229
v 13.139914 -3.541355 4.418080
v 13.155020 -3.538646 4.213086
v 13.112848 -3.465220 4.210368
v 12.515882 -2.673009 4.250105
v 11.528750 -4.543079 4.997082
v 11.475099 -4.442611 5.005067
v 11.474161 -4.440872 5.005300
v 12.542185 -4.480506 4.385155
v 11.712246 -4.543305 4.978536
v 12.493440 -4.485571 4.386057
v 12.476860 -4.465196 4.931218
v 11.641316 -4.543243 4.983619
v 12.982763 -5.326046 4.162385
v 12.976135 -5.325022 4.203113
v 12.970628 -5.322404 4.245803
v 12.844613 -5.472257 4.172371
v 12.938560 -5.374202 4.158706
v 12.959867 -5.484519 3.491917
v 13.591784 -5.508814 -0.023915
v 12.979906 -5.329174 4.162070
v 12.982078 -5.326796 4.162310
v 12.956884 -5.033190 2.971754
v 12.885752 -4.835867 2.752079
v 12.904749 -5.229221 4.346234
v 12.923601 -5.261508 4.344483
v 13.593318 -5.509273 -0.034467
v 13.593281 -5.509262 -0.034211
v 12.971453 -5.306392 4.162081
v 12.947700 -5.303174 4.344126
v 12.955189 -5.316456 4.345615
v 14.185698 5.135170 3.950560
v 14.193524 5.137870 3.900249
v 14.141308 5.135208 3.949852
v 13.865045 1.698641 2.758978
v 13.691120 1.695957 2.406386
v 13.051055 -1.769103 4.245825
v 13.726098 -1.774897 4.214384
v 13.890038 -3.559790 3.323694
v 14.638033 -3.699542 -0.034217
v 13.380721 -3.581247 3.190917
v 13.593373 -3.699542 -0.034217
v 12.991838 -5.326763 4.163074
v 14.638145 -5.509274 -0.034506
v 13.999485 -5.252751 4.244070
v 13.087796 13.804871 4.018696
v 13.592009 14.374745 -0.023945
v 13.087905 13.804993 4.017825
v 14.000091 13.815218 3.999833
v 14.637815 14.376121 -0.033689
v 13.066422 13.766725 4.019676
v 12.681099 13.091584 4.073060
v 12.619415 13.090566 4.078252
v 12.998464 13.645734 4.026389
v 12.556452 12.922961 4.089608
v 12.529528 12.922661 4.091869
v 12.689015 12.538663 4.092498
v 12.757036 12.809062 3.146026
v 13.013330 15.547440 4.000000
v 13.087797 13.804873 4.018696
v 12.628099 14.880136 4.000296
v 12.614755 14.880163 4.000026
v 12.689071 14.880014 4.001527
v 13.195006 13.996458 4.016839
v 13.070909 15.281104 -0.034545
v 11.505057 12.823459 4.063859
v 11.455204 12.716567 3.859410
v 11.650787 14.853145 4.255898
v 12.600188 14.854867 4.254581
v 11.077784 13.901634 6.006520
v 11.051326 13.901769 6.004807
v 11.495823 12.957951 6.076463
v 11.478877 12.926870 6.076786
v 11.496005 13.080205 6.070907
v 11.450355 13.160691 6.064297
v 11.530131 13.020659 6.072939
v 11.503642 14.376240 -0.034501
v 11.550854 14.680064 4.256086
v 11.503646 14.376244 -0.034563
v 11.508233 16.413465 4.254385
v 11.572491 16.497519 3.722176
v 12.548529 16.497519 3.722176
v 11.543494 14.680056 4.256098
v 11.095872 15.699255 4.254395
v 11.119683 15.699250 4.254437
v 11.625299 14.823637 4.255943
v 11.073401 17.406624 3.722176
v 11.089404 17.406624 3.722176
v 11.593384 16.533705 3.722176
v 10.199205 13.904287 5.570111
v 10.069277 13.898444 5.567092
v 10.458807 14.376244 -0.034557
v 10.877226 13.932457 5.614187
v 11.072193 13.931417 5.627423
v 9.774474 13.358737 4.939120
v 9.950850 13.653049 4.421171
v 10.458620 14.375973 -0.033253
v 10.006296 13.789256 5.564144
v 9.990574 13.762046 5.564754
v 9.989721 15.528176 5.588035
v 10.895687 15.667671 4.532709
v 10.077834 15.651735 4.531885
v 11.069393 15.667650 4.532901
v 9.984819 13.761897 5.564374
v 9.997007 13.783717 5.563857
v 9.985384 15.520929 5.587849
v 9.592507 14.863707 5.528784
v 9.962932 14.005255 5.566180
v 9.941476 14.042926 5.563865
v 9.502484 14.671086 5.514729
v 9.478775 14.671424 5.511660
v 10.043107 13.866415 5.566054
v 9.605310 16.576895 4.532943
v 9.594356 16.576893 4.532956
v 9.967339 15.891844 4.532055
v 10.092169 15.675669 4.531907
v 8.521450 14.720077 5.962411
v 8.597190 14.711030 5.961218
v 9.324804 14.633804 5.853881
v 8.891526 15.281089 -0.034389
v 9.451680 14.635498 5.838480
v 9.936369 15.281092 -0.034434
v 8.882973 15.267916 0.088793
v 8.475251 14.640037 5.960830
v 8.611420 16.606504 4.267532
v 9.611708 16.606945 4.265866
v 8.499746 16.413080 4.267148
v 8.891547 18.900497 -0.034274
v 8.522962 18.190464 4.004692
v 9.936308 18.900497 -0.034275
v 9.526951 18.192194 4.000000
v 8.180250 17.592304 4.277433
v 8.487848 16.433483 4.267444
v 8.678246 16.734316 4.267807
v 8.497588 18.146513 4.004868
v 9.558436 19.989075 3.459736
v 9.561409 19.983927 3.459736
v 8.552399 19.989046 3.459736
v 8.079288 19.149309 4.008258
v 8.494411 18.151995 4.004899
v 8.575825 18.292919 4.004334
v 8.494020 19.887930 3.459736
v 8.891445 18.900377 -0.033634
v 8.058405 20.844751 3.459736
v 7.932773 15.540359 8.110535
v 7.932557 15.540891 8.103992
v 7.932482 15.540884 8.110539
v 7.897146 15.540879 8.114098
v 8.134626 17.544985 5.022299
v 8.143662 17.529488 5.022012
v 7.111721 17.547235 5.046589
v 6.448477 16.458660 8.067058
v 6.547088 16.616434 7.466061
v 6.988780 17.289431 7.885191
v 6.964262 17.341248 1.919842
v 6.977125 17.314064 5.049491
v 6.976703 17.314957 4.946709
v 8.070125 19.165089 4.008374
v 7.057421 19.159973 4.022905
v 6.504979 18.130074 5.057614
v 6.985785 17.272171 5.049340
v 6.994065 17.284750 5.049179
v 6.504534 18.130909 5.023049
v 6.981111 19.027691 4.025318
v 6.508101 18.124758 5.022950
v 6.624496 20.093952 4.014224
v 6.972000 19.043558 4.025183
v 7.100225 19.264999 4.021140
v 6.758933 16.861950 1.863337
v 5.424525 16.433453 8.180666
v 6.443036 16.457317 8.084284
v 5.537291 16.446306 8.041352
v 5.431789 16.459854 7.849501
v 5.437127 16.448568 7.992758
v 5.435155 16.446203 8.022154
v 6.447522 16.457365 8.083662
v 5.422716 16.430561 8.181149
v 5.417626 16.422413 8.182058
v 4.971983 15.709270 8.274204
v 4.892122 15.571635 8.291608
v 4.872781 15.571528 8.292815
v 4.871976 15.570921 8.164297
v 5.437878 16.520948 1.961418
v 5.439969 16.515631 3.002768
v 5.424658 16.446135 8.009007
v 4.901383 15.569558 7.837339
v 5.488526 18.148487 6.890768
v 5.488792 18.148384 6.785262
v 5.491003 18.148438 6.866627
v 5.524510 18.147354 6.086007
v 5.491090 18.147507 5.876835
v 5.490562 18.147709 6.085518
v 6.491274 18.141907 5.922625
v 6.494617 18.141779 6.080404
v 5.424215 16.450600 8.828081
v 5.426687 16.454559 8.827682
v 4.925180 17.326880 8.782054
v 4.928438 17.326874 8.781916
v 4.937686 17.302187 7.106746
v 4.981456 17.285864 3.963721
v 4.944750 17.312616 7.106430
v 5.355176 17.918545 7.088033
v 4.943123 17.300159 6.716335
v 5.478535 18.132202 7.081836
v 5.476466 18.128616 7.081848
v 5.470496 18.118279 7.082409
v 5.476671 18.123650 6.086600
v 4.996603 17.277704 3.005936
v 4.962191 17.259041 7.106871
v 6.582114 20.112968 4.254254
v 6.608577 20.066633 4.255143
v 5.429802 19.909306 5.679954
v 5.416989 19.909262 5.679810
v 5.509497 20.108665 4.257567
v 5.019228 19.112732 6.024410
v 4.989827 19.112803 6.023787
v 5.465624 18.140993 6.085445
v 5.521272 18.234022 6.081328
v 5.389861 19.862318 5.678579
v 5.364287 19.815359 5.676770
v 4.942119 19.039051 5.674285
v 5.003932 19.152718 5.674649
v 5.407001 19.891964 5.679749
v 4.942405 19.038549 5.674314
v 5.756999 18.900532 -0.034396
v 6.516694 21.659964 4.000000
v 6.522876 21.649237 4.000000
v 5.514214 21.659964 4.000000
v 5.398955 20.301058 4.253693
v 5.087736 20.895828 4.241336
v 5.450629 19.947639 4.259395
v 5.529145 20.074541 4.257953
v 5.492574 21.622482 4.000000
v 5.021641 22.513124 4.000000
v 4.970736 17.276445 6.937652
v 4.972078 17.271931 7.106454
v 4.954614 17.308577 6.632756
v 4.948846 17.312609 7.106339
v 3.945396 17.381357 7.123677
v 3.888217 17.387064 7.121624
v 4.096963 17.366119 7.124310
v 4.620516 17.313177 7.113575
v 3.887697 17.386164 7.121657
v 4.026050 19.163177 5.624814
v 4.160983 19.161955 5.628467
v 3.887690 17.386179 7.121656
v 3.888218 17.387066 7.121624
v 3.875933 17.408388 7.120091
v 3.504695 18.270277 6.028605
v 3.753706 18.683222 5.993789
v 3.853623 18.960556 4.109743
v 3.963173 19.054543 5.620526
v 3.942948 19.019524 5.620350
v 3.888580 17.386715 7.108244
v 3.528842 18.227743 6.033311
v 5.055121 20.958044 4.240532
v 4.045058 20.959724 4.237115
v 3.913266 19.020359 5.618711
v 3.918067 19.030050 5.618716
v 3.519634 19.914898 5.654832
v 3.510835 19.914858 5.655123
v 3.908885 19.164520 5.621648
v 3.949139 19.092676 5.621046
v 3.919455 19.144011 5.621451
v 3.667319 20.710278 -0.034533
v 3.528702 20.005678 5.005477
v 3.959951 20.812307 4.237181
v 4.011866 20.902229 4.237163
v 3.979945 20.774214 5.004578
v 3.552515 21.700573 4.236182
v 3.975317 20.785671 4.237214
v 4.027558 20.875046 4.237175
v 3.558864 21.745890 4.000000
v 3.990094 22.492804 4.000000
v 3.667317 22.519995 -0.034558
v 3.484420 18.140575 6.040844
v 3.449941 18.213034 5.463557
v 3.438410 18.228596 6.031192
v 2.405863 18.275837 7.492648
v 2.416069 18.275732 7.492485
v 2.428974 18.243843 6.389692
v 2.459910 18.261709 7.020583
v 2.602379 18.215757 5.473818
v 2.508583 18.216507 5.467790
v 2.495373 18.232380 6.014369
v 2.850402 18.213554 5.482045
v 2.447843 18.232887 6.015747
v 1.900074 17.391655 7.215442
v 1.892296 17.400387 7.543575
v 2.390827 18.249992 7.495718
v 1.912436 17.365463 7.546300
v 3.536488 20.005671 5.005532
v 3.551242 19.976938 5.005793
v 2.486332 19.974447 4.998983
v 3.366380 20.005836 5.004334
v 2.049600 19.103218 5.990700
v 2.429497 18.264397 6.014955
v 2.483204 18.353251 6.009620
v 2.464567 19.936752 4.998932
v 3.568753 21.728699 4.000000
v 3.533234 21.790443 4.000000
v 2.524309 21.790417 4.000000
v 2.344953 20.338997 4.999016
v 2.035258 20.805162 4.998891
v 2.496494 20.076511 4.999057
v 2.440470 19.978458 4.998926
v 2.459962 21.678965 4.000000
v 2.100050 21.615139 -0.034590
v 2.136067 22.711317 4.000000
v 2.414113 21.758379 4.000000
v 2.001934 19.035564 7.133863
v 1.991727 19.053307 7.132558
v 0.996597 19.038025 7.156703
v 0.996743 19.038029 7.156683
v 0.961929 18.990450 7.035670
v 0.479674 18.226219 7.148806
v 0.983703 19.027763 7.026339
v 0.987178 19.021458 7.159425
v 0.494318 18.201309 7.144551
v 1.928411 20.631948 6.851631
v 1.926997 20.634008 6.852014
v 1.006659 20.626678 6.883600
v 1.033217 20.626659 6.884327
v 0.498401 19.973446 6.248980
v 0.712548 20.541204 3.833554
v 0.905775 20.554226 6.212982
v 1.003602 20.621439 6.883190
v 0.999707 20.614706 6.883095
v 0.528740 19.921432 6.244756
v 2.545999 21.987566 4.000000
v 2.136066 22.711319 4.000000
v 2.323863 22.372316 4.000000
v 2.042618 22.880007 4.000000
v 1.023584 22.879505 4.000000
v 0.505804 21.723005 5.998553
v 0.965359 22.535482 5.999846
v 0.895208 22.657150 4.000000
v 0.995132 22.830223 4.000000
v 0.536605 21.669804 5.997487
v 0.599953 23.514793 4.000000
v 0.918585 22.616659 4.000000
v 0.564362 25.185200 4.000000
v 0.562614 25.238028 3.776646
v 0.983876 25.967672 3.776646
v 0.946603 24.300182 4.000000
v 0.532783 26.139435 -0.034534
v 0.498087 19.959167 6.248784
v 0.524535 19.914375 6.245110
v -0.571589 20.072611 6.356720
v -0.542511 20.068800 6.357018
v 0.386287 19.957680 6.261221
v -0.353429 20.045414 6.345092
v -0.593232 20.034912 6.359254
v 0.501670 21.638231 5.997643
v 0.509829 21.623255 5.997351
v 0.461736 21.638145 5.998236
v -0.507347 21.651882 6.012280
v -0.517890 21.633535 6.012874
v -0.510695 21.646074 6.012332
v 1.018302 22.790092 4.000000
v 0.505433 23.505400 5.000008
v 0.549977 23.428230 5.000000
v -0.503078 23.506813 5.000075
v -0.549223 23.426888 5.000075
v 1.010965 24.411661 4.000000
v 0.578738 25.210100 3.776646
v 0.507966 25.332680 3.776646
v -0.502931 25.332680 3.776646
v -0.576221 25.205738 3.776646
v 1.000000 0.000000 0.000000
v 0.980785 0.195090 0.000000
v 0.923880 0.382683 0.000000
v 0.831470 0.555570 0.000000
v 0.707107 0.707107 0.000000
v 0.555570 0.831470 0.000000
v 0.382683 0.923880 0.000000
v 0.195090 0.980785 0.000000
v 0.000000 1.000000 0.000000
v -0.195090 0.980785 0.000000
v -0.382683 0.923880 0.000000
v -0.555570 0.831470 0.000000
v -0.707107 0.707107 0.000000
v -0.831470 0.555570 0.000000
v -0.923880 0.382683 0.000000
v -0.980785 0.195090 0.000000
v -1.000000 0.000000 0.000000
v -0.980785 -0.195090 0.000000
v -0.923880 -0.382683 0.000000
v -0.831470 -0.555570 0.000000
v -0.707107 -0.707107 0.000000
v -0.555570 -0.831470 0.000000
v -0.382683 -0.923880 0.000000
v -0.195090 -0.980785 0.000000
v 0.000000 -1.000000 0.000000
v 0.195090 -0.980785 0.000000
v 0.382683 -0.923880 0.000000
v 0.555570 -0.831470 0.000000
v 0.707107 -0.707107 0.000000
v 0.831470 -0.555570 0.000000
v 0.923880 -0.382683 0.000000
v 0.980785 -0.195090 0.000000
v -3.996594 -12.188761 5.952190
v -3.942980 -12.090765 6.043369
v -3.404114 -13.060361 6.091461
v -3.507728 -13.068032 6.004807
v -5.553514 -9.675423 6.015200
v -5.500296 -9.582038 6.100452
v -5.638811 -9.664978 6.098827
v -4.936066 -10.535644 6.100190
v -5.044913 -10.534373 6.002389
v -5.502725 -4.454889 7.000813
v -5.445915 -4.373504 7.107046
v -7.077848 -1.987690 7.234815
v -7.028380 -1.897962 7.325198
v -6.401242 -2.874671 7.301993
v -6.511430 -2.870354 7.207478
v -8.479577 -9.580446 5.745914
v -8.422538 -9.484085 5.833987
v -7.879798 -10.444674 5.808100
v -7.987283 -10.451535 5.722332
v -9.856130 -6.944577 4.974006
v -9.803944 -6.825174 5.084414
v -9.363082 -7.818862 5.121573
v -9.467257 -7.826137 5.032858
v -11.524047 2.535487 6.356848
v -11.467639 2.623497 6.447581
v -10.910417 1.686711 6.407829
v -11.019984 1.687817 6.317741
v -13.034540 -0.060605 4.750433
v -12.968422 0.034244 4.837057
v -12.561790 -0.940024 5.011485
v -12.668571 -0.931330 4.912708
v -4.988535 10.296619 8.344894
v -4.887981 10.289124 8.440987
v -5.395066 9.346186 8.403110
v -5.454187 9.431950 8.317007
v -5.006308 -5.267769 7.012207
v -5.008916 -5.271325 6.923683
v -5.037939 -5.321852 6.950137
v 2.502289 -14.735866 5.694037
v 2.436859 -14.612521 5.803854
v 3.563459 -14.612519 5.803126
v 3.503127 -14.735866 5.694037
v 4.003068 -6.934118 6.890467
v 3.936002 -6.817434 7.000714
v 5.081838 -6.835641 7.024781
v 5.015651 -6.949849 6.908835
v 5.504649 -14.735433 5.890860
v 5.436545 -14.612519 6.000006
v 6.563458 -14.612519 6.000000
v 6.505460 -14.735434 5.890860
v 7.027977 -5.209398 7.709411
v 6.958529 -5.095155 7.806517
v 8.063329 -5.111900 7.827248
v 8.007493 -5.224556 7.719795
v -12.515514 -14.782498 3.751637
v -12.373084 -14.762177 3.861500
v -12.936543 -15.738117 3.861504
v -13.016147 -15.649620 3.751637
v -8.006551 -13.908265 4.896411
v -8.063078 -13.782973 5.004951
v -6.939629 -13.792596 5.046645
v -7.009501 -13.916512 4.934899
v -8.518147 -18.296328 4.046967
v -8.442705 -18.164778 4.151451
v -7.915896 -19.163370 4.179023
v -8.045425 -19.189880 4.073717
v -7.009053 -20.853130 3.771729
v -6.937262 -20.716036 3.880577
v -6.372985 -21.690380 3.878162
v -6.507752 -21.718828 3.770237
v -2.473855 -16.530298 4.941713
v -2.411379 -16.401728 5.063428
v -1.812760 -17.358210 4.972166
v -1.951312 -17.365492 4.852620
v -2.029880 -13.982855 6.007313
v -2.088548 -13.860291 6.112355
v -1.029471 -13.963858 6.103403
v -1.048423 -14.008046 6.000853
v -3.528956 -4.472589 7.510982
v -3.592627 -4.360030 7.637606
v -2.489598 -4.386292 7.653877
v -2.555876 -4.496566 7.535711
v -14.513906 4.272759 4.890594
v -14.436523 4.379818 5.000000
v -13.873349 3.402818 5.007428
v -14.013988 3.405890 4.891269
v -16.018965 -3.530167 3.891800
v -15.936542 -3.414442 4.000000
v -15.373084 -4.390380 4.000000
v -15.518363 -4.397233 3.891801
v -16.019077 3.406383 3.891151
v -15.936542 3.513761 4.000000
v -15.373084 2.537823 4.000000
v -15.518474 2.539310 3.891151
vn -0.0013 0.0565 0.9984
vn -0.0028 -1.0000 -0.0073
vn 0.0023 0.0202 0.9998
vn -0.8725 -0.4886 0.0033
vn -0.0730 -0.1012 0.9922
vn 0.0118 0.9984 0.0547
vn 0.0118 -0.0732 0.9972
vn -0.0972 -0.0640 0.9932
vn -0.1436 0.9819 0.1233
vn -0.8813 -0.4676 -0.0687
vn -0.8182 0.5707 0.0689
vn -0.0033 0.0583 0.9983
vn 0.0763 -0.0205 0.9969
vn -0.8857 0.4609 0.0550
vn 0.0728 -0.0588 0.9956
vn 0.0943 0.0087 0.9955
vn -0.8544 0.5179 0.0417
vn -0.1555 0.1596 0.9749
vn -0.0762 0.1951 0.9778
vn 0.0022 0.9982 0.0602
vn 0.0635 -0.0864 0.9942
vn -0.1626 0.1751 0.9710
vn 0.0290 0.9976 0.0627
vn 0.0453 0.9971 0.0613
vn -0.9125 -0.4071 -0.0400
vn -0.9104 -0.4124 -0.0328
vn -0.8804 -0.4741 0.0059
vn 0.0259 0.9976 0.0641
vn 0.8942 -0.4477 0.0033
vn 0.0364 -0.9991 -0.0226
vn -0.8674 -0.4975 -0.0096
vn -0.9525 0.3041 0.0158
vn 0.0295 -0.0455 0.9985
vn 0.0928 0.0361 0.9950
vn -0.8855 0.4639 0.0269
vn -0.8658 0.4998 0.0239
vn -0.9077 0.4186 0.0291
vn -0.0246 0.9975 0.0663
vn -0.0137 -0.1101 0.9938
vn -0.0179 -0.0485 0.9987
vn 0.8841 0.4658 0.0363
vn 0.8572 -0.4949 0.1428
vn 0.8643 0.4990 -0.0627
vn -0.0000 -0.9773 0.2118
vn -0.8734 0.4848 0.0459
vn -0.0093 -0.0323 0.9994
vn -0.9003 -0.4342 -0.0297
vn -0.8403 0.5408 0.0379
vn -0.0067 0.1769 0.9842
vn 0.0110 0.9982 0.0594
vn 0.8870 0.4612 0.0215
vn -0.8276 0.5611 0.0146
vn 0.0488 0.1799 0.9825
vn -0.0744 0.9955 0.0585
vn 0.7949 0.6046 0.0508
vn 0.0848 -0.1534 0.9845
vn 0.0740 -0.2128 0.9743
vn -0.0623 0.9977 0.0260
vn -0.8583 0.5130 0.0124
vn 0.0814 -0.0785 0.9936
vn -0.0092 -0.0026 1.0000
vn 0.1369 -0.0305 0.9901
vn 0.0761 0.0362 0.9964
vn 0.1413 0.0650 0.9878
vn 0.8600 0.5046 0.0758
vn 0.8520 -0.4919 0.1792
vn 0.0225 0.0485 0.9986
vn -0.0000 -0.9750 0.2223
vn -0.0718 0.0438 0.9965
vn -0.0054 0.0089 0.9999
vn 0.8647 0.4959 0.0804
vn -0.8555 -0.4939 0.1553
vn -0.8572 0.4949 0.1427
vn -0.0000 1.0000 -0.0056
vn -0.0065 0.0068 1.0000
vn 0.8504 -0.4910 0.1888
vn 0.0308 -0.9988 0.0386
vn -0.0895 0.0241 0.9957
vn 0.1700 -0.1301 0.9768
vn -0.0210 0.0035 0.9998
vn 0.8618 0.5020 -0.0729
vn -0.0442 0.0757 0.9961
vn 0.0145 0.9991 0.0409
vn -0.0405 -0.0209 0.9990
vn 0.8698 -0.4513 0.1996
vn 0.8518 -0.4918 0.1807
vn -0.0060 0.0109 0.9999
vn -0.0000 -0.9873 0.1590
vn 0.8909 -0.4108 0.1937
vn -0.9009 -0.4254 0.0861
vn -0.0114 0.0754 0.9971
vn 0.8187 -0.5369 0.2038
vn 0.8510 -0.4913 0.1856
vn -0.8644 -0.4949 0.0894
vn -0.8625 -0.4934 0.1119
vn 0.8587 -0.4957 0.1301
vn -0.8768 0.4761 0.0675
vn -0.0000 -0.0000 1.0000
vn -0.0000 -0.9760 0.2180
vn -0.0520 -0.0564 0.9971
vn -0.8956 0.4348 0.0938
vn -0.0540 -0.0072 0.9985
vn -0.8513 -0.4707 0.2317
vn -0.0144 -0.9759 0.2177
vn -0.8732 -0.4843 0.0549
vn -0.8514 -0.4915 0.1832
vn 0.0201 0.9987 0.0469
vn -0.8657 0.4998 0.0288
vn -0.8511 -0.4914 0.1849
vn -0.0032 0.0027 1.0000
vn 0.0115 -0.9730 0.2306
vn -0.0085 0.9998 0.0199
vn -0.0344 -0.9761 0.2144
vn -0.9012 -0.4281 0.0681
vn -0.9168 -0.3942 0.0640
vn -0.8688 0.4898 0.0728
vn -0.8749 0.4785 0.0747
vn 0.0400 0.0244 0.9989
vn -0.8560 0.5144 0.0510
vn 0.0656 0.0903 0.9937
vn -0.0593 -0.0533 0.9968
vn -0.7907 -0.6002 0.1211
vn -0.0000 -0.9646 0.2638
vn -0.8829 0.4661 0.0564
vn -0.0647 0.0136 0.9978
vn -0.0715 -0.0205 0.9972
vn -0.0232 -0.0540 0.9983
vn -0.0396 -0.0114 0.9992
vn -0.0000 -0.9620 0.2732
vn -0.8676 -0.4955 0.0417
vn 0.0063 -0.9999 0.0110
vn -0.8796 -0.4710 0.0665
vn 0.0089 0.0380 0.9992
vn -0.8383 0.5438 0.0405
vn 0.1018 0.1134 0.9883
vn -0.7872 -0.6078 0.1042
vn -0.1202 -0.0075 0.9927
vn 0.0070 -0.0578 0.9983
vn -0.8722 -0.4773 0.1069
vn -0.9126 -0.3925 0.1145
vn -0.9052 0.4235 0.0368
vn 0.0137 0.9974 -0.0712
vn -0.8567 -0.4951 0.1444
vn -0.8413 0.5368 0.0642
vn 0.8827 0.4691 -0.0264
vn -0.0181 -0.0127 0.9998
vn -0.0648 0.0057 0.9979
vn -0.1271 -0.9919 -0.0038
vn -0.8916 -0.4507 0.0437
vn -0.0397 -0.9991 0.0174
vn -0.8645 -0.4997 0.0532
vn -0.8646 -0.4995 0.0541
vn -0.8932 0.4483 0.0354
vn -0.0614 -0.0038 0.9981
vn -0.8985 -0.4355 0.0552
vn -0.7546 0.6561 -0.0098
vn 0.0127 0.0116 0.9999
vn -0.8726 -0.4826 0.0756
vn -0.8719 -0.4838 0.0758
vn -0.8676 0.4971 0.0136
vn -0.8695 0.4937 0.0181
vn -0.8757 0.4824 0.0200
vn 0.0195 -0.0295 0.9994
vn -0.8315 0.5547 0.0315
vn -0.8802 -0.4744 0.0162
vn 0.0194 -0.1154 0.9931
vn -0.0059 0.9998 0.0164
vn 0.0034 0.1839 0.9829
vn 0.8597 0.5059 -0.0704
vn 0.0399 -0.0579 0.9975
vn -0.6906 -0.4728 0.5474
vn 0.0323 0.9984 -0.0455
vn 0.0601 -0.0577 0.9965
vn -0.8456 -0.5313 0.0523
vn -0.1730 0.0465 0.9838
vn 0.0286 -0.1177 0.9926
vn 0.0996 -0.0217 0.9948
vn 0.0541 -0.0336 0.9980
vn -0.0100 -0.0132 0.9999
vn 0.0249 -0.0750 0.9969
vn 0.0512 -0.9909 0.1243
vn 0.0302 0.0694 0.9971
vn 0.0083 0.0672 0.9977
vn -0.0364 0.9922 -0.1192
vn 0.0243 -0.0490 0.9985
vn -0.8743 -0.4847 0.0238
vn -0.8646 0.5018 0.0233
vn 0.0072 1.0000 0.0031
vn -0.8439 -0.5229 0.1197
vn -0.8551 -0.5178 0.0276
vn -0.8633 0.5034 0.0363
vn -0.8659 0.5002 0.0054
vn 0.0034 -0.0129 0.9999
vn 0.0195 0.9991 -0.0378
vn -0.0247 0.0545 0.9982
vn -0.9089 -0.4076 0.0875
vn -0.9077 -0.4101 0.0886
vn -0.0940 -0.0282 0.9952
vn -0.0273 -0.9916 0.1268
vn -0.8495 -0.4905 0.1944
vn -0.0431 0.0724 0.9964
vn -0.8632 0.4989 0.0766
vn -0.8539 -0.4931 0.1668
vn -0.8539 -0.4957 0.1585
vn -0.0058 0.9999 0.0089
vn -0.8544 -0.5179 0.0408
vn -0.0249 -0.9984 0.0508
vn -0.8855 -0.4628 0.0410
vn -0.0026 0.0386 0.9993
vn -0.8539 -0.4930 0.1667
vn 0.0009 -0.9973 0.0729
vn 0.0058 0.0775 0.9970
vn -0.4768 -0.4106 0.7772
vn -0.8066 -0.5882 0.0583
vn 0.0143 -0.0819 0.9965
vn -0.8736 -0.4815 0.0708
vn 0.0070 -0.9860 0.1665
vn -0.8558 0.4941 0.1530
vn 0.0572 0.0241 0.9981
vn -0.0000 0.9990 -0.0440
vn -0.0521 0.0431 0.9977
vn -0.8530 -0.4925 0.1730
vn -0.0053 -1.0000 0.0016
vn -0.8552 -0.4938 0.1574
vn -0.8549 0.4936 0.1594
vn -0.0654 -0.0736 0.9951
vn -0.8521 0.4919 0.1788
vn 0.0745 0.9972 -0.0109
vn -0.0000 0.9736 0.2284
vn -0.1111 -0.9930 0.0401
vn -0.8662 -0.4980 0.0403
vn -0.0000 0.9365 0.3507
vn -0.0600 -0.0348 0.9976
vn -0.8442 0.4874 0.2232
vn 0.8412 0.5404 -0.0176
vn -0.8826 -0.4694 0.0262
vn 0.8490 -0.5280 0.0189
vn -0.0727 0.0436 0.9964
vn 0.8957 0.4446 -0.0068
vn -0.0267 -0.1505 0.9882
vn -0.8652 0.5000 -0.0378
vn 0.8467 0.5260 -0.0801
vn -0.8652 -0.4956 0.0762
vn -0.8641 0.5005 -0.0530
vn 0.0261 -0.0010 0.9997
vn -0.0039 0.0313 0.9995
vn 0.1588 -0.1037 0.9818
vn 0.0053 -0.0427 0.9991
vn -0.8712 0.4875 -0.0577
vn 0.0074 -0.0494 0.9988
vn 0.0365 -0.0100 0.9993
vn 0.0266 0.0175 0.9995
vn 0.0364 -0.0581 0.9976
vn -0.0144 0.9863 -0.1641
vn 0.0800 -0.9685 0.2358
vn -0.8898 -0.4281 0.1579
vn 0.8118 0.5710 -0.1225
vn 0.8277 -0.5511 0.1061
vn 0.0478 -0.0425 0.9980
vn 0.8648 -0.4979 0.0648
vn -0.0002 -0.9851 0.1720
vn -0.0169 -0.0396 0.9991
vn -0.0015 -0.0231 0.9997
vn 0.0209 -0.0708 0.9973
vn -0.0566 0.0098 0.9983
vn 0.8514 0.5096 -0.1243
vn 0.8651 -0.4995 0.0456
vn 0.8693 -0.4922 0.0457
vn -0.0410 -0.9873 0.1535
vn -0.8527 -0.5047 0.1348
vn -0.0114 0.0052 0.9999
vn -0.0733 0.0435 0.9964
vn 0.8566 0.4917 -0.1564
vn 0.8567 0.4918 -0.1558
vn -0.8755 -0.4521 0.1704
vn -0.1013 0.0041 0.9948
vn -0.0106 -0.9842 0.1765
vn -0.0503 0.0535 0.9973
vn -0.0000 0.9781 0.2082
vn -0.8547 0.4935 0.1612
vn -0.0693 0.0127 0.9975
vn -0.0000 0.9605 0.2782
vn -0.8427 0.4865 0.2307
vn -0.8347 -0.5139 0.1981
vn -0.0372 -0.0067 0.9993
vn 0.0084 -0.9968 0.0798
vn -0.8658 0.4999 0.0201
vn 0.0438 0.0467 0.9979
vn 0.0408 0.0161 0.9990
vn -0.8529 -0.4795 0.2067
vn -0.8534 0.4927 0.1704
vn 0.0095 -0.0101 0.9999
vn 0.0167 -0.0085 0.9998
vn 0.8628 -0.5055 0.0094
vn -0.8530 0.4969 0.1597
vn -0.0000 -0.9827 0.1850
vn -0.0000 0.9878 0.1559
vn -0.8519 0.4919 0.1796
vn 0.8660 -0.5000 0.0001
vn -0.0125 -0.0100 0.9999
vn 0.0099 0.0366 0.9993
vn 0.8660 -0.5001 0.0001
vn -0.8514 0.4916 0.1829
vn 0.8659 -0.5002 -0.0000
vn 0.0227 -0.0413 0.9989
vn -0.8217 -0.5621 0.0942
vn -0.0039 0.0040 1.0000
vn -0.8540 0.4930 0.1663
vn -0.8646 -0.4991 0.0583
vn 0.8614 0.4982 -0.0986
vn -0.8484 0.4898 0.2010
vn -0.0081 -0.9964 -0.0842
vn 0.0599 -0.0231 0.9979
vn 0.0009 -0.0016 1.0000
vn 0.0097 0.9999 0.0072
vn -0.0861 0.0194 0.9961
vn 0.0546 0.9890 -0.1374
vn -0.1194 0.0334 0.9923
vn -0.0520 -0.0602 0.9968
vn 0.0313 0.9949 -0.0955
vn -0.8622 -0.5053 -0.0347
vn -0.7546 0.6162 -0.2254
vn 0.8634 -0.5043 -0.0147
vn 0.8722 0.4891 -0.0021
vn -0.1596 -0.0019 0.9872
vn 0.0714 -0.0465 0.9964
vn -0.8659 -0.5000 -0.0136
vn -0.1063 -0.0369 0.9937
vn 0.0094 0.0265 0.9996
vn -0.1036 0.0240 0.9943
vn -0.8841 0.4673 -0.0048
vn -0.8831 -0.4689 -0.0144
vn 0.0256 -0.0758 0.9968
vn -0.0488 -0.0156 0.9987
vn 0.9149 -0.3780 0.1417
vn 0.2340 -0.0900 0.9681
vn 0.8457 -0.5174 0.1308
vn -0.0000 0.9876 -0.1570
vn 0.8659 0.4999 0.0142
vn 0.8519 -0.4919 0.1798
vn 0.0262 0.0306 0.9992
vn 0.0727 -0.9863 0.1480
vn 0.0966 0.1399 0.9854
vn 0.1734 -0.9718 0.1596
vn 0.8160 0.5780 -0.0042
vn 0.8535 -0.4935 0.1674
vn 0.8531 -0.4942 0.1674
vn 0.0592 -0.0240 0.9980
vn 0.0414 -0.9972 0.0625
vn -0.8206 -0.5699 -0.0432
vn 0.8566 0.5134 0.0508
vn 0.8530 -0.5176 0.0665
vn 0.8363 -0.5448 0.0613
vn 0.8386 -0.5412 0.0622
vn 0.8660 0.5000 0.0046
vn 0.0126 0.0156 0.9998
vn -0.8810 -0.4731 -0.0002
vn -0.0041 -0.0428 0.9991
vn -0.0244 -0.0574 0.9981
vn 0.8366 0.5478 -0.0013
vn 0.0439 0.0865 0.9953
vn -0.0772 0.0051 0.9970
vn 0.8655 0.4997 -0.0357
vn 0.0195 -0.9943 0.1046
vn -0.8610 0.5031 -0.0738
vn -0.3376 0.9350 -0.1087
vn -0.8850 -0.4653 -0.0179
vn 0.0982 -0.1787 0.9790
vn 0.9498 0.3124 -0.0182
vn 0.1178 -0.0908 0.9889
vn 0.8195 -0.5636 0.1034
vn 0.8624 -0.5002 0.0782
vn -0.0780 -0.0942 0.9925
vn 0.8839 0.4672 0.0206
vn 0.8420 -0.5352 0.0671
vn -0.8338 -0.5519 -0.0113
vn -0.8442 0.5347 -0.0393
vn -0.0034 0.0239 0.9997
vn 0.0230 0.0744 0.9970
vn 0.8475 0.5302 0.0254
vn 0.8460 -0.5297 0.0609
vn 0.0108 0.0081 0.9999
vn 0.8478 0.5299 -0.0211
vn 0.1008 0.0073 0.9949
vn -0.0081 -0.0096 0.9999
vn -0.0070 -0.9987 0.0511
vn -0.8658 -0.5004 0.0029
vn 0.8565 -0.5137 0.0503
vn 0.0670 -0.0194 0.9976
vn 0.1408 -0.1420 0.9798
vn -0.0061 0.0015 1.0000
vn -0.0601 -0.0843 0.9946
vn 0.0303 0.9995 0.0018
vn 0.0169 0.0005 0.9999
vn 0.0154 0.0004 0.9999
vn -0.0026 0.0491 0.9988
vn 0.8616 0.5073 -0.0166
vn 0.0013 -0.0008 1.0000
vn -0.8573 0.5148 -0.0068
vn -0.2217 -0.0467 0.9740
vn 0.8754 0.4830 0.0181
vn 0.8484 -0.5291 0.0181
vn -0.8419 -0.5342 0.0769
vn 0.8401 0.5154 0.1694
vn 0.8613 -0.5029 0.0721
vn 0.8491 -0.5152 0.1168
vn 0.8662 -0.4865 0.1141
vn 0.8540 -0.5029 0.1329
vn -0.0313 -0.0903 0.9954
vn 0.8607 -0.4850 0.1548
vn 0.8512 0.5237 -0.0346
vn 0.8555 -0.4948 0.1529
vn 0.8579 0.5036 0.1017
vn 0.8537 -0.5163 0.0679
vn 0.8570 -0.5095 0.0772
vn 0.8480 0.4900 0.2021
vn 0.0124 -0.9970 0.0760
vn 0.0198 -0.9918 -0.1259
vn 0.8641 -0.4987 0.0673
vn 0.8465 0.4887 0.2112
vn 0.0253 -0.9966 0.0782
vn -0.7749 -0.6310 0.0359
vn 0.8068 0.5901 -0.0286
vn 0.8584 -0.5104 0.0508
vn 0.8436 0.4871 0.2261
vn -0.0000 0.9804 0.1970
vn 0.0615 0.0517 0.9968
vn 0.0480 -0.9975 0.0520
vn 0.0070 -0.0275 0.9996
vn 0.8573 -0.5136 0.0363
vn 0.0044 0.0134 0.9999
vn -0.8571 -0.5151 0.0022
vn 0.8424 0.4864 0.2319
vn -0.0000 0.9677 0.2521
vn 0.1084 0.0491 0.9929
vn 0.0621 -0.1683 0.9838
vn -0.0769 -0.2799 0.9570
vn -0.8658 0.4961 -0.0650
vn 0.0559 0.0006 0.9984
vn 0.8606 0.5058 -0.0588
vn 0.8644 -0.4962 0.0814
vn 0.0269 -0.9939 0.1072
vn 0.0588 -0.9919 0.1125
vn 0.1892 0.1017 0.9766
vn 0.8645 -0.4986 0.0639
vn -0.2300 -0.2375 0.9438
vn -0.7726 -0.6339 0.0368
vn -0.1387 -0.2357 0.9619
vn 0.8512 0.4915 0.1840
vn -0.0000 0.9713 0.2379
vn 0.0945 0.0529 0.9941
vn -0.0613 -0.9965 0.0562
vn -0.0460 -0.0420 0.9981
vn -0.1319 0.0824 0.9878
vn 0.0048 0.0841 0.9964
vn 0.8936 0.4486 -0.0147
vn 0.0232 0.0759 0.9968
vn 0.8712 0.4907 -0.0180
vn 0.8756 -0.4825 0.0234
vn 0.8858 -0.4633 0.0259
vn 0.0492 -0.0728 0.9961
vn 0.8530 -0.5214 0.0229
vn -0.8557 0.5174 0.0006
vn 0.1129 -0.0206 0.9934
vn 0.1223 0.0100 0.9924
vn -0.0025 0.1305 0.9915
vn 0.8566 0.4946 0.1471
vn 0.8584 -0.5128 -0.0073
vn 0.8554 0.4938 0.1564
vn -0.0000 0.9645 0.2641
vn -0.9062 0.4219 0.0270
vn 0.8723 0.4883 0.0274
vn -0.0144 0.9981 0.0594
vn -0.0357 -0.9992 0.0156
vn -0.0000 0.9578 0.2874
vn -0.8561 0.4943 0.1510
vn 0.8622 0.5064 -0.0108
vn -0.8663 -0.4989 0.0236
vn 0.0144 -0.9999 -0.0045
vn 0.8559 -0.5171 -0.0093
vn -0.8707 -0.4918 0.0017
vn -0.8707 -0.4917 0.0030
vn -0.8585 0.5128 0.0027
vn 0.0992 0.1433 0.9847
vn 0.0017 1.0000 0.0081
vn -0.8638 0.5038 0.0082
vn -0.8752 -0.4837 -0.0003
vn 0.0440 -0.9990 0.0026
vn -0.8555 0.5177 -0.0020
vn -0.8664 -0.4993 -0.0039
vn 0.0750 -0.9970 0.0204
vn 0.8541 0.5200 -0.0087
vn -0.8599 0.5102 -0.0161
vn -0.8631 0.5048 -0.0152
vn -0.7956 -0.6052 0.0257
vn 0.0086 -0.9991 0.0420
vn -0.8835 -0.4681 0.0185
vn 0.0348 -0.9988 0.0331
vn 0.8641 -0.5017 0.0397
vn 0.8708 0.4915 0.0101
vn 0.1266 -0.0723 0.9893
vn -0.8616 0.5063 -0.0358
vn -0.7898 -0.6125 0.0327
vn -0.8604 0.5076 -0.0452
vn 0.8813 0.4698 -0.0503
vn 0.0268 0.0792 0.9965
vn -0.8691 -0.4925 0.0457
vn -0.8599 -0.5068 0.0604
vn 0.0435 -0.9889 0.1421
vn -0.8568 -0.5157 0.0010
vn 0.0983 -0.9950 0.0190
vn 0.0782 0.0873 0.9931
vn 0.0201 -0.9996 0.0198
vn 0.8637 -0.5035 0.0221
vn -0.0100 0.9998 -0.0188
vn -0.8416 -0.5400 0.0119
vn -0.0119 -0.9995 0.0290
vn -0.8583 0.5125 -0.0244
vn 0.8666 -0.4965 0.0509
vn 0.0319 0.0239 0.9992
vn 0.0999 -0.9928 0.0656
vn 0.0859 0.0988 0.9914
vn -0.8651 0.4999 -0.0410
vn -0.0813 0.9959 -0.0397
vn -0.8632 0.5032 -0.0424
vn -0.8276 -0.5610 0.0177
vn 0.8499 -0.5225 0.0674
vn 0.0008 -0.9938 0.1114
vn 0.8623 -0.4979 0.0921
vn 0.0165 0.0064 0.9998
vn -0.8611 -0.5047 0.0612
vn 0.8617 -0.4975 0.0997
vn 0.8646 0.4992 -0.0579
vn 0.0246 -0.0041 0.9997
vn 0.0107 -0.9866 0.1627
vn -0.0614 0.0252 0.9978
vn -0.8681 0.4961 -0.0173
vn -0.8684 -0.4958 0.0018
vn 0.0450 -0.9986 0.0287
vn 0.0438 -0.0278 0.9987
vn -0.8648 0.5015 -0.0247
vn 0.0194 -0.9987 0.0467
vn 0.0087 -0.9989 0.0450
vn 0.0051 0.0045 1.0000
vn -0.8668 -0.4984 0.0158
vn 0.8660 0.5000 -0.0098
vn 0.0327 0.0339 0.9989
vn -0.8663 0.4970 -0.0507
vn -0.0488 0.9965 -0.0681
vn -0.8763 0.4794 -0.0465
vn 0.0840 -0.9928 0.0851
vn 0.0567 -0.0512 0.9971
vn 0.0137 -0.9946 0.1027
vn -0.0355 -0.0271 0.9990
vn -0.8657 -0.4987 0.0436
vn 0.8583 -0.4955 0.1334
vn -0.8638 -0.4987 0.0722
vn -0.0000 -0.9811 0.1937
vn -0.8721 -0.4891 -0.0125
vn 0.9027 -0.4241 0.0721
vn 0.8177 0.5754 0.0182
vn -0.0292 0.9993 -0.0218
vn -0.8636 0.5031 -0.0315
vn -0.8580 -0.5136 -0.0012
vn 0.1374 -0.9885 0.0628
vn 0.8645 0.5026 0.0058
vn -0.0058 0.9990 -0.0440
vn 0.8673 0.4977 0.0028
vn 0.8688 0.4952 0.0025
vn 0.0134 0.9982 -0.0580
vn -0.8660 -0.5000 0.0098
vn 0.0032 0.0210 0.9998
vn -0.8665 -0.4985 0.0251
vn 0.8572 -0.5072 0.0886
vn -0.0016 -0.0295 0.9996
vn -0.8698 -0.4926 0.0288
vn -0.8682 -0.4953 0.0290
vn -0.0000 -0.9937 0.1120
vn -0.0000 -0.9828 0.1846
vn -0.0000 -0.9771 0.2129
vn -0.1149 0.9933 -0.0115
vn -0.0687 -0.9962 0.0535
vn 0.8743 -0.4827 0.0514
vn 0.8783 0.4773 0.0264
vn -0.1184 0.0276 0.9926
vn -0.8667 0.4967 -0.0459
vn 0.0253 0.9991 -0.0354
vn 0.8611 -0.5023 0.0783
vn 0.8578 0.5139 0.0073
vn 0.0066 0.9980 -0.0625
vn -0.8617 0.5029 -0.0674
vn -0.8639 -0.5036 0.0040
vn 0.0078 -0.9969 0.0781
vn 0.0038 -0.9970 0.0773
vn 0.7842 0.6203 -0.0156
vn -0.0003 -0.1943 0.9809
vn 0.2731 -0.9504 0.1491
vn 0.9072 -0.4071 0.1060
vn -0.8698 -0.4932 0.0170
vn 0.0411 -0.9932 0.1089
vn 0.8680 0.4965 -0.0100
vn 0.8698 0.4934 -0.0102
vn -0.8574 0.5069 -0.0886
vn -0.8658 -0.4999 0.0227
vn 0.8547 -0.4934 0.1614
vn -0.8572 0.4949 -0.1428
vn -0.8652 -0.4995 0.0435
vn -0.8647 -0.4992 0.0559
vn 0.8750 -0.4681 0.1233
vn 0.8672 -0.4834 0.1199
vn -0.0246 -0.0297 0.9993
vn -0.0130 0.9968 -0.0791
vn 0.8640 -0.4866 0.1293
vn 0.8611 -0.4917 0.1297
vn -0.0171 0.9938 -0.1096
vn -0.8530 0.5113 -0.1049
vn -0.0242 -0.9919 0.1245
vn -0.0146 -0.9914 0.1300
vn -0.0001 -0.0001 1.0000
vn 0.8533 -0.4927 0.1706
vn 0.8659 0.4999 -0.0154
vn -0.0000 0.9810 -0.1938
vn -0.8655 -0.4997 0.0357
vn 0.0862 0.1171 0.9894
vn 0.0158 0.1129 0.9935
vn -0.8834 0.4632 -0.0703
vn -0.8680 -0.4940 -0.0501
vn 0.0105 -0.9996 0.0260
vn 0.8581 0.5110 0.0496
vn 0.0764 -0.1637 0.9835
vn 0.0633 -0.2348 0.9700
vn -0.8594 0.5026 -0.0935
vn 0.0487 -0.0369 0.9981
vn -0.0172 0.9940 -0.1081
vn -0.8499 0.5166 -0.1038
vn -0.8769 -0.4807 -0.0021
vn 0.8995 0.4365 0.0183
vn 0.8930 0.4496 0.0193
vn 0.0069 -0.0019 1.0000
vn -0.8660 -0.5000 0.0050
vn -0.0000 -0.9845 0.1754
vn 0.8286 -0.5456 0.1253
vn 0.8671 0.4953 0.0520
vn 0.8658 0.4976 0.0517
vn 0.1601 -0.0414 0.9862
vn -0.8398 -0.5419 -0.0312
vn 0.0083 -0.9959 0.0899
vn 0.0034 -0.9960 0.0891
vn -0.8630 0.4832 -0.1474
vn 0.0401 -0.9845 0.1708
vn 0.8643 0.5011 0.0434
vn -0.8836 -0.4674 -0.0277
vn -0.0061 -0.9874 0.1579
vn 0.8656 0.4997 0.0319
vn 0.0193 0.9894 -0.1438
vn -0.8659 0.4726 -0.1640
vn 0.8273 -0.5256 0.1984
vn 0.0328 -0.0120 0.9994
vn 0.8681 0.4909 0.0733
vn 0.1559 -0.0539 0.9863
vn -0.8665 -0.4965 -0.0519
vn -0.0863 -0.9866 0.1387
vn 0.8573 0.5067 0.0918
vn -0.8312 0.5207 -0.1947
vn 0.8593 0.5056 0.0766
vn -0.1429 0.0595 0.9879
vn -0.8119 0.5268 -0.2515
vn -0.0800 -0.9886 0.1277
vn 0.8630 0.4983 -0.0831
vn -0.0000 0.9795 -0.2016
vn -0.8605 0.4968 -0.1130
vn -0.8616 -0.4975 0.1004
vn 0.8583 -0.4955 0.1333
vn 0.0044 -0.0000 1.0000
vn -0.0000 -0.9754 0.2205
vn -0.8588 -0.4958 0.1290
vn -0.0000 -0.9690 0.2471
vn 0.0012 -0.0029 1.0000
vn -0.8601 -0.4966 0.1170
vn -0.0000 -0.9744 0.2246
vn 0.8619 -0.4985 0.0931
vn 0.0051 -0.9852 0.1711
vn 0.0114 -0.9852 0.1711
vn -0.0025 -0.9797 0.2006
vn -0.0146 0.0398 0.9991
vn -0.0050 0.0292 0.9996
vn -0.8658 0.5000 0.0209
vn -0.0315 -0.0318 0.9990
vn -0.0314 -0.0311 0.9990
vn -0.8652 0.4998 0.0401
vn -0.8652 0.4999 0.0401
vn -0.0000 -0.9880 0.1544
vn -0.0000 0.9890 -0.1481
vn -0.0000 -0.9860 0.1666
vn 0.8661 -0.4999 0.0001
vn -0.0000 0.9860 -0.1666
vn -0.0003 -0.0000 1.0000
vn -0.8659 0.4999 0.0192
vn -0.8496 -0.4905 0.1940
vn 0.0002 -0.0150 0.9999
vn -0.8660 0.5000 0.0099
vn -0.8499 -0.4845 0.2073
vn 0.0484 -0.9759 0.2130
vn 0.8656 -0.5004 0.0208
vn 0.8653 -0.5009 0.0208
vn 0.8540 0.4758 -0.2103
vn -0.8382 -0.5001 0.2174
vn 0.8621 0.4923 -0.1199
vn -0.0005 0.9937 -0.1119
vn -0.0033 -0.0193 0.9998
vn -0.0129 -0.0492 0.9987
vn -0.8632 0.5046 0.0146
vn -0.8582 -0.4955 0.1341
vn -0.0000 -0.9919 0.1267
vn 0.8655 -0.5008 0.0093
vn -0.0004 0.0053 1.0000
vn -0.0067 0.0066 1.0000
vn -0.8660 0.5000 0.0088
vn -0.8545 -0.4935 0.1621
vn 0.0062 -0.9866 0.1631
vn -0.0012 -0.9797 0.2003
vn -0.0006 -0.9797 0.2004
vn 0.8670 -0.4976 0.0267
vn 0.8619 0.4742 -0.1797
vn 0.8654 -0.5008 0.0152
vn 0.8729 0.4763 -0.1053
vn 0.0195 0.9926 -0.1200
vn 0.0095 0.9930 -0.1179
vn -0.8659 0.5003 -0.0000
vn -0.8587 -0.4965 0.1268
vn -0.0334 0.0682 0.9971
vn -0.8658 0.5004 -0.0097
vn -0.8574 -0.4894 0.1594
vn -0.0222 -0.9844 0.1747
vn 0.8671 -0.4966 0.0386
vn -0.0779 0.0357 0.9963
vn -0.8674 0.4973 -0.0194
vn -0.8826 0.4700 -0.0047
vn 0.8670 -0.4962 0.0460
vn 0.0183 0.9805 -0.1954
vn 0.8668 -0.4973 0.0371
vn 0.8683 -0.4947 0.0370
vn -0.8555 -0.5005 0.1330
vn -0.0246 0.0318 0.9992
vn -0.8657 0.4997 -0.0281
vn -0.8788 -0.4588 0.1312
vn 0.0243 -0.9840 0.1763
vn 0.8566 0.4967 -0.1400
vn -0.8690 0.4935 -0.0361
vn 0.8632 -0.5004 0.0672
vn 0.0162 -0.0518 0.9985
vn 0.0250 -0.0564 0.9981
vn -0.8437 -0.5084 0.1722
vn -0.8337 -0.5253 0.1704
vn 0.0138 -0.9730 0.2305
vn 0.0105 0.0080 0.9999
vn -0.0098 0.0014 1.0000
vn -0.8641 0.4998 -0.0595
vn 0.8682 -0.4929 0.0567
vn 0.8503 0.5171 -0.0984
vn -0.0261 -0.0097 0.9996
vn -0.8669 0.4969 -0.0397
vn 0.8635 -0.4990 0.0734
vn -0.0304 -0.0141 0.9994
vn -0.8596 -0.4884 0.1499
vn -0.0557 -0.9780 0.2012
vn 0.0832 0.9768 -0.1971
vn -0.8796 0.4733 -0.0481
vn 0.8617 -0.4978 0.0989
vn -0.0041 -0.0070 1.0000
vn -0.8632 0.4986 -0.0792
vn -0.8517 -0.4917 0.1811
vn -0.0072 0.9861 -0.1662
vn 0.8642 -0.4960 0.0839
vn -0.8809 -0.4603 0.1103
vn 0.0479 -0.9810 0.1878
vn -0.8528 -0.5076 0.1230
vn 0.8609 -0.4977 0.1054
vn 0.8263 0.5477 -0.1313
vn -0.0353 0.9784 -0.2035
vn -0.8617 0.5003 -0.0846
vn -0.8532 -0.4977 0.1560
vn -0.8506 -0.5018 0.1573
vn 0.0015 -0.9690 0.2470
vn 0.8686 -0.4900 0.0736
vn 0.8661 -0.4944 0.0738
vn 0.8604 0.5058 -0.0623
vn -0.0075 -0.0478 0.9988
vn -0.8531 -0.5114 0.1036
vn 0.8617 -0.4985 0.0949
vn 0.8614 -0.4990 0.0949
vn 0.8618 -0.4983 0.0949
vn 0.0031 0.9855 -0.1698
vn -0.0114 -0.0304 0.9995
vn -0.8673 0.4928 -0.0704
vn -0.8703 -0.4799 0.1110
vn -0.8992 -0.4285 0.0883
vn 0.0618 -0.9781 0.1988
vn 0.8608 -0.4970 0.1092
vn 0.8604 0.4967 -0.1141
vn -0.0373 0.9788 -0.2015
vn -0.0016 -0.0044 1.0000
vn 0.0249 0.0125 0.9996
vn -0.8572 0.5059 -0.0961
vn -0.8622 0.4982 -0.0923
vn -0.8582 -0.4970 0.1286
vn 0.0147 -0.9737 0.2274
vn 0.8583 -0.4956 0.1329
vn 0.8577 0.4952 -0.1383
vn -0.0127 -0.0086 0.9999
vn 0.0072 0.0041 1.0000
vn 0.0025 -0.0046 1.0000
vn -0.8546 -0.4946 0.1582
vn -0.8549 -0.4941 0.1582
vn 0.7784 0.6276 -0.0119
vn 0.8605 -0.5083 0.0342
vn 0.9204 0.3907 -0.0139
vn 0.0383 0.9981 -0.0488
vn -0.8592 -0.5108 0.0292
vn -0.1315 -0.9906 0.0386
vn 0.8847 0.4658 -0.0187
vn -0.0719 0.0526 0.9960
vn -0.0614 -0.9973 0.0404
vn 0.8655 0.5009 0.0046
vn -0.8585 0.5129 -0.0043
vn -0.8418 -0.5393 0.0229
vn -0.0734 -0.9971 0.0223
vn -0.0847 0.0249 0.9961
vn -0.8826 -0.4700 0.0130
vn -0.1098 0.1197 0.9867
vn -0.1082 0.1165 0.9873
vn -0.0490 -0.9988 0.0017
vn 0.8629 -0.5055 -0.0030
vn 0.0934 0.0737 0.9929
vn -0.0104 -0.9999 0.0011
vn 0.8655 -0.4999 0.0323
vn -0.8406 -0.5391 0.0520
vn -0.0027 -0.9964 0.0843
vn -0.0211 0.0513 0.9985
vn -0.9016 -0.4318 0.0237
vn 0.0451 -0.9976 0.0522
vn 0.0218 -0.9986 0.0486
vn 0.8631 -0.5047 0.0166
vn -0.0106 -0.0732 0.9973
vn 0.0175 -0.9985 0.0511
vn -0.0430 0.9991 -0.0052
vn -0.8575 0.5143 0.0147
vn -0.0164 -0.9996 0.0210
vn 0.8658 -0.5004 -0.0046
vn 0.8589 0.5121 -0.0112
vn 0.0740 0.0071 0.9972
vn -0.8583 -0.5127 0.0201
vn 0.0302 -0.9995 0.0108
vn 0.8750 -0.4842 -0.0015
vn 0.8607 0.5092 -0.0012
vn 0.0393 -0.0059 0.9992
vn -0.8622 -0.5064 0.0108
vn 0.0287 -0.9996 0.0034
vn 0.8612 -0.5082 -0.0041
vn 0.0131 0.0588 0.9982
vn -0.8519 0.5235 0.0139
vn 0.0042 -1.0000 -0.0036
vn 0.8605 -0.5078 0.0418
vn -0.8764 -0.4720 0.0958
vn -0.8726 0.4884 -0.0093
vn -0.0255 -0.9933 0.1126
vn 0.8664 -0.4991 0.0196
vn 0.8979 0.4388 -0.0357
vn 0.8656 -0.5005 0.0128
vn -0.8660 0.5001 -0.0001
vn -0.8934 -0.4462 0.0520
vn -0.0572 -0.9970 0.0529
vn 0.8657 -0.5005 0.0056
vn -0.8626 -0.5032 0.0525
vn 0.0004 -0.9986 0.0528
vn -0.0074 1.0000 -0.0061
vn 0.0487 -0.0573 0.9972
vn 0.0074 -1.0000 0.0061
vn 0.8815 0.4721 -0.0058
vn -0.0669 0.0625 0.9958
vn -0.8746 -0.4743 0.1003
vn 0.8698 -0.4933 0.0130
vn 0.0048 -0.0581 0.9983
vn -0.8594 -0.5002 0.1062
vn -0.8822 -0.4652 0.0732
vn -0.8608 0.5086 0.0184
vn -0.8798 -0.4749 0.0194
vn -0.0096 -0.9999 -0.0107
vn -0.8651 0.5012 0.0186
vn -0.7783 -0.6270 0.0345
vn 0.0314 0.9992 0.0262
vn 0.0228 -0.0121 0.9997
vn -0.0123 0.0358 0.9993
vn -0.8623 0.5063 0.0085
vn 0.8669 -0.4986 -0.0006
vn 0.8663 -0.4994 -0.0064
vn 0.0008 0.9984 -0.0566
vn -0.8641 -0.4959 0.0862
vn -0.0034 -0.9974 0.0723
vn -0.0069 -0.9974 0.0719
vn -0.7345 0.6784 -0.0164
vn 0.1456 0.9891 -0.0214
vn -0.8971 0.4410 0.0273
vn -0.8645 -0.4998 0.0541
vn 0.8934 -0.4488 -0.0212
vn 0.0107 0.9999 -0.0022
vn -0.8569 0.5142 0.0352
vn -0.8617 0.5061 0.0370
vn -0.8777 -0.4771 0.0450
vn -0.8709 -0.4892 0.0471
vn 0.8561 -0.5165 -0.0166
vn -0.0010 0.9994 0.0351
vn -0.0009 -0.9998 -0.0175
vn -0.0183 -0.0415 0.9990
vn -0.0182 -0.0334 0.9993
vn -0.8565 -0.4911 0.1588
vn 0.0002 -0.9903 0.1392
vn -0.0268 0.0211 0.9994
vn -0.0178 -0.0112 0.9998
vn -0.8643 0.5015 0.0381
vn -0.8647 0.5009 0.0382
vn -0.8565 -0.4955 0.1444
vn 0.0014 -0.9934 0.1147
vn -0.0472 0.1363 0.9895
vn -0.0298 0.0265 0.9992
vn -0.8874 -0.4499 0.1005
vn -0.0016 0.9997 -0.0231
vn -0.0392 -0.0171 0.9991
vn 0.0098 -0.9982 0.0591
vn -0.8511 -0.5232 0.0433
vn -0.8582 0.5094 0.0639
vn -0.0365 -0.0568 0.9977
vn -0.8690 0.4917 0.0551
vn -0.8531 -0.5186 0.0582
vn -0.0048 -1.0000 0.0037
vn 0.8525 -0.5211 -0.0417
vn 0.0107 0.9996 0.0250
vn -0.0284 -0.0069 0.9996
vn -0.8298 0.5551 0.0571
vn -0.0025 -1.0000 -0.0081
vn 0.8677 0.4952 -0.0430
vn 0.0139 0.9988 0.0460
vn -0.0325 -0.0255 0.9991
vn -0.0464 -0.0136 0.9988
vn -0.8644 0.5006 0.0478
vn -0.8537 -0.4933 0.1667
vn -0.8538 -0.4931 0.1668
vn 0.0014 -0.9915 0.1298
vn -0.0439 -0.0396 0.9982
vn -0.8568 -0.4906 0.1587
vn 0.8680 -0.4945 -0.0450
vn -0.0655 0.0103 0.9978
vn -0.0621 -0.0551 0.9965
vn 0.0039 -0.9953 0.0970
vn 0.0033 0.9991 -0.0424
vn -0.0704 -0.0780 0.9945
vn -0.7814 -0.6116 0.1236
vn -0.0111 -0.9983 0.0578
vn -0.0588 -0.0454 0.9972
vn -0.8182 -0.5635 0.1139
vn -0.8534 0.5181 0.0570
vn -0.8594 -0.5091 0.0474
vn -0.8625 -0.5038 0.0476
vn 0.0210 -0.9998 0.0055
vn 0.8711 -0.4884 -0.0513
vn -0.0039 0.9998 0.0195
vn -0.0300 0.0252 0.9992
vn -0.8234 0.5631 0.0704
vn -0.8359 -0.5471 0.0446
vn 0.8635 0.5021 -0.0468
vn -0.0518 0.0045 0.9986
vn -0.8552 0.5094 0.0951
vn -0.8593 0.5022 0.0965
vn -0.8822 -0.4680 0.0531
vn -0.0059 -0.0057 1.0000
vn -0.8636 0.4986 0.0743
vn -0.8636 0.4987 0.0743
vn -0.0000 -0.9911 0.1332
vn -0.0073 0.9964 -0.0846
vn -0.0377 -0.0186 0.9991
vn 0.0047 -0.9948 0.1016
vn -0.8641 0.4960 0.0859
vn 0.0073 -0.9964 0.0846
vn -0.0737 0.0402 0.9965
vn -0.0259 -0.0584 0.9980
vn -0.0439 -0.0364 0.9984
vn -0.0508 -0.0665 0.9965
vn -0.0589 -0.0711 0.9957
vn -0.8906 0.4483 0.0768
vn -0.0340 -0.9988 0.0361
vn -0.0260 -0.9990 0.0372
vn -0.0166 0.9998 -0.0051
vn -0.0635 -0.9979 0.0109
vn -0.8664 0.4850 0.1190
vn -0.8606 -0.4958 0.1164
vn -0.0920 -0.0243 0.9955
vn -0.8540 -0.5135 0.0832
vn -0.0168 -0.9998 -0.0122
vn -0.0149 -0.9998 -0.0120
vn -0.8518 0.5119 0.1116
vn -0.0401 -0.9986 -0.0353
vn -0.8560 0.4942 0.1520
vn 0.8646 -0.4951 -0.0857
vn -0.0003 0.9986 -0.0537
vn -0.0119 -0.0031 0.9999
vn -0.0435 -0.0199 0.9989
vn -0.1132 -0.0192 0.9934
vn -0.8593 -0.4896 0.1477
vn -0.0286 0.0420 0.9987
vn -0.0029 0.0034 1.0000
vn -0.8583 0.4955 0.1334
vn -0.0076 -0.0157 0.9998
vn -0.0139 -0.0024 0.9999
vn -0.0089 -0.0037 1.0000
vn -0.8587 -0.4958 0.1294
vn 0.8742 -0.4759 -0.0964
vn -0.0006 0.9994 0.0341
vn 0.8627 0.4982 -0.0869
vn -0.0000 0.9983 0.0585
vn -0.0066 0.0028 1.0000
vn -0.0016 0.0017 1.0000
vn -0.8613 -0.4972 0.1049
vn 0.8612 -0.4972 -0.1051
vn 0.8552 0.4938 -0.1574
vn 0.8618 -0.4932 -0.1184
vn -0.0019 -0.0001 1.0000
vn -0.8577 0.4952 0.1385
vn -0.0000 -0.9990 0.0458
vn -0.0000 -0.9997 0.0248
vn -0.0000 0.9999 0.0143
vn 0.8572 -0.4949 -0.1427
vn -0.0000 0.9995 0.0329
vn -0.0000 0.9985 0.0547
vn -0.8580 -0.4953 0.1358
vn -0.8580 -0.4954 0.1358
vn -0.0060 0.0045 1.0000
vn -0.8547 0.4935 0.1611
vn -0.8644 -0.4990 -0.0617
vn -0.8585 -0.4956 -0.1317
vn 0.8595 0.4962 0.1225
vn -0.0000 0.9589 0.2838
vn -0.8518 0.4918 0.1803
vn -0.8616 -0.4974 -0.1013
vn -0.0000 0.9688 0.2478
vn -0.0036 0.0020 1.0000
vn -0.8550 0.4937 0.1588
vn -0.0652 0.9738 0.2180
vn -0.0000 0.9541 0.2994
vn -0.8528 0.4924 0.1738
vn -0.8529 0.4924 0.1738
vn -0.8592 -0.4961 -0.1253
vn 0.8624 0.4979 0.0913
vn 0.0011 0.9816 0.1910
vn -0.8513 0.5133 0.1087
vn -0.8384 0.5342 0.1077
vn -0.8738 -0.4795 -0.0809
vn 0.0471 0.9890 0.1403
vn -0.8438 0.5331 0.0617
vn -0.8643 0.4990 0.0635
vn -0.8436 -0.5321 -0.0722
vn -0.0539 -0.9913 -0.1202
vn -0.8778 0.4772 0.0413
vn 0.7726 0.6348 -0.0084
vn -0.8677 -0.4970 0.0035
vn 0.8665 -0.4989 -0.0154
vn 0.8653 0.5013 0.0016
vn -0.0548 -0.0435 0.9976
vn -0.0519 -0.1056 0.9931
vn -0.8491 -0.5283 -0.0007
vn -0.0799 0.9957 0.0478
vn -0.8810 0.4732 -0.0008
vn 0.8716 -0.4901 -0.0103
vn -0.0407 0.9974 0.0597
vn -0.8563 0.5164 -0.0052
vn -0.8161 -0.5740 -0.0671
vn 0.0694 -0.9967 -0.0410
vn 0.8659 0.4986 0.0403
vn 0.8665 0.4976 0.0404
vn -0.8679 -0.4965 -0.0170
vn -0.8630 0.5028 0.0495
vn -0.8593 -0.5107 -0.0282
vn 0.8681 0.4947 0.0408
vn -0.0289 0.9963 0.0809
vn -0.8925 0.4486 0.0471
vn -0.8626 -0.5045 -0.0361
vn 0.8631 0.5028 0.0479
vn -0.0394 -0.0477 0.9981
vn -0.8685 -0.4939 -0.0417
vn 0.0564 -0.9948 -0.0842
vn 0.0082 -0.0080 0.9999
vn 0.7425 0.6684 0.0435
vn 0.0415 -0.1736 0.9839
vn 0.8161 0.5740 0.0671
vn 0.0314 0.9975 0.0637
vn -0.0709 -0.1948 0.9783
vn -0.9455 0.3255 0.0080
vn 0.0481 -0.9979 -0.0425
vn 0.8560 -0.5169 0.0057
vn -0.8537 0.5203 0.0224
vn -0.9498 -0.3087 -0.0514
vn -0.9072 -0.4185 -0.0428
vn -0.0356 -0.9971 -0.0671
vn -0.8625 0.5027 0.0581
vn -0.8674 -0.4973 -0.0174
vn -0.8666 -0.4987 -0.0173
vn -0.0111 0.9957 0.0925
vn -0.8543 -0.5191 -0.0269
vn 0.0181 -0.9968 -0.0779
vn 0.8519 0.5200 0.0619
vn 0.0025 0.9932 0.1163
vn 0.0013 0.9932 0.1163
vn 0.0996 -0.0571 0.9934
vn -0.8581 0.5114 0.0452
vn -0.8439 -0.5324 -0.0666
vn 0.0079 -0.9945 -0.1045
vn 0.8779 0.4765 0.0480
vn -0.1065 0.9868 0.1221
vn 0.0561 -0.0176 0.9983
vn 0.0784 -0.0353 0.9963
vn -0.0082 -0.9927 -0.1204
vn -0.0042 -0.9926 -0.1210
vn 0.8560 0.5139 0.0562
vn -0.0578 0.9923 0.1094
vn -0.9053 0.4163 0.0841
vn -0.8763 -0.4795 -0.0473
vn -0.8879 -0.4575 -0.0487
vn 0.8713 -0.4903 -0.0231
vn -0.8678 0.4954 0.0393
vn -0.8687 -0.4952 0.0076
vn -0.9017 0.4299 0.0450
vn 0.8840 -0.4669 -0.0224
vn 0.9331 0.3594 0.0071
vn -0.0375 -0.9981 -0.0484
vn -0.0986 -0.9937 -0.0530
vn 0.0466 0.9942 0.0965
vn -0.8788 0.4727 0.0654
vn -0.8631 -0.5048 -0.0167
vn 0.0450 0.0841 0.9954
vn -0.8572 0.5142 0.0271
vn -0.8854 -0.4576 -0.0825
vn -0.0604 -0.9909 -0.1199
vn 0.0337 0.1645 0.9858
vn -0.0475 -0.9922 -0.1155
vn 0.8491 0.5252 0.0566
vn 0.8606 0.5069 0.0502
vn 0.8469 0.5286 0.0580
vn -0.0276 0.9878 0.1534
vn -0.8607 0.4971 0.1099
vn -0.8685 -0.4943 -0.0378
vn 0.0062 -0.9910 -0.1340
vn -0.0222 -0.0235 0.9995
vn -0.8886 0.4517 0.0795
vn 0.8821 -0.4686 -0.0472
vn 0.8777 0.4792 0.0076
vn -0.9159 0.3956 0.0674
vn -0.8759 -0.4825 0.0112
vn -0.8638 0.5015 0.0485
vn -0.8836 -0.4681 0.0097
vn 0.8336 0.5492 0.0586
vn 0.0957 0.9928 0.0722
vn 0.0198 -0.0588 0.9981
vn -0.8674 0.4961 0.0382
vn -0.8504 -0.5258 -0.0162
vn -0.2021 -0.0183 0.9792
vn -0.8882 -0.4583 -0.0318
vn -0.1076 0.0851 0.9905
vn -0.1659 0.1564 0.9737
vn -0.0109 0.0248 0.9996
vn 0.8645 0.4992 0.0584
vn 0.8645 0.4991 0.0584
vn -0.8547 0.4935 0.1613
vn -0.8653 -0.4996 -0.0403
vn -0.0000 -0.9816 -0.1911
vn -0.0117 -0.0250 0.9996
vn 0.0015 -0.0481 0.9988
vn -0.8626 0.4976 0.0916
vn -0.8665 -0.4973 0.0424
vn 0.0043 -0.9991 -0.0413
vn -0.0566 0.0018 0.9984
vn -0.8733 0.4747 0.1094
vn -0.8634 -0.5028 0.0416
vn -0.1022 0.9930 0.0599
vn -0.0563 -0.0579 0.9967
vn -0.8497 -0.5265 0.0269
vn -0.1452 -0.0539 0.9879
vn 0.0417 -0.9970 -0.0645
vn -0.0000 0.9813 0.1926
vn -0.0113 0.0056 0.9999
vn -0.8659 -0.5000 -0.0138
vn -0.0000 0.9722 0.2343
vn -0.8485 0.4899 0.2000
vn -0.8657 -0.4998 -0.0261
vn -0.0000 -0.9767 -0.2144
vn 0.8642 0.4990 0.0643
vn -0.8653 -0.4996 -0.0407
vn -0.0000 -0.9664 -0.2570
vn -0.8576 0.4960 0.1363
vn -0.0096 0.0112 0.9999
vn -0.8491 -0.5256 0.0524
vn 0.8591 0.5113 -0.0218
vn -0.0531 0.0165 0.9985
vn -0.8474 0.5217 0.0988
vn -0.8520 -0.5232 0.0159
vn 0.0122 -0.9969 -0.0772
vn -0.8576 0.4936 0.1444
vn -0.8609 0.4859 0.1509
vn -0.8691 -0.4942 0.0228
vn 0.0356 -0.9927 -0.1149
vn -0.0000 0.9863 0.1651
vn 0.0061 0.9952 0.0979
vn -0.0362 -0.0044 0.9993
vn -0.0306 -0.0017 0.9995
vn -0.8710 0.4703 0.1421
vn -0.8594 -0.5081 0.0562
vn -0.0071 -0.9966 -0.0815
vn -0.0252 0.0398 0.9989
vn -0.0057 0.0032 1.0000
vn -0.0028 0.0005 1.0000
vn -0.8655 -0.4997 0.0344
vn -0.8631 -0.4983 0.0822
vn 0.0004 0.9931 0.1173
vn -0.8634 -0.4985 0.0782
vn -0.0009 -0.9953 -0.0970
vn 0.8541 -0.4988 -0.1471
vn 0.8668 0.4971 -0.0403
vn -0.0012 -0.9949 -0.1010
vn 0.8654 0.4997 -0.0367
vn -0.0000 0.9877 0.1563
vn -0.8646 -0.4992 0.0572
vn 0.8809 -0.4724 -0.0302
vn -0.8680 -0.4950 -0.0402
vn -0.8801 0.4735 0.0346
vn 0.0590 0.9951 0.0794
vn 0.8738 0.4839 0.0480
vn 0.8821 0.4708 0.0146
vn -0.8648 0.5021 0.0020
vn 0.8724 -0.4883 -0.0197
vn 0.8187 0.5719 0.0505
vn 0.0390 0.9970 0.0671
vn 0.0303 -0.9982 -0.0515
vn -0.8272 0.5614 0.0224
vn 0.2115 0.0118 0.9773
vn -0.8407 0.5414 0.0079
vn 0.8668 -0.4984 -0.0142
vn -0.7558 -0.6548 -0.0080
vn -0.8641 -0.5034 -0.0017
vn 0.1487 -0.2033 0.9678
vn -0.8706 0.4917 0.0139
vn -0.0410 -0.9991 0.0145
vn 0.9224 -0.3852 0.0285
vn 0.8869 0.4619 0.0084
vn 0.0476 -0.9987 -0.0168
vn 0.8581 -0.5134 0.0114
vn -0.0595 0.9980 0.0226
vn -0.0742 -0.0616 0.9953
vn -0.1349 0.1083 0.9849
vn -0.8724 0.4883 0.0212
vn 0.8452 0.5340 0.0223
vn -0.1137 0.0742 0.9907
vn 0.0350 -0.9992 -0.0194
vn -0.1146 0.0012 0.9934
vn -0.8635 0.5042 0.0150
vn -0.1361 0.0129 0.9906
vn -0.8720 -0.4894 0.0021
vn -0.0016 1.0000 0.0077
vn -0.0696 -0.1231 0.9899
vn -0.8748 -0.4846 -0.0037
vn 0.8728 0.4879 0.0129
vn -0.0022 1.0000 0.0076
vn -0.0572 -0.1229 0.9908
vn -0.1605 0.0256 0.9867
vn -0.0486 -0.9987 -0.0163
vn -0.0799 0.1191 0.9897
vn -0.8733 0.4869 0.0136
vn -0.0005 -1.0000 -0.0096
vn -0.0040 1.0000 0.0070
vn -0.8820 0.4712 -0.0028
vn -0.8755 -0.4830 -0.0160
vn 0.0314 -0.9994 -0.0172
vn 0.8671 -0.4979 0.0123
vn 0.8682 0.4957 0.0228
vn -0.0412 -0.1084 0.9932
vn -0.0454 -0.9990 -0.0053
vn 0.0774 0.1270 0.9889
vn -0.8543 -0.5168 -0.0561
vn 0.0126 0.9981 0.0595
vn 0.1103 -0.0765 0.9909
vn 0.0366 0.9990 0.0254
vn 0.1455 0.0159 0.9892
vn -0.8676 0.4972 0.0064
vn -0.0165 -0.9998 -0.0114
vn 0.1390 -0.0329 0.9897
vn -0.8582 0.5133 -0.0031
vn -0.0105 0.9999 0.0081
vn -0.8691 0.4945 -0.0128
vn -0.0486 0.9988 0.0085
vn 0.0453 0.9964 0.0718
vn -0.0162 -0.0146 0.9998
vn -0.8784 0.4779 -0.0070
vn -0.8711 -0.4861 -0.0696
vn 0.0614 0.9953 0.0752
vn 0.0695 0.0350 0.9970
vn -0.8746 -0.4799 -0.0696
vn -0.0072 -0.9978 -0.0666
vn 0.0478 -0.0989 0.9939
vn -0.8725 0.4882 -0.0206
vn -0.0013 -1.0000 -0.0065
vn -0.8769 0.4801 -0.0244
vn -0.8701 -0.4920 -0.0277
vn -0.0138 0.9999 0.0004
vn -0.8739 0.4854 -0.0244
vn -0.8677 -0.4962 -0.0279
vn -0.8666 -0.4981 -0.0281
vn 0.1108 -0.0451 0.9928
vn 0.0153 -0.9971 -0.0746
vn -0.0095 0.9992 0.0400
vn -0.8671 0.4979 -0.0133
vn -0.8691 -0.4928 -0.0427
vn 0.0196 0.9994 0.0271
vn 0.1100 -0.0000 0.9939
vn -0.8727 -0.4867 -0.0385
vn -0.8714 -0.4890 -0.0382
vn 0.8662 0.4977 0.0456
vn 0.0070 0.9999 0.0109
vn 0.0116 -0.0108 0.9999
vn -0.8667 -0.4976 -0.0361
vn 0.0357 0.0348 0.9988
vn -0.8698 0.4923 -0.0323
vn -0.8685 -0.4946 -0.0338
vn -0.0213 0.9998 -0.0036
vn 0.0819 -0.0081 0.9966
vn -0.8467 -0.5317 -0.0211
vn -0.8480 -0.5295 -0.0213
vn -0.0432 -0.9987 0.0255
vn 0.8659 -0.4999 0.0190
vn 0.8577 0.5080 0.0792
vn -0.8312 -0.5504 -0.0786
vn 0.0289 -0.9981 -0.0549
vn 0.8611 0.5028 0.0752
vn 0.0347 -0.0119 0.9993
vn -0.0003 0.9990 0.0443
vn 0.0007 0.0085 1.0000
vn -0.8652 -0.4982 -0.0574
vn 0.8501 -0.5260 0.0255
vn 0.0017 0.9994 0.0343
vn -0.8648 0.5017 -0.0230
vn -0.8668 -0.4959 -0.0517
vn 0.0087 -0.9997 -0.0233
vn -0.0043 -0.0026 1.0000
vn 0.0043 1.0000 0.0077
vn -0.8655 0.4996 -0.0378
vn -0.8655 -0.4993 -0.0401
vn 0.8636 -0.5015 0.0525
vn -0.8684 0.4941 -0.0418
vn -0.8642 -0.5020 -0.0357
vn 0.0013 -0.9999 0.0120
vn 0.0184 -0.0001 0.9998
vn 0.8624 -0.5053 0.0309
vn 0.8619 0.4976 0.0978
vn 0.8796 0.4694 0.0776
vn -0.0000 0.9988 0.0489
vn 0.0226 -0.9991 -0.0354
vn 0.8652 -0.5007 0.0277
vn 0.8244 0.5617 0.0696
vn -0.0999 0.9945 0.0326
vn -0.8656 0.5001 -0.0239
vn -0.8581 -0.5104 -0.0557
vn 0.0003 -0.9996 -0.0286
vn 0.8729 0.4843 0.0595
vn 0.0014 0.9996 0.0297
vn -0.8542 0.5192 -0.0295
vn -0.8573 -0.5122 -0.0517
vn 0.0291 -0.9995 -0.0097
vn 0.8494 -0.5247 0.0566
vn 0.8603 -0.5046 0.0719
vn 0.9081 0.4123 0.0728
vn 0.0461 0.9988 0.0153
vn 0.0289 0.0319 0.9991
vn 0.0593 -0.9981 0.0178
vn 0.8293 -0.5541 0.0723
vn 0.8693 -0.4894 0.0696
vn 0.8541 0.5177 0.0500
vn -0.0000 0.9999 -0.0171
vn 0.0142 0.0356 0.9993
vn -0.8704 -0.4909 -0.0391
vn 0.0024 -0.9997 0.0234
vn 0.8759 0.4785 0.0615
vn -0.0116 -0.9998 0.0178
vn 0.8718 0.4546 0.1827
vn 0.0029 -0.9961 -0.0883
vn 0.8623 -0.4991 0.0858
vn -0.0024 0.9953 0.0968
vn 0.0097 -0.0366 0.9993
vn 0.8567 0.4966 0.1395
vn -0.0029 0.9979 0.0643
vn 0.8275 -0.5585 0.0581
vn 0.8297 0.5465 0.1142
vn 0.0473 0.9974 0.0536
vn 0.8849 -0.4614 0.0646
vn 0.8502 -0.5223 0.0668
vn 0.8488 0.5250 0.0627
vn 0.0123 0.9999 0.0014
vn 0.0057 1.0000 0.0009
vn 0.0009 -0.9999 0.0152
vn -0.0639 -0.0938 0.9935
vn 0.0061 -0.9996 0.0280
vn 0.8666 -0.4884 0.1024
vn 0.8677 0.4922 0.0696
vn -0.0315 0.0327 0.9990
vn 0.1775 -0.1194 0.9769
vn -0.8620 -0.5032 -0.0611
vn 0.8951 -0.4354 0.0965
vn -0.0010 0.9978 0.0670
vn 0.8531 0.5089 0.1152
vn -0.0410 0.9974 0.0592
vn 0.8822 0.4554 0.1198
vn -0.0625 -0.0943 0.9936
vn 0.8662 0.4866 0.1140
vn -0.0305 0.9994 0.0140
vn 0.0433 0.0085 0.9990
vn 0.8693 0.4818 0.1105
vn -0.0060 -0.9996 0.0264
vn 0.8526 0.5081 0.1223
vn -0.0206 0.9990 -0.0398
vn 0.8415 -0.5113 0.1745
vn 0.8519 -0.4919 0.1799
vn 0.8591 0.5025 0.0968
vn -0.0374 -0.0160 0.9992
vn -0.8584 0.4886 -0.1559
vn 0.0474 0.0172 0.9987
vn -0.8599 -0.4738 -0.1900
vn 0.0048 0.0051 1.0000
vn 0.8649 -0.4986 0.0581
vn 0.8839 0.4266 0.1917
vn 0.0744 0.1751 0.9817
vn -0.0085 0.0432 0.9990
vn 0.8596 0.4940 0.1306
vn 0.8590 0.4950 0.1307
vn -0.0019 0.9951 0.0989
vn -0.8662 0.4990 -0.0258
vn 0.0042 -0.9957 -0.0924
vn 0.8652 -0.4994 0.0453
vn 0.8501 0.4908 0.1907
vn -0.0000 0.9878 0.1560
vn 0.0003 0.0006 1.0000
vn 0.0015 -0.0002 1.0000
vn 0.8653 -0.4996 0.0414
vn -0.8658 0.4999 -0.0208
vn 0.8733 -0.4861 0.0338
vn 0.8841 0.4567 0.0987
vn -0.0116 0.0003 0.9999
vn 0.0968 0.0083 0.9953
vn -0.8692 0.4941 -0.0173
vn 0.0398 -0.9967 -0.0714
vn 0.8583 0.4957 0.1331
vn 0.8582 0.4958 0.1331
vn -0.0174 0.9933 0.1144
vn -0.0437 -0.0030 0.9990
vn 0.8657 -0.4998 0.0256
vn 0.8532 0.4926 0.1713
vn -0.0000 0.9879 0.1549
vn -0.0002 -0.0004 1.0000
vn -0.8660 0.5000 -0.0086
vn -0.8653 0.5012 -0.0067
vn 0.8760 0.4679 0.1169
vn -0.0003 0.9937 0.1118
vn 0.8530 0.4925 0.1730
vn 0.0054 -0.0014 1.0000
vn 0.0015 -0.0018 1.0000
vn 0.8497 0.4906 0.1932
vn -0.0000 0.9794 0.2021
vn 0.0037 0.0013 1.0000
vn 0.8660 -0.5000 -0.0110
vn -0.8655 0.4997 0.0332
vn 0.8651 -0.5016 0.0055
vn 0.8688 0.4949 0.0123
vn 0.0074 1.0000 0.0001
vn -0.8572 0.5147 -0.0176
vn 0.0113 -0.9998 -0.0193
vn 0.0056 -0.9998 -0.0194
vn 0.8568 -0.5156 0.0026
vn 0.8618 0.5001 0.0844
vn 0.0056 0.9961 0.0886
vn 0.0583 0.0737 0.9956
vn -0.0112 -0.9969 -0.0782
vn 0.8570 0.4955 0.1417
vn -0.0031 0.9877 0.1566
vn 0.0219 0.0002 0.9998
vn 0.0241 -0.0024 0.9997
vn -0.0001 0.9775 0.2112
vn 0.8779 0.4722 0.0794
vn 0.8655 0.5009 0.0009
vn 0.0450 0.0654 0.9968
vn 0.0112 -0.9999 0.0071
vn 0.8655 -0.5005 -0.0187
vn 0.8616 0.4948 0.1133
vn -0.0043 0.9904 0.1381
vn 0.8652 -0.5001 -0.0362
vn 0.8543 0.4928 0.1655
vn -0.0000 0.9780 0.2085
vn 0.0014 0.0134 0.9999
vn 0.0021 0.0173 0.9998
vn 0.8650 -0.4994 -0.0480
vn -0.8641 0.4989 0.0671
vn 0.8682 0.4961 0.0068
vn 0.8669 0.4985 0.0068
vn 0.0858 0.9961 -0.0212
vn 0.0054 -1.0000 0.0046
vn 0.0025 -1.0000 0.0041
vn 0.8625 0.4985 0.0876
vn 0.0054 0.9936 0.1132
vn -0.8597 0.5098 0.0313
vn 0.8710 0.4773 0.1163
vn 0.8777 0.4667 0.1092
vn 0.0013 0.9884 0.1518
vn -0.0531 0.0239 0.9983
vn -0.8617 0.5052 0.0473
vn 0.8553 0.4938 0.1567
vn -0.0000 0.9762 0.2170
vn -0.0042 0.0058 1.0000
vn -0.0005 0.0018 1.0000
vn -0.8637 0.4987 0.0725
vn 0.8761 0.4821 0.0079
vn -0.0096 0.0851 0.9963
vn -0.8624 0.5051 -0.0334
vn -0.8864 -0.4627 -0.0155
vn 0.8851 0.4571 0.0871
vn -0.0334 0.9891 0.1432
vn -0.0224 0.0974 0.9950
vn -0.8671 0.4956 0.0498
vn 0.8604 0.4957 0.1185
vn 0.8607 0.4952 0.1183
vn -0.0000 0.9840 0.1779
vn -0.0054 0.0044 1.0000
vn -0.0030 0.0014 1.0000
vn -0.8639 0.4989 0.0692
vn -0.0130 0.9944 0.1051
vn 0.1562 0.0540 0.9862
vn 0.8663 -0.4979 -0.0413
vn -0.0031 0.9900 0.1412
vn 0.0233 0.0883 0.9958
vn 0.0391 0.0876 0.9954
vn -0.8524 0.5189 0.0647
vn 0.8653 -0.4988 -0.0495
vn -0.0007 0.9910 0.1339
vn -0.8683 0.4923 0.0607
vn -0.8789 -0.4718 -0.0708
vn -0.8918 -0.4466 -0.0717
vn 0.8612 -0.4972 -0.1052
vn -0.8593 0.4961 0.1241
vn -0.0000 -0.9691 -0.2467
vn 0.1219 0.9874 0.1006
vn 0.2530 -0.0165 0.9673
vn 0.0158 0.9897 0.1421
vn 0.1029 -0.0046 0.9947
vn -0.8628 -0.5014 -0.0643
vn 0.8628 0.4981 0.0863
vn 0.8628 0.4981 0.0862
vn 0.0015 0.9869 0.1614
vn 0.0167 0.0026 0.9999
vn 0.8623 -0.4979 -0.0921
vn 0.8607 0.4969 0.1108
vn -0.0000 0.9783 0.2071
vn -0.8610 0.4971 0.1073
vn 0.8555 0.4939 0.1555
vn -0.8580 -0.4954 -0.1358
vn 0.0804 -0.0244 0.9965
vn 0.8652 -0.4996 -0.0436
vn -0.8083 0.5841 0.0738
vn -0.8084 0.5858 0.0571
vn 0.0424 -0.0507 0.9978
vn 0.0690 -0.0822 0.9942
vn -0.8997 0.4357 0.0248
vn 0.8779 0.4709 0.0866
vn -0.7955 0.5987 0.0933
vn -0.7808 0.6182 0.0906
vn -0.9029 -0.4264 -0.0542
vn 0.8845 -0.4599 -0.0780
vn 0.0024 -0.0428 0.9991
vn -0.0114 0.9980 0.0629
vn 0.0218 0.9986 0.0484
vn 0.0104 -0.9981 -0.0605
vn 0.8696 0.4938 0.0052
vn 0.0536 0.9975 0.0470
vn 0.0571 -0.0231 0.9981
vn -0.0243 -0.9985 -0.0482
vn 0.0642 0.9951 0.0746
vn 0.0504 0.0134 0.9986
vn 0.0697 0.0402 0.9968
vn -0.8694 0.4909 0.0569
vn 0.8446 0.5330 0.0505
vn -0.8674 0.4976 -0.0001
vn -0.0751 0.9865 0.1455
vn -0.1266 0.0864 0.9882
vn -0.8594 0.5007 0.1040
vn -0.0350 0.0869 0.9956
vn 0.0119 0.9983 0.0563
vn -0.0341 0.0229 0.9992
vn -0.0693 -0.0584 0.9959
vn -0.0978 -0.1049 0.9897
vn 0.0152 -0.9973 -0.0714
vn -0.0683 -0.0102 0.9976
vn -0.0997 0.9925 0.0710
vn -0.1672 0.3362 0.9268
vn -0.9102 0.4057 0.0836
vn -0.8404 -0.5420 0.0069
vn -0.1331 0.0796 0.9879
vn -0.0824 0.0734 0.9939
vn -0.0621 0.0456 0.9970
vn 0.8591 -0.4910 -0.1441
vn 0.8679 0.4956 0.0333
vn 0.0074 -0.9849 -0.1731
vn -0.0258 0.0130 0.9996
vn -0.0688 0.9937 0.0884
vn -0.0575 0.0080 0.9983
vn -0.8855 -0.4640 0.0257
vn 0.8719 0.4897 0.0035
vn -0.0429 0.9890 0.1417
vn -0.0847 -0.0241 0.9961
vn -0.0806 0.0118 0.9967
vn -0.0187 0.0176 0.9997
vn -0.8672 -0.4978 0.0150
vn -0.0344 0.0107 0.9994
vn -0.0172 0.0267 0.9995
vn 0.0029 0.9959 0.0900
vn -0.0145 0.0003 0.9999
vn -0.0167 -0.0027 0.9999
vn -0.0128 0.0017 0.9999
vn -0.8861 -0.4635 -0.0092
vn -0.0945 -0.9952 -0.0246
vn -0.1489 -0.0615 0.9869
vn -0.0482 -0.0645 0.9968
vn -0.8668 0.4972 0.0387
vn -0.8734 0.4853 0.0400
vn -0.8883 -0.4589 -0.0200
vn -0.0452 0.1507 0.9875
vn 0.0190 0.1641 0.9863
vn 0.0136 0.0098 0.9999
vn 0.2115 0.0119 0.9773
vn -0.7567 -0.6527 -0.0383
vn -0.0690 0.9971 0.0316
vn -0.0616 -0.0622 0.9962
vn 0.0141 -0.1052 0.9944
vn -0.8648 0.5018 0.0165
vn -0.1300 -0.2123 0.9685
vn -0.7774 -0.6288 0.0180
vn 0.8771 0.4803 -0.0035
vn 0.0061 1.0000 0.0024
vn -0.7801 0.6257 0.0074
vn -0.8606 -0.5088 0.0228
vn 0.8971 -0.4414 0.0177
vn -0.0646 0.9978 -0.0167
vn -0.1383 0.9904 -0.0066
vn 0.8708 0.4912 0.0216
vn -0.8622 0.5065 0.0025
vn -0.8604 -0.5089 -0.0258
vn 0.0522 -0.9986 -0.0094
vn -0.0766 0.9936 0.0827
vn -0.8914 0.4527 0.0225
vn -0.0140 0.9984 0.0553
vn -0.8562 0.5164 0.0165
vn -0.8372 -0.5466 -0.0163
vn 0.8637 -0.5039 -0.0108
vn -0.0188 0.9998 0.0094
vn 0.0010 -1.0000 -0.0078
vn 0.8673 0.4978 0.0067
vn -0.8644 0.5028 0.0078
vn -0.8951 0.4457 0.0087
vn -0.8935 0.4489 0.0099
vn -0.9381 -0.3462 0.0102
vn -0.9146 -0.4042 0.0081
vn -0.0476 -0.9987 -0.0162
vn -0.0114 0.0047 0.9999
vn -0.0238 0.9969 0.0745
vn 0.0146 -0.0173 0.9997
vn -0.8629 0.5054 0.0103
vn -0.8087 -0.5852 -0.0588
vn -0.8630 -0.5035 -0.0416
vn 0.0453 0.9972 0.0597
vn -0.1013 0.0655 0.9927
vn 0.0102 -0.0073 0.9999
vn -0.8667 0.4987 0.0145
vn -0.8510 -0.5251 -0.0002
vn -0.0113 -0.9999 -0.0098
vn 0.0409 -0.1030 0.9938
vn -0.8629 0.5054 0.0018
vn -0.8628 0.5055 0.0018
vn 0.0007 1.0000 0.0094
vn 0.0796 -0.2013 0.9763
vn -0.8710 0.4913 -0.0051
vn 0.8965 -0.4428 0.0116
vn 0.8791 0.4762 0.0201
vn -0.8898 0.4563 -0.0009
vn -0.8675 0.4973 0.0036
vn -0.8334 -0.5525 -0.0088
vn -0.8516 -0.5241 -0.0091
vn 0.0027 -0.0049 1.0000
vn -0.8516 -0.5201 -0.0657
vn 0.0125 0.0652 0.9978
vn -0.8380 -0.5452 -0.0220
vn -0.8791 -0.4766 -0.0073
vn 0.0057 -0.9999 -0.0083
vn 0.0438 -0.0655 0.9969
vn -0.8782 0.4781 -0.0129
vn 0.0431 -0.9991 -0.0015
vn 0.0964 0.0893 0.9913
vn -0.0023 0.0441 0.9990
vn -0.0726 0.0846 0.9938
vn -0.1224 -0.0045 0.9925
vn -0.8674 0.4975 -0.0126
vn 0.8620 -0.5068 0.0090
vn 0.1202 -0.0021 0.9927
vn -0.8727 0.4882 -0.0064
vn 0.1554 0.0046 0.9878
vn 0.2492 0.0161 0.9683
vn -0.8765 0.4814 -0.0069
vn -0.8154 -0.5763 -0.0551
vn 0.0175 0.9985 0.0511
vn 0.1553 -0.0570 0.9862
vn -0.8743 0.4853 -0.0035
vn 0.1481 0.0236 0.9887
vn 0.1952 0.0203 0.9806
vn -0.8636 0.5041 -0.0070
vn 0.0205 0.9997 0.0138
vn 0.1305 -0.0722 0.9888
vn -0.8601 0.5099 -0.0163
vn -0.8689 0.4946 -0.0213
vn -0.8669 0.4980 -0.0241
vn 0.1145 -0.0167 0.9933
vn 0.8388 0.5367 0.0918
vn 0.1268 -0.0173 0.9918
vn 0.1372 -0.0339 0.9900
vn -0.8478 -0.5269 -0.0598
vn -0.0072 0.9992 0.0398
vn 0.8628 -0.5048 0.0290
vn -0.8615 0.5075 -0.0198
vn -0.0359 -0.9992 -0.0154
vn 0.8652 -0.5002 0.0339
vn 0.0339 0.9993 0.0155
vn 0.0615 -0.0453 0.9971
vn -0.8670 0.4974 -0.0296
vn -0.0034 1.0000 0.0026
vn 0.0355 -0.0427 0.9985
vn 0.0763 -0.0773 0.9941
vn -0.0827 0.9943 0.0674
vn -0.8643 0.5028 -0.0089
vn -0.8664 0.4991 -0.0186
vn 0.8630 -0.5039 0.0378
vn 0.0226 -0.9997 -0.0102
vn 0.8904 0.4524 0.0509
vn -0.0336 -0.0159 0.9993
vn -0.0431 -0.0494 0.9978
vn -0.0137 -0.0226 0.9997
vn 0.8651 0.4995 0.0456
vn 0.8735 0.4850 0.0427
vn -0.0128 0.0224 0.9997
vn -0.8737 -0.4856 -0.0294
vn -0.8686 -0.4948 -0.0276
vn -0.0196 -0.9995 0.0260
vn -0.0235 -0.0003 0.9997
vn 0.8893 -0.4556 0.0390
vn 0.0080 0.0181 0.9998
vn -0.8662 0.4992 -0.0233
vn 0.8356 0.5452 0.0669
vn 0.8204 -0.5707 0.0357
vn -0.0019 -0.0282 0.9996
vn -0.8613 -0.5054 -0.0528
vn 0.8270 0.5557 0.0845
vn 0.0146 -0.0006 0.9999
vn 0.0317 0.9995 0.0058
vn 0.0414 -0.0588 0.9974
vn 0.8321 -0.5519 0.0557
vn 0.8042 0.5907 0.0657
vn -0.8665 0.4969 -0.0479
vn -0.8651 -0.4995 -0.0456
vn 0.0095 -0.0447 0.9990
vn -0.8691 0.4909 -0.0601
vn 0.8872 -0.4544 0.0798
vn 0.0375 0.0849 0.9957
vn 0.0219 0.0801 0.9965
vn -0.8669 0.4979 -0.0250
vn -0.8659 -0.4982 -0.0451
vn 0.8913 -0.4445 0.0891
vn 0.8748 0.4526 0.1731
vn 0.0985 -0.0533 0.9937
vn 0.8543 0.4927 0.1655
vn -0.0428 -0.0396 0.9983
vn 0.8923 -0.4424 0.0894
vn -0.0086 0.0443 0.9990
vn 0.8615 -0.5047 0.0546
vn 0.8310 0.5426 0.1226
vn 0.0144 0.9983 0.0557
vn -0.0000 0.9984 0.0573
vn -0.0327 0.0483 0.9983
vn -0.0465 -0.0531 0.9975
vn 0.8253 0.5571 0.0924
vn 0.0479 0.9986 0.0217
vn -0.0566 0.0712 0.9959
vn -0.0769 0.0373 0.9963
vn 0.4008 -0.2992 0.8659
vn 0.8517 0.5205 0.0609
vn -0.0132 -0.0248 0.9996
vn -0.0487 -0.0003 0.9988
vn -0.8646 -0.4992 -0.0582
vn 0.8494 -0.5202 0.0887
vn 0.8801 0.4707 0.0622
vn -0.0372 -0.0412 0.9985
vn -0.0597 -0.0277 0.9978
vn 0.0026 -0.9996 0.0272
vn -0.0023 0.9996 -0.0282
vn 0.0049 0.0183 0.9998
vn -0.0182 0.0249 0.9995
vn 0.1007 -0.9942 0.0369
vn 0.0711 -0.0943 0.9930
vn 0.0397 -0.9989 0.0229
vn 0.8017 -0.5739 0.1672
vn 0.8852 0.4548 0.0980
vn 0.8961 0.4334 0.0958
vn 0.2285 -0.0019 0.9735
vn 0.1610 -0.9803 0.1145
vn 0.0094 0.1240 0.9922
vn -0.0257 0.1155 0.9930
vn -0.0172 0.9981 0.0591
vn -0.0343 0.9981 0.0521
vn -0.0428 -0.0008 0.9991
vn 0.0209 -0.9991 -0.0372
vn 0.0089 -0.1115 0.9937
vn 0.0456 0.0024 0.9990
vn 0.0148 -0.9999 0.0040
vn 0.0350 -0.0542 0.9979
vn -0.0086 -0.9996 0.0252
vn 0.0176 0.9996 -0.0233
vn 0.0059 0.0001 1.0000
vn -0.0500 -0.0154 0.9986
vn 0.0192 -0.0408 0.9990
vn 0.0516 -0.9983 0.0258
vn 0.0336 -0.9978 0.0566
vn -0.0302 0.9977 -0.0602
vn -0.8490 -0.5228 -0.0765
vn -0.8575 -0.5078 -0.0823
vn -0.0492 -0.9947 0.0903
vn 0.0084 -0.9906 -0.1364
vn 0.8907 -0.4473 0.0808
vn 0.0746 0.1739 0.9819
vn 0.1028 0.0242 0.9944
vn 0.8710 -0.4897 0.0390
vn 0.8671 -0.4967 0.0371
vn -0.0008 0.9951 0.0990
vn 0.0043 0.0396 0.9992
vn -0.0623 0.0452 0.9970
vn 0.8651 -0.4995 0.0453
vn 0.8715 0.4795 0.1029
vn 0.0857 -0.9940 -0.0673
vn 0.8146 0.5668 0.1234
vn 0.1100 0.9882 0.1064
vn 0.0485 0.0622 0.9969
vn 0.0941 0.0571 0.9939
vn 0.1244 0.0230 0.9920
vn 0.8591 -0.5116 0.0137
vn 0.0329 -0.0570 0.9978
vn -0.1196 -0.9878 -0.0998
vn -0.0009 0.9849 0.1730
vn -0.8863 -0.4621 -0.0296
vn -0.8523 0.5231 0.0074
vn 0.8566 0.4962 0.1418
vn 0.8513 0.4914 0.1840
vn 0.0086 0.0092 0.9999
vn 0.0149 0.0065 0.9999
vn 0.0363 0.1056 0.9937
vn 0.8374 -0.5466 0.0030
vn 0.0051 1.0000 -0.0001
vn -0.8333 0.5527 -0.0092
vn -0.8666 -0.4989 -0.0087
vn -0.0185 0.0353 0.9992
vn -0.8780 0.4783 0.0190
vn 0.8501 -0.5264 0.0148
vn -0.8688 -0.4948 -0.0179
vn -0.0049 0.0416 0.9991
vn 0.0206 0.0163 0.9997
vn 0.0190 0.0355 0.9992
vn -0.0187 -0.0132 0.9997
vn -0.8633 0.5025 0.0472
vn 0.8601 -0.5087 0.0369
vn 0.0050 0.9996 -0.0279
vn 0.0050 0.0908 0.9959
vn 0.0261 -0.9994 0.0220
vn 0.0009 0.0353 0.9994
vn 0.8602 0.4959 0.1184
vn 0.0217 0.0666 0.9975
vn -0.0166 0.0761 0.9970
vn -0.8444 0.5339 0.0445
vn 0.0625 -0.9946 -0.0833
vn 0.8533 0.5138 0.0888
vn 0.8338 0.5434 0.0972
vn 0.8702 0.4864 0.0786
vn 0.8650 0.4952 0.0812
vn 0.0060 -0.0705 0.9975
vn 0.2180 0.1134 0.9693
vn -0.7814 0.6230 0.0341
vn 0.0536 0.0378 0.9978
vn -0.8463 0.5278 0.0718
vn -0.8504 0.5214 0.0711
vn -0.8408 0.5351 0.0815
vn -0.8619 -0.5033 0.0612
vn -0.8340 -0.5411 0.1077
vn -0.9081 0.4172 0.0370
vn -0.8492 -0.4852 0.2084
vn -0.8636 0.5040 0.0151
vn -0.8681 -0.4963 0.0130
vn 0.8726 0.4530 -0.1824
vn 0.8775 -0.4777 -0.0429
vn -0.0000 0.9930 0.1183
vn 0.8112 0.5846 0.0110
vn 0.8794 0.4732 0.0520
vn 0.8672 -0.4940 0.0626
vn -0.8557 -0.5175 0.0056
vn -0.8779 -0.4782 -0.0238
vn 0.0674 -0.9953 0.0697
vn -0.0412 0.9960 0.0791
vn 0.8659 -0.5001 -0.0075
vn 0.8626 0.4983 0.0876
vn -0.8667 0.4952 0.0609
vn 0.8620 -0.4977 -0.0957
vn 0.4308 -0.7299 0.5306
vn -0.6171 -0.3035 0.7260
vn -0.6008 -0.3607 0.7134
vn -0.5940 -0.4003 0.6978
vn -0.5719 -0.3433 0.7451
vn -0.6713 -0.2615 0.6935
vn -0.5838 -0.3790 0.7180
vn -0.6848 -0.1569 0.7116
vn -0.6292 0.3127 0.7115
vn -0.7702 -0.4642 0.4374
vn -0.8663 0.4988 -0.0253
vn -0.0109 0.0088 0.9999
vn -0.8729 -0.4828 0.0703
vn -0.0108 -0.9947 0.1023
vn -0.8590 -0.5084 0.0607
vn 0.8661 -0.4999 0.0069
vn -0.0506 -0.9964 0.0682
vn -0.0697 0.0197 0.9974
vn -0.0195 0.0370 0.9991
vn -0.0736 -0.9953 0.0629
vn -0.8494 0.5274 0.0189
vn 0.0018 -0.1385 0.9904
vn -0.8537 -0.5187 0.0459
vn -0.8795 0.4751 0.0284
vn -0.0037 0.0111 0.9999
vn -0.8426 -0.5380 0.0258
vn -0.0335 -0.9994 -0.0083
vn -0.8646 -0.4925 0.1000
vn 0.0125 -0.0105 0.9999
vn -0.8667 0.4986 0.0159
vn -0.0091 -0.9958 0.0908
vn -0.9347 0.3469 0.0777
vn -0.0410 -0.0812 0.9959
vn -0.9076 -0.4033 0.1164
vn -0.0039 -0.9963 0.0861
vn -0.0246 -0.0403 0.9989
vn -0.8579 -0.5100 0.0621
vn -0.8699 0.4883 0.0695
vn -0.0092 -1.0000 -0.0004
vn -0.8543 0.5120 0.0899
vn -0.0562 0.1213 0.9910
vn -0.9199 -0.3842 0.0792
vn -0.0972 -0.9952 0.0124
vn 0.0231 0.9985 0.0497
vn -0.1930 0.0363 0.9805
vn -0.8746 0.4823 0.0499
vn -0.8452 -0.5343 0.0093
vn 0.0003 -0.6637 0.7480
vn -0.0250 -0.6996 0.7141
vn -0.0000 -0.6640 0.7478
vn -0.0213 -0.6702 0.7419
vn -0.6032 0.3482 0.7176
vn -0.0339 -0.6609 0.7497
vn -0.5725 -0.2803 0.7705
vn -0.5512 -0.3208 0.7702
vn -0.5638 -0.4242 0.7086
vn -0.0447 -0.7830 0.6204
vn -0.0312 -0.7390 0.6730
vn -0.5935 -0.3390 0.7299
vn -0.5559 -0.3210 0.7668
vn -0.5683 -0.3281 0.7546
vn -0.0000 -0.9925 0.1222
vn 0.0058 -0.0223 0.9997
vn -0.8661 -0.4980 0.0433
vn 0.8628 -0.4981 0.0861
vn -0.0234 0.0098 0.9997
vn -0.0153 -0.9987 0.0496
vn 0.8598 -0.5085 0.0459
vn 0.0065 -0.0059 1.0000
vn -0.0000 -0.9930 0.1183
vn 0.8615 -0.4974 0.1023
vn -0.8628 -0.5053 -0.0157
vn -0.0385 0.0294 0.9988
vn -0.0122 -0.9994 0.0338
vn 0.8710 -0.4878 0.0585
vn -0.0006 0.0010 1.0000
vn -0.8656 0.4998 0.0298
vn -0.0000 0.9833 -0.1819
vn -0.8450 -0.4878 0.2193
vn -0.0123 -0.9911 0.1328
vn -0.0290 0.0094 0.9995
vn -0.8583 -0.4972 0.1269
vn 0.8650 -0.5016 0.0152
vn -0.8617 0.5069 -0.0236
vn -0.0269 -0.0040 0.9996
vn -0.8642 -0.4758 0.1635
vn 0.0221 -0.9798 0.1988
vn 0.0013 -0.0019 1.0000
vn -0.8498 -0.4915 0.1904
vn -0.8643 0.4995 -0.0595
vn -0.0000 -0.9670 0.2549
vn -0.0318 -0.0838 0.9960
vn -0.8710 0.4882 -0.0552
vn -0.8387 -0.5328 0.1123
vn -0.0890 -0.9845 0.1510
vn 0.0865 0.0555 0.9947
vn -0.0231 -0.9950 0.0975
vn -0.8788 -0.4738 0.0564
vn 0.0235 -0.0410 0.9989
vn -0.0244 -0.9995 0.0196
vn -0.8581 -0.5129 0.0248
vn 0.8551 -0.5185 0.0021
vn -0.8595 0.4962 0.1223
vn -0.0507 0.0113 0.9986
vn -0.8622 -0.4972 0.0964
vn -0.0036 -0.9998 -0.0190
vn -0.8525 -0.4922 0.1759
vn -0.8593 0.4961 0.1240
vn -0.0000 -0.9980 0.0632
vn -0.8576 -0.4952 0.1388
vn -0.0000 -0.9999 -0.0137
vn -0.8776 -0.4770 0.0478
vt 0.793245 0.722932
vt 0.800997 0.804694
vt 0.714790 0.868689
vt 0.604653 0.790792
vt 0.605529 0.703231
vt 0.700766 0.643974
vt 0.798046 -0.204251
vt 0.798046 0.619262
vt 0.657904 0.619262
vt 0.657904 -0.204251
vt 0.331587 0.796852
vt 0.331642 0.796135
vt 0.313504 0.789396
vt 0.265149 0.769628
vt 0.246660 0.756727
vt 0.257944 0.686980
vt 0.346047 0.625188
vt 0.424724 0.688410
vt 0.424599 0.690240
vt 0.424144 0.694527
vt 0.419054 0.730765
vt 0.412009 0.762498
vt 0.411710 0.762322
vt 0.355536 0.782157
vt 0.347745 0.786991
vt 0.530545 0.519858
vt 0.530536 0.519095
vt 0.655117 0.516540
vt 0.655117 0.619026
vt 0.523770 0.619026
vt 0.523770 0.519886
vt 0.245648 0.762980
vt 0.427891 0.690955
vt 0.410588 0.768897
vt 0.398789 0.775950
vt 0.342078 0.799518
vt 0.337639 0.802468
vt 0.337642 0.802465
vt 0.330008 0.807474
vt 0.328879 0.816446
vt 0.328696 0.817843
vt 0.328431 0.818001
vt 0.329070 0.809143
vt 0.320332 0.805312
vt 0.286207 0.790443
vt 0.285861 0.788654
vt 0.285684 0.788549
vt 0.285603 0.788513
vt 0.279341 0.785794
vt 0.383836 0.619115
vt 0.237464 0.619115
vt 0.237464 -0.099278
vt 0.383836 -0.099278
vt 0.317164 0.287888
vt 0.292085 0.510172
vt 0.365212 0.516301
vt 0.376390 0.517117
vt 0.383836 0.517557
vt 0.275611 0.851324
vt 0.257224 0.946124
vt 0.257645 0.946462
vt 0.174438 0.979051
vt 0.173585 0.978266
vt 0.173901 0.977043
vt 0.174095 0.976319
vt 0.173601 0.975928
vt 0.154495 0.960714
vt 0.120764 0.929698
vt 0.117064 0.851853
vt 0.204552 0.798058
vt 0.270804 0.844756
vt 0.248010 0.829933
vt 0.275949 0.849532
vt 0.384794 0.955988
vt 0.371493 0.945362
vt 0.327030 0.963927
vt 0.320280 0.967929
vt 0.314040 0.971951
vt 0.269688 0.940670
vt 0.285065 0.868631
vt 0.285192 0.868565
vt 0.288446 0.866946
vt 0.336757 0.843958
vt 0.386812 0.872729
vt 0.384779 0.874315
vt 0.379653 0.939421
vt 0.379668 0.949921
vt 0.386951 0.955121
vt 0.383663 0.619115
vt 0.237464 0.479885
vt 0.278725 0.479987
vt 0.270965 0.480138
vt 0.290333 0.480385
vt 0.290377 0.480267
vt 0.376503 0.483271
vt 0.383710 0.483627
vt 0.655116 0.000586
vt 0.655116 0.000647
vt 0.523770 0.000586
vt 0.389948 0.543310
vt 0.396211 0.514230
vt 0.407035 0.515157
vt 0.477071 0.520534
vt 0.423306 0.440808
vt 0.384716 0.001907
vt 0.524858 0.001907
vt 0.524858 0.618870
vt 0.384716 0.618870
vt 0.384716 0.544157
vt 0.384782 0.544149
vt 0.425728 0.692847
vt 0.424853 0.693004
vt 0.424704 0.693767
vt 0.407776 0.770190
vt 0.408075 0.770400
vt 0.393762 0.778954
vt 0.393142 0.778562
vt 0.330662 0.807844
vt 0.324065 0.811114
vt 0.319679 0.813107
vt 0.427552 0.692485
vt 0.397305 0.776836
vt 0.394853 0.775700
vt 0.326425 0.816082
vt 0.325021 0.816724
vt 0.427536 0.692556
vt 0.427041 0.692686
vt 0.425688 0.693085
vt 0.418536 0.695120
vt 0.403284 0.772468
vt 0.403977 0.772849
vt 0.422913 0.433742
vt 0.524858 0.431219
vt 0.384716 0.555717
vt 0.395726 0.556088
vt 0.397822 0.556115
vt 0.398576 0.556123
vt 0.384716 -0.100331
vt 0.415368 0.425193
vt 0.416177 0.433866
vt 0.420398 0.433798
vt 0.408919 0.769895
vt 0.403624 0.767734
vt 0.332733 0.810118
vt 0.330248 0.811576
vt 0.323185 0.815481
vt 0.410684 0.768464
vt 0.405992 0.765633
vt 0.337133 0.803776
vt 0.321156 0.811489
vt 0.275862 0.783438
vt 0.423531 0.687451
vt 0.422776 0.687669
vt 0.421114 0.697523
vt 0.407048 0.766127
vt 0.410864 0.767657
vt 0.384716 -0.179210
vt 0.387604 0.441918
vt 0.415304 0.441351
vt 0.523191 0.438143
vt 0.522698 0.618870
vt 0.384716 0.542215
vt 0.385812 0.542191
vt 0.511878 0.640819
vt 0.513175 0.639972
vt 0.606738 0.702810
vt 0.606699 0.703318
vt 0.606142 0.703465
vt 0.605587 0.703616
vt 0.605550 0.703971
vt 0.602683 0.704627
vt 0.596837 0.699342
vt 0.605533 0.704136
vt 0.598765 0.788113
vt 0.510928 0.843898
vt 0.509614 0.844424
vt 0.463232 0.810036
vt 0.411816 0.771833
vt 0.428978 0.694928
vt 0.237464 0.538464
vt 0.380504 0.542441
vt 0.383836 0.542546
vt 0.237601 0.619115
vt 0.237587 0.540026
vt 0.237464 0.539496
vt 0.327621 0.818485
vt 0.510025 0.650717
vt 0.509722 0.642226
vt 0.606671 0.703673
vt 0.606562 0.703676
vt 0.605426 0.703937
vt 0.598882 0.788415
vt 0.510374 0.844988
vt 0.411800 0.771905
vt 0.428903 0.695263
vt 0.429107 0.695187
vt 0.429898 0.694786
vt 0.507101 0.652371
vt 0.382942 0.597838
vt 0.237464 0.596883
vt 0.237464 -0.200944
vt 0.237464 -0.201298
vt 0.277074 0.429817
vt 0.355289 0.453465
vt 0.383836 -0.201244
vt 0.383225 0.597861
vt 0.383199 0.619115
vt 0.242289 0.596950
vt 0.590220 0.510000
vt 0.641615 0.502664
vt 0.655117 0.501848
vt 0.523770 0.401500
vt 0.524330 0.401472
vt 0.577239 0.491266
vt 0.577051 0.491526
vt 0.578700 0.511317
vt 0.588036 0.509985
vt 0.588158 0.509979
vt 0.588444 0.509967
vt 0.655117 -0.204379
vt 0.523770 -0.204379
vt 0.238619 0.608936
vt 0.237464 -0.213915
vt 0.275279 0.422558
vt 0.351318 0.428351
vt 0.383836 -0.213915
vt 0.355532 0.382709
vt 0.359418 0.382969
vt 0.383836 0.384132
vt 0.383836 0.609037
vt 0.918325 0.618313
vt 0.805388 0.618313
vt 0.805388 -0.211399
vt 0.805894 0.595637
vt 0.916172 0.596183
vt 0.916384 0.596136
vt 0.918325 -0.211399
vt 0.660870 0.517993
vt 0.698991 0.375192
vt 0.759165 0.306998
vt 0.657904 0.517825
vt 0.655117 0.517602
vt 0.523770 -0.204379
vt 0.655117 -0.204379
vt 0.523777 -0.204340
vt 0.608835 0.519852
vt 0.515693 0.463970
vt 0.524858 -0.202568
vt 0.384716 0.512023
vt 0.399041 0.513431
vt 0.507880 0.522662
vt 0.424890 0.690252
vt 0.408163 0.767937
vt 0.409010 0.768360
vt 0.338111 0.811027
vt 0.327163 0.817322
vt 0.327159 0.817536
vt 0.327141 0.818160
vt 0.327139 0.818158
vt 0.327158 0.817535
vt 0.327001 0.817214
vt 0.254669 0.768566
vt 0.245655 0.762941
vt 0.345011 0.625914
vt 0.366323 0.642782
vt 0.408845 0.675650
vt 0.425096 0.688709
vt 0.388897 0.954339
vt 0.325307 0.979898
vt 0.285083 0.868546
vt 0.389147 0.874071
vt 0.391452 0.413557
vt 0.390945 0.383979
vt 0.396479 0.384301
vt 0.386375 -0.122350
vt 0.524858 -0.122350
vt 0.524858 0.409159
vt 0.422898 0.411733
vt 0.406606 0.411847
vt 0.453623 0.411718
vt 0.384716 0.383618
vt 0.237464 0.369520
vt 0.267714 0.372295
vt 0.383836 0.384127
vt 0.407447 0.770775
vt 0.404888 0.769382
vt 0.325824 0.817268
vt 0.406397 0.769963
vt 0.405366 0.769377
vt 0.405152 0.769256
vt 0.405152 0.769256
vt 0.404866 0.769421
vt 0.377627 0.785568
vt 0.232781 -0.199941
vt 0.232781 0.619785
vt 0.102625 0.619785
vt 0.102625 0.619509
vt 0.102670 0.619510
vt 0.107094 0.619645
vt 0.107032 0.515996
vt 0.123005 0.494901
vt 0.231342 0.520966
vt 0.200596 0.030450
vt 0.918325 0.207930
vt 0.805388 0.207930
vt 0.232781 0.208157
vt 0.102625 0.208157
vt 0.798046 0.205732
vt 0.657904 0.205732
vt 0.406741 0.520617
vt 0.524858 0.519796
vt 0.384716 -0.202568
vt 0.391078 0.520325
vt 0.402627 0.520520
vt 0.324009 0.816038
vt 0.405919 0.771688
vt 0.403731 0.770667
vt 0.325916 0.815154
vt 0.532546 0.514103
vt 0.523770 -0.204379
vt 0.523770 0.514593
vt 0.525565 0.516084
vt 0.525770 0.595407
vt 0.594057 0.595724
vt 0.591586 0.569532
vt 0.525611 0.515544
vt 0.524858 0.514685
vt 0.384716 0.511893
vt 0.410373 0.511536
vt 0.324780 0.816561
vt 0.326194 0.817518
vt 0.330226 0.813727
vt 0.383836 0.512259
vt 0.107136 0.619785
vt 0.106620 0.597043
vt 0.107153 -0.199941
vt 0.388267 0.595717
vt 0.524858 0.596613
vt 0.385714 0.590652
vt 0.385554 0.595756
vt 0.386084 0.595763
vt 0.536285 0.853940
vt 0.535776 0.854257
vt 0.535825 0.855020
vt 0.540592 0.952684
vt 0.535690 0.952968
vt 0.535672 0.952957
vt 0.507351 0.967416
vt 0.450936 0.996207
vt 0.449682 0.996916
vt 0.448418 0.997713
vt 0.393706 0.956657
vt 0.394927 0.867123
vt 0.456578 0.820095
vt 0.536576 0.853257
vt 0.536600 0.853745
vt 0.237637 0.607823
vt 0.382698 0.608374
vt 0.383836 0.608317
vt 0.123263 0.489217
vt 0.217181 0.476864
vt 0.212928 -0.084128
vt 0.128774 -0.082735
vt 0.107153 -0.212444
vt 0.232781 -0.212444
vt 0.102625 0.608235
vt 0.104465 0.608164
vt 0.107116 0.608083
vt 0.107512 0.588907
vt 0.427475 0.690925
vt 0.410517 0.767783
vt 0.410383 0.768855
vt 0.410557 0.768916
vt 0.407899 0.770505
vt 0.404825 0.769394
vt 0.326304 0.815710
vt 0.324710 0.816514
vt 0.257903 0.687231
vt 0.342176 0.628068
vt 0.344389 0.626351
vt 0.345588 0.625510
vt 0.426123 0.690207
vt 0.427479 0.690923
vt 0.600177 0.787588
vt 0.237464 0.607157
vt 0.239481 0.607167
vt 0.383836 0.607432
vt 0.523159 0.618806
vt 0.524858 0.618855
vt 0.384716 0.515187
vt 0.403037 0.515308
vt 0.523169 0.516561
vt 0.327853 0.654072
vt 0.327657 0.654801
vt 0.327656 0.654801
vt 0.327655 0.654810
vt 0.327873 0.654943
vt 0.327923 0.654974
vt 0.328502 0.655345
vt 0.328543 0.655371
vt 0.401523 0.704289
vt 0.401449 0.705148
vt 0.402277 0.704677
vt 0.402413 0.704762
vt 0.402597 0.706073
vt 0.396934 0.773408
vt 0.397225 0.773527
vt 0.396346 0.774089
vt 0.395036 0.773538
vt 0.393253 0.772849
vt 0.332158 0.808921
vt 0.322293 0.814614
vt 0.320191 0.815311
vt 0.246070 0.760358
vt 0.259927 0.698260
vt 0.327850 0.653927
vt 0.327906 0.654044
vt 0.327905 0.654048
vt 0.327860 0.654071
vt 0.374287 0.761766
vt 0.399197 0.775706
vt 0.397935 0.776460
vt 0.371271 0.761818
vt 0.318731 0.800571
vt 0.308092 0.805261
vt 0.342347 0.627783
vt 0.404579 0.676970
vt 0.400087 0.678704
vt 0.382261 0.733543
vt 0.378978 0.744706
vt 0.171873 0.976692
vt 0.277784 0.849676
vt 0.258635 0.946074
vt 0.254324 0.947762
vt 0.251830 0.945732
vt 0.173765 0.975839
vt 0.541420 0.953346
vt 0.450456 0.999243
vt 0.232781 0.541069
vt 0.108845 0.619785
vt 0.107153 0.004108
vt 0.232781 0.004108
vt 0.232781 0.004126
vt 0.223678 0.541014
vt 0.918325 0.228255
vt 0.805388 0.228255
vt 0.581827 0.788760
vt 0.504915 0.834819
vt 0.499506 0.836930
vt 0.600695 0.698751
vt 0.594208 0.700043
vt 0.593580 0.716773
vt 0.588026 0.788240
vt 0.594290 0.791350
vt 0.591208 0.793321
vt 0.798046 0.226213
vt 0.657904 0.226213
vt 0.399111 0.685178
vt 0.385610 0.735455
vt 0.383850 0.742172
vt 0.382388 0.766899
vt 0.383368 0.767474
vt 0.348563 0.785602
vt 0.321618 0.799024
vt 0.308041 0.805227
vt 0.336562 0.631840
vt 0.372284 0.660420
vt 0.398466 0.681120
vt 0.400218 0.680677
vt 0.402781 0.773564
vt 0.377560 0.759487
vt 0.362171 0.767972
vt 0.299883 0.799703
vt 0.344560 0.626231
vt 0.423166 0.688636
vt 0.421008 0.698013
vt 0.405488 0.762380
vt 0.404836 0.766982
vt 0.409538 0.769525
vt 0.232781 0.208208
vt 0.102625 0.208157
vt 0.232781 0.208157
vt 0.102625 0.600442
vt 0.228552 0.601214
vt 0.523770 0.225235
vt 0.655117 0.225241
vt 0.655117 0.225410
vt 0.384716 0.206382
vt 0.524858 0.206382
vt 0.383834 0.207265
vt 0.383836 0.207096
vt 0.237464 0.207265
vt 0.545650 0.945266
vt 0.549042 0.859841
vt 0.627127 0.808852
vt 0.709234 0.877000
vt 0.700444 0.944443
vt 0.619741 0.983740
vt 0.613027 0.987002
vt 0.611443 0.994078
vt 0.611279 0.994843
vt 0.610594 0.995188
vt 0.610886 0.993741
vt 0.647040 0.228255
vt 0.647040 0.618313
vt 0.534103 0.618313
vt 0.534103 0.228255
vt 0.657907 0.205741
vt 0.657904 0.205769
vt 0.665106 0.585261
vt 0.668441 0.585138
vt 0.670801 0.585119
vt 0.794982 0.583662
vt 0.794630 0.619262
vt 0.657904 0.603579
vt 0.661246 0.603365
vt 0.657904 0.205813
vt 0.246630 0.756915
vt 0.411010 0.766998
vt 0.333441 0.811810
vt 0.333504 0.810469
vt 0.320408 0.803100
vt 0.249224 0.756096
vt 0.407350 0.756207
vt 0.350933 0.787182
vt 0.321045 0.803072
vt 0.320469 0.813642
vt 0.246602 0.763625
vt 0.246784 0.763561
vt 0.257852 0.689252
vt 0.259275 0.686720
vt 0.259518 0.687270
vt 0.259668 0.686840
vt 0.259613 0.686494
vt 0.258987 0.686249
vt 0.424229 0.688013
vt 0.423971 0.690081
vt 0.412556 0.745096
vt 0.409699 0.757493
vt 0.231267 0.619785
vt 0.113982 0.619785
vt 0.109770 0.470364
vt 0.142945 0.495445
vt 0.192511 0.491886
vt 0.228264 0.462480
vt 0.231240 0.208157
vt 0.721574 0.949846
vt 0.722719 0.874627
vt 0.802825 0.822062
vt 0.858215 0.857685
vt 0.871057 0.942394
vt 0.868987 0.943694
vt 0.863954 0.940698
vt 0.790122 0.986089
vt 0.779368 0.991885
vt 0.729673 0.955662
vt 0.729706 0.955218
vt 0.729659 0.955186
vt 0.374371 0.539276
vt 0.383836 0.539465
vt 0.246735 0.619115
vt 0.244766 0.515861
vt 0.267669 0.515954
vt 0.371656 0.516348
vt 0.383836 0.104975
vt 0.258137 0.686845
vt 0.411981 0.762624
vt 0.344881 0.802527
vt 0.334234 0.809426
vt 0.334203 0.805901
vt 0.313897 0.792661
vt 0.279532 0.770209
vt 0.250548 0.752706
vt 0.258092 0.687242
vt 0.918325 0.233067
vt 0.805388 0.233067
vt 0.647040 0.188677
vt 0.534103 0.188676
vt 0.798046 0.186331
vt 0.657904 0.186331
vt 0.647041 0.179331
vt 0.534103 0.179331
vt 0.634640 0.538364
vt 0.523770 0.536565
vt 0.523770 0.122986
vt 0.587131 0.388769
vt 0.601116 0.385566
vt 0.655116 0.122986
vt 0.655116 0.123019
vt 0.655117 0.536997
vt 0.918325 0.207930
vt 0.805388 0.207930
vt 0.647040 0.179331
vt 0.534103 0.179331
vt 0.523770 0.563052
vt 0.638351 0.563664
vt 0.655117 0.564123
vt 0.918325 0.167549
vt 0.805388 0.167549
vt 0.392606 0.597746
vt 0.392596 0.596666
vt 0.384716 0.186592
vt 0.384716 0.186560
vt 0.524858 0.186569
vt 0.524858 0.186590
vt 0.521862 0.563072
vt 0.523414 0.563050
vt 0.523270 0.598477
vt 0.699682 0.950292
vt 0.610514 0.995229
vt 0.545593 0.946700
vt 0.798046 0.165042
vt 0.657904 0.165042
vt 0.398424 0.866937
vt 0.398501 0.864397
vt 0.453613 0.997649
vt 0.455593 0.991072
vt 0.397482 0.950147
vt 0.393750 0.953445
vt 0.393758 0.952793
vt 0.396970 0.950276
vt 0.524858 0.206382
vt 0.386598 0.618870
vt 0.386634 0.613750
vt 0.386487 0.584116
vt 0.388784 0.584181
vt 0.522076 0.585349
vt 0.545859 0.940016
vt 0.615567 0.992682
vt 0.605932 0.983972
vt 0.567385 0.947554
vt 0.552077 0.937163
vt 0.795742 0.237608
vt 0.795742 0.616097
vt 0.664395 0.616097
vt 0.664395 0.237608
vt 0.798046 0.240724
vt 0.657904 0.240724
vt 0.528005 0.412764
vt 0.533476 0.412659
vt 0.523770 0.000588
vt 0.523773 0.000597
vt 0.655117 0.000586
vt 0.655117 0.517121
vt 0.546314 0.516433
vt 0.545970 0.516399
vt 0.545872 0.516397
vt 0.528958 0.516266
vt 0.795742 0.219994
vt 0.664395 0.219994
vt 0.383836 0.413644
vt 0.237464 0.389973
vt 0.368011 0.389832
vt 0.373750 0.264547
vt 0.368014 0.413442
vt 0.524858 0.206382
vt 0.795742 0.202621
vt 0.664395 0.202621
vt 0.426626 0.689939
vt 0.426512 0.690746
vt 0.408534 0.767602
vt 0.406983 0.766649
vt 0.334234 0.808064
vt 0.324974 0.812240
vt 0.324777 0.816559
vt 0.798046 0.240724
vt 0.657904 0.240724
vt 0.237539 0.619115
vt 0.237535 0.582621
vt 0.379917 0.582137
vt 0.383836 -0.035669
vt 0.798046 0.219928
vt 0.657904 0.219928
vt 0.523770 0.599505
vt 0.523770 0.103068
vt 0.539902 0.554516
vt 0.643127 0.552638
vt 0.655117 0.103068
vt 0.655117 0.599539
vt 0.653085 0.599503
vt 0.528630 0.599569
vt 0.384716 0.104144
vt 0.524858 0.104144
vt 0.521800 0.528551
vt 0.409588 0.528626
vt 0.391372 0.528672
vt 0.392686 0.618870
vt 0.523817 0.599327
vt 0.524858 0.599395
vt 0.398434 0.864448
vt 0.541356 0.952021
vt 0.451099 0.997516
vt 0.452349 0.992320
vt 0.446813 0.988181
vt 0.405080 0.956012
vt 0.394982 0.948865
vt 0.393801 0.949680
vt 0.393824 0.947986
vt 0.395230 0.946979
vt 0.398469 0.866754
vt 0.517664 0.538303
vt 0.524858 0.537301
vt 0.384716 0.599429
vt 0.389714 0.599519
vt 0.481697 0.600518
vt 0.524858 0.104152
vt 0.518450 0.523492
vt 0.510452 0.844089
vt 0.509522 0.843416
vt 0.412033 0.770885
vt 0.412027 0.770886
vt 0.510508 0.844902
vt 0.510499 0.844757
vt 0.639552 0.524944
vt 0.643423 0.525218
vt 0.655117 0.526135
vt 0.523770 0.516535
vt 0.550071 0.517935
vt 0.624908 0.523662
vt 0.798046 0.218220
vt 0.657904 0.218220
vt 0.384716 0.513840
vt 0.514662 0.516870
vt 0.524858 0.516624
vt 0.246419 0.763501
vt 0.262937 0.683478
vt 0.268862 0.686828
vt 0.266071 0.701556
vt 0.254233 0.761657
vt 0.254231 0.761657
vt 0.316922 0.798327
vt 0.270243 0.771853
vt 0.254233 0.761657
vt 0.265855 0.685156
vt 0.385059 0.784156
vt 0.352488 0.797754
vt 0.335409 0.808294
vt 0.335316 0.813886
vt 0.335155 0.813982
vt 0.334169 0.807660
vt 0.334168 0.807659
vt 0.334157 0.807652
vt 0.331771 0.806362
vt 0.334163 0.807668
vt 0.339827 0.626297
vt 0.341969 0.624895
vt 0.421066 0.673871
vt 0.419715 0.674205
vt 0.403798 0.664637
vt 0.334233 0.633379
vt 0.334294 0.630824
vt 0.339807 0.627241
vt 0.545627 0.945853
vt 0.613365 0.993792
vt 0.613477 0.993156
vt 0.547771 0.944705
vt 0.798046 0.233066
vt 0.657904 0.233066
vt 0.538216 0.558812
vt 0.655117 0.557573
vt 0.523770 0.522011
vt 0.526747 0.522086
vt 0.526934 0.558915
vt 0.531724 0.558873
vt 0.523979 -0.082011
vt 0.523999 -0.081444
vt 0.654808 -0.100075
vt 0.655117 -0.101825
vt 0.657904 0.081602
vt 0.657904 0.081474
vt 0.658942 0.597439
vt 0.658917 0.598257
vt 0.787321 0.597049
vt 0.786875 0.619262
vt 0.657904 0.598270
vt 0.658734 0.598248
vt 0.523770 0.597790
vt 0.653854 0.598051
vt 0.655117 0.598037
vt 0.335228 0.805902
vt 0.329493 0.809186
vt 0.329140 0.817577
vt 0.328818 0.817770
vt 0.328920 0.816311
vt 0.329298 0.810377
vt 0.257928 0.763915
vt 0.247010 0.756967
vt 0.258136 0.686845
vt 0.411968 0.762685
vt 0.409738 0.761518
vt 0.343456 0.801044
vt 0.384925 0.618870
vt 0.384913 0.618059
vt 0.384716 0.104144
vt 0.524858 0.104144
vt 0.521882 0.535716
vt 0.524858 0.535406
vt 0.427195 0.694091
vt 0.384879 0.784263
vt 0.350047 0.804249
vt 0.338916 0.811734
vt 0.337394 0.812644
vt 0.318188 0.801570
vt 0.247460 0.756113
vt 0.258075 0.686888
vt 0.427799 0.691371
vt 0.427760 0.691379
vt 0.623219 0.484679
vt 0.655117 0.081308
vt 0.523772 0.081317
vt 0.527803 0.600340
vt 0.529729 0.600409
vt 0.387751 0.515194
vt 0.387752 0.515150
vt 0.416156 0.515406
vt 0.518337 0.517026
vt 0.412681 0.772558
vt 0.600673 0.781175
vt 0.595855 0.778939
vt 0.528040 0.833696
vt 0.524706 0.835827
vt 0.517045 0.839880
vt 0.517057 0.839646
vt 0.514629 0.838297
vt 0.415262 0.772216
vt 0.655117 0.103081
vt 0.655117 0.518411
vt 0.652998 0.518597
vt 0.652998 0.518538
vt 0.652997 0.518538
vt 0.652978 0.518538
vt 0.649069 0.518780
vt 0.550279 0.523546
vt 0.523770 0.524477
vt 0.523770 0.103078
vt 0.655117 0.103074
vt 0.549308 0.524260
vt 0.629642 0.518193
vt 0.651198 0.517065
vt 0.655117 0.516933
vt 0.482412 0.445572
vt 0.488519 0.438448
vt 0.471478 0.523112
vt 0.415797 0.519935
vt 0.384716 0.518495
vt 0.384720 0.104161
vt 0.383831 0.619099
vt 0.244785 0.619099
vt 0.244792 0.619092
vt 0.244767 0.619099
vt 0.237471 0.105033
vt 0.383831 0.104987
vt 0.368200 0.498252
vt 0.369801 0.523246
vt 0.375820 0.524770
vt 0.655117 0.593620
vt 0.523770 0.593516
vt 0.523779 0.180469
vt 0.655117 0.180458
vt 0.655117 0.180548
vt 0.404605 0.520745
vt 0.524858 0.520289
vt 0.384716 0.520809
vt 0.102625 0.122342
vt 0.102627 0.122359
vt 0.102633 0.122374
vt 0.102633 0.122370
vt 0.102634 0.122369
vt 0.219428 -0.017796
vt 0.228308 0.065175
vt 0.228307 0.065203
vt 0.223783 0.521528
vt 0.232781 0.521789
vt 0.245834 0.761830
vt 0.355009 0.802116
vt 0.331352 0.814724
vt 0.330299 0.814155
vt 0.255942 0.769496
vt 0.666720 0.598554
vt 0.798046 0.600810
vt 0.657904 0.599246
vt 0.523770 0.521888
vt 0.527655 0.521504
vt 0.527494 0.499232
vt 0.548450 0.497337
vt 0.623128 0.490473
vt 0.650467 0.490096
vt 0.655117 -0.017254
vt 0.649753 0.599146
vt 0.651084 0.599087
vt 0.655117 0.599013
vt 0.662404 0.600012
vt 0.798046 0.598897
vt 0.657904 0.599937
vt 0.659071 0.600128
vt 0.638334 0.540772
vt 0.523770 0.543813
vt 0.651942 0.539500
vt 0.523770 0.000586
vt 0.655117 0.000586
vt 0.655117 0.539417
vt 0.523770 0.000599
vt 0.386008 0.618870
vt 0.384716 0.001907
vt 0.388405 0.510037
vt 0.472489 0.518071
vt 0.508828 0.482484
vt 0.524858 0.001935
vt 0.521690 0.543774
vt 0.524858 0.543836
vt 0.545771 0.946833
vt 0.545600 0.946533
vt 0.546411 0.946079
vt 0.551981 0.866245
vt 0.552612 0.860777
vt 0.550475 0.859724
vt 0.549762 0.859371
vt 0.611865 0.994548
vt 0.612255 0.993158
vt 0.608581 0.990540
vt 0.555179 0.952512
vt 0.545947 0.946743
vt 0.649665 0.532708
vt 0.655117 0.532909
vt 0.523770 0.564669
vt 0.529634 0.564217
vt 0.523770 0.020755
vt 0.532232 0.545168
vt 0.539077 0.544449
vt 0.387092 0.618870
vt 0.387139 0.615898
vt 0.386888 0.611346
vt 0.386670 0.558807
vt 0.398450 0.559338
vt 0.524858 0.022023
vt 0.403886 0.559576
vt 0.524858 0.564642
vt 0.259438 0.685933
vt 0.410641 0.768660
vt 0.331660 0.815896
vt 0.328898 0.817470
vt 0.328350 0.817112
vt 0.326076 0.815582
vt 0.250364 0.764138
vt 0.247317 0.762264
vt 0.245685 0.762757
vt 0.245694 0.762700
vt 0.258906 0.688511
vt 0.259540 0.685979
vt 0.543722 0.523272
vt 0.625251 0.516927
vt 0.648744 0.516521
vt 0.655117 0.516694
vt 0.523770 0.524765
vt 0.384716 0.001907
vt 0.404755 0.515309
vt 0.522691 0.525078
vt 0.524858 0.524834
vt 0.500639 0.419017
vt 0.511514 0.419250
vt 0.509025 0.496354
vt 0.414407 0.493462
vt 0.384716 0.492567
vt 0.384716 -0.023798
vt 0.524858 -0.023784
vt 0.524858 0.419532
vt 0.426883 0.690735
vt 0.426882 0.690735
vt 0.426024 0.690973
vt 0.425659 0.691379
vt 0.411871 0.754130
vt 0.411425 0.765127
vt 0.404851 0.772327
vt 0.245706 0.762623
vt 0.253481 0.760082
vt 0.264729 0.685740
vt 0.265203 0.681889
vt 0.344999 0.625923
vt 0.367802 0.643996
vt 0.351560 0.629617
vt 0.427040 0.690271
vt 0.524858 -0.100331
vt 0.384716 -0.100331
vt 0.643275 0.516339
vt 0.653464 0.515856
vt 0.655117 0.515864
vt 0.523770 -0.101897
vt 0.655117 -0.101897
vt 0.655117 -0.101860
vt 0.655117 -0.101886
vt 0.548732 0.488713
vt 0.523770 -0.101857
vt 0.526521 0.520397
vt 0.542812 0.519858
vt 0.810398 0.787588
vt 0.807929 0.722662
vt 0.919410 0.666406
vt 0.971724 0.736480
vt 0.948885 0.799042
vt 0.870983 0.841462
vt 0.870836 0.842468
vt 0.870835 0.842474
vt 0.383836 -0.099241
vt 0.379719 0.507591
vt 0.379897 0.517788
vt 0.381746 0.517746
vt 0.619631 0.982761
vt 0.619603 0.982773
vt 0.609478 0.988368
vt 0.565193 0.961351
vt 0.697765 0.951258
vt 0.694162 0.949437
vt 0.232781 -0.021543
vt 0.102625 -0.021543
vt 0.541398 0.522203
vt 0.647948 0.519593
vt 0.647994 0.520311
vt 0.527804 0.522766
vt 0.383836 0.002845
vt 0.237464 0.002845
vt 0.523770 0.598664
vt 0.528543 0.598654
vt 0.654137 0.599045
vt 0.655117 0.599109
vt 0.259194 0.686736
vt 0.259279 0.686044
vt 0.334556 0.814340
vt 0.331267 0.812475
vt 0.321592 0.806468
vt 0.263521 0.769444
vt 0.249550 0.761084
vt 0.258912 0.688569
vt 0.411800 0.771905
vt 0.600223 0.786990
vt 0.515564 0.840977
vt 0.433863 0.781112
vt 0.418581 0.770417
vt 0.411801 0.771906
vt 0.411921 0.771362
vt 0.515827 0.841503
vt 0.513028 0.839799
vt 0.417346 0.770358
vt 0.400736 0.862692
vt 0.464992 0.991908
vt 0.401321 0.951509
vt 0.400727 0.877613
vt 0.400866 0.866811
vt 0.683573 0.566999
vt 0.798046 0.569302
vt 0.657904 0.565659
vt 0.053648 0.823439
vt 0.067113 0.833539
vt 0.053371 0.823955
vt 0.053367 0.823951
vt 0.053142 0.823761
vt 0.053649 0.823437
vt 0.105366 0.859185
vt 0.105348 0.859140
vt 0.106006 0.859596
vt 0.118233 0.936923
vt 0.033532 0.980870
vt 0.032709 0.980466
vt 0.007257 0.957979
vt 0.006213 0.956800
vt 0.005115 0.955789
vt 0.004178 0.954504
vt 0.004043 0.954694
vt 0.003739 0.954383
vt 0.001885 0.849469
vt 0.053692 0.823358
vt 0.104871 0.859600
vt 0.104876 0.859604
vt 0.237468 0.619102
vt 0.237468 0.104980
vt 0.383832 0.104980
vt 0.383832 0.619102
vt 0.257716 0.688385
vt 0.427886 0.690951
vt 0.427885 0.690961
vt 0.427580 0.692357
vt 0.411450 0.765016
vt 0.337760 0.810389
vt 0.329581 0.815200
vt 0.326840 0.816710
vt 0.326839 0.816735
vt 0.326745 0.816673
vt 0.310567 0.805759
vt 0.267994 0.778111
vt 0.246117 0.763297
vt 0.258286 0.688776
vt 0.523770 -0.204379
vt 0.655117 -0.204379
vt 0.598757 0.191702
vt 0.564741 0.519128
vt 0.655117 0.514655
vt 0.384716 -0.202568
vt 0.524858 -0.202568
vt 0.384716 0.517670
vt 0.386637 0.517439
vt 0.433440 0.518787
vt 0.382019 0.517928
vt 0.383836 0.518029
vt 0.237464 -0.201400
vt 0.383836 -0.201400
vt 0.381516 0.515683
vt 0.379272 0.517849
vt 0.381990 0.517926
vt 0.382008 0.517927
vt 0.523770 0.515444
vt 0.634436 0.511755
vt 0.649690 0.511727
vt 0.654968 0.511231
vt 0.655117 -0.101897
vt 0.519631 0.516122
vt 0.524858 0.515535
vt 0.519792 0.519288
vt 0.516037 0.518935
vt 0.515059 0.495993
vt 0.384716 0.618870
vt 0.517671 0.518350
vt 0.524858 0.518714
vt 0.393706 0.956657
vt 0.393839 0.946860
vt 0.393832 0.947391
vt 0.383829 0.619082
vt 0.237471 0.619082
vt 0.237471 -0.099242
vt 0.049028 0.729080
vt 0.110905 0.706471
vt 0.154607 0.752552
vt 0.175446 0.805272
vt 0.109462 0.849278
vt 0.108942 0.848968
vt 0.042016 0.796708
vt 0.042834 0.796491
vt 0.048882 0.730528
vt 0.049034 0.729085
vt 0.653695 0.584832
vt 0.651894 0.584945
vt 0.538824 0.586512
vt 0.627785 0.490101
vt 0.655116 0.067210
vt 0.655117 0.584768
vt 0.523770 0.586620
vt 0.528620 0.586585
vt 0.533709 0.586556
vt 0.647323 0.585297
vt 0.053455 0.727463
vt 0.113353 0.846683
vt 0.110897 0.845016
vt 0.101502 0.837754
vt 0.056295 0.801690
vt 0.047262 0.795757
vt 0.051404 0.741651
vt 0.052939 0.730779
vt 0.053645 0.727603
vt 0.679079 0.544815
vt 0.798046 0.542021
vt 0.657904 0.545411
vt 0.795741 0.243413
vt 0.664395 0.243413
vt 0.396744 0.865737
vt 0.455592 0.996651
vt 0.453599 0.995346
vt 0.400784 0.954321
vt 0.395603 0.958081
vt 0.394480 0.957238
vt 0.396424 0.955812
vt 0.397493 0.866148
vt 0.655117 0.205550
vt 0.523770 0.205550
vt 0.795742 0.202621
vt 0.383836 0.517353
vt 0.237464 0.517005
vt 0.381384 0.517424
vt 0.383797 0.517381
vt 0.383797 0.517353
vt 0.523770 -0.101897
vt 0.654894 0.592654
vt 0.655117 0.592668
vt 0.667837 0.572288
vt 0.798046 0.572294
vt 0.657904 0.572375
vt 0.658454 0.572375
vt 0.523996 0.619026
vt 0.523975 0.571352
vt 0.532881 0.571416
vt 0.654246 0.572105
vt 0.655117 0.572145
vt 0.047063 0.729910
vt 0.110980 0.706550
vt 0.108474 0.849937
vt 0.098808 0.842445
vt 0.040711 0.796955
vt 0.046863 0.732453
vt 0.522234 0.205550
vt 0.522234 0.619026
vt 0.390888 0.619026
vt 0.390888 0.205550
vt 0.798046 0.205732
vt 0.657904 0.205732
vt 0.117002 0.938154
vt 0.029729 0.983435
vt 0.027962 0.981629
vt 0.003228 0.955208
vt 0.002793 0.955904
vt 0.002789 0.955900
vt 0.001752 0.857858
vt 0.001741 0.851072
vt 0.001744 0.850721
vt 0.001419 0.850315
vt 0.052461 0.824589
vt 0.104776 0.860827
vt 0.540390 0.548382
vt 0.629198 0.550044
vt 0.644583 0.551203
vt 0.537455 0.548620
vt 0.647788 0.551283
vt 0.652770 0.551816
vt 0.655117 0.000586
vt 0.523770 0.548411
vt 0.046450 0.730022
vt 0.108933 0.849631
vt 0.108098 0.849100
vt 0.041511 0.797042
vt 0.046785 0.733108
vt 0.046839 0.731337
vt 0.046886 0.730253
vt 0.046847 0.730232
vt 0.544938 0.521478
vt 0.644992 0.524368
vt 0.648690 0.524552
vt 0.660303 0.619262
vt 0.657920 0.619216
vt 0.657911 0.619216
vt 0.657904 0.619216
vt 0.657904 0.205732
vt 0.663835 0.619262
vt 0.661913 0.619253
vt 0.524858 0.183546
vt 0.384716 0.183546
vt 0.425839 0.690476
vt 0.408769 0.769004
vt 0.408767 0.769017
vt 0.409642 0.769463
vt 0.342240 0.809748
vt 0.335307 0.805956
vt 0.267624 0.763119
vt 0.276921 0.683940
vt 0.277143 0.681596
vt 0.274003 0.680303
vt 0.350511 0.628775
vt 0.426921 0.690176
vt 0.383836 0.207090
vt 0.237464 0.207090
vt 0.258054 0.687138
vt 0.258100 0.686871
vt 0.406296 0.769958
vt 0.405276 0.769410
vt 0.330653 0.813478
vt 0.325718 0.816195
vt 0.324848 0.816607
vt 0.254045 0.711078
vt 0.257681 0.689099
vt 0.795742 0.218197
vt 0.664395 0.218197
vt 0.795179 0.587563
vt 0.657904 -0.156039
vt 0.798046 -0.156039
vt 0.657904 0.587292
vt 0.658147 0.587286
vt 0.660680 0.587322
vt 0.791852 0.587524
vt 0.664395 0.202621
vt 0.524858 0.226019
vt 0.384716 0.226019
vt 0.393725 0.955254
vt 0.393891 0.953102
vt 0.394902 0.868980
vt 0.395028 0.867340
vt 0.395037 0.867185
vt 0.395122 0.867120
vt 0.456715 0.820152
vt 0.538504 0.954818
vt 0.536102 0.952905
vt 0.536011 0.952851
vt 0.454115 0.994623
vt 0.449787 0.996964
vt 0.448815 0.997553
vt 0.450091 0.997997
vt 0.451860 0.997477
vt 0.484622 0.982004
vt 0.524858 0.226019
vt 0.380799 0.619115
vt 0.239758 0.619115
vt 0.383836 -0.120652
vt 0.383836 0.207090
vt 0.237464 0.207090
vt 0.680849 0.594020
vt 0.798046 0.593690
vt 0.657904 0.594018
vt 0.661611 0.594024
vt 0.654668 0.593753
vt 0.655117 0.593786
vt 0.523770 0.592992
vt 0.635997 0.593628
vt 0.643892 0.537883
vt 0.383836 0.308064
vt 0.237464 0.308064
vt 0.108591 0.849656
vt 0.040319 0.797113
vt 0.041038 0.796889
vt 0.047265 0.732818
vt 0.047616 0.730348
vt 0.047729 0.729693
vt 0.047611 0.729598
vt 0.172771 0.806749
vt 0.170412 0.806120
vt 0.170397 0.806115
vt 0.110249 0.845705
vt 0.109120 0.846407
vt 0.524858 0.307469
vt 0.384716 0.307469
vt 0.102625 0.619768
vt 0.102747 0.619756
vt 0.107316 0.619101
vt 0.107789 0.593009
vt 0.211735 0.502698
vt 0.202092 0.080079
vt 0.138128 0.081155
vt 0.133485 0.458062
vt 0.107793 0.592527
vt 0.107153 -0.097916
vt 0.232781 -0.097916
vt 0.232241 0.619785
vt 0.655116 -0.075510
vt 0.653419 0.573199
vt 0.653509 0.573204
vt 0.655117 0.573240
vt 0.523770 0.572064
vt 0.532701 0.572160
vt 0.644832 0.573113
vt 0.652072 0.566594
vt 0.805388 -0.071028
vt 0.809316 -0.071028
vt 0.811965 0.504019
vt 0.810855 0.543955
vt 0.916550 0.541206
vt 0.918325 0.541035
vt 0.416957 0.753405
vt 0.416952 0.753449
vt 0.331442 0.818783
vt 0.246984 0.756408
vt 0.261094 0.677825
vt 0.424764 0.676160
vt 0.416940 0.747827
vt 0.415988 0.753094
vt 0.416906 0.753386
vt 0.108366 0.592889
vt 0.108096 0.592825
vt 0.108546 0.592904
vt 0.108499 0.590839
vt 0.107153 -0.023932
vt 0.232781 -0.023932
vt 0.230656 0.619785
vt 0.102625 0.591840
vt 0.104137 0.592533
vt 0.107143 0.592792
vt 0.259065 0.686755
vt 0.258547 0.686557
vt 0.369437 0.793493
vt 0.330569 0.813400
vt 0.324831 0.816595
vt 0.246442 0.763517
vt 0.258788 0.688803
vt 0.259309 0.686841
vt 0.384749 0.002065
vt 0.502160 0.419995
vt 0.524858 0.420840
vt 0.107514 0.581998
vt 0.107153 0.004108
vt 0.232781 0.004108
vt 0.102625 0.618897
vt 0.107275 0.618810
vt 0.107469 0.598408
vt 0.171401 0.312078
vt 0.171412 0.306047
vt 0.170132 0.306066
vt 0.170427 0.310719
vt 0.523770 0.517311
vt 0.608583 0.516211
vt 0.643852 0.515185
vt 0.653561 0.103068
vt 0.653623 0.618983
vt 0.655117 0.618922
vt 0.393137 0.618870
vt 0.384716 0.104155
vt 0.384716 0.104144
vt 0.523199 0.104144
vt 0.505377 0.517438
vt 0.524858 0.517398
vt 0.408722 0.770013
vt 0.407064 0.769019
vt 0.327233 0.816312
vt 0.326173 0.815591
vt 0.252887 0.765128
vt 0.256427 0.763894
vt 0.267375 0.685263
vt 0.267438 0.684805
vt 0.263238 0.683267
vt 0.427270 0.693753
vt 0.427155 0.691637
vt 0.426688 0.690700
vt 0.426543 0.690323
vt 0.425855 0.690500
vt 0.425840 0.690504
vt 0.425341 0.693325
vt 0.408848 0.768978
vt 0.408845 0.768997
vt 0.409615 0.769479
vt 0.426687 0.690720
vt 0.426325 0.698012
vt 0.409975 0.769264
vt 0.425838 0.690520
vt 0.425854 0.690501
vt 0.425854 0.690500
vt 0.425855 0.690500
vt 0.425855 0.690500
vt 0.425855 0.690500
vt 0.250796 0.766465
vt 0.254585 0.765060
vt 0.258844 0.767628
vt 0.260699 0.769333
vt 0.329343 0.817456
vt 0.384739 0.618798
vt 0.384738 0.618798
vt 0.384716 0.618797
vt 0.384716 0.104144
vt 0.386375 0.104144
vt 0.386455 0.618870
vt 0.385804 0.618870
vt 0.384739 0.618798
vt 0.384739 0.618798
vt 0.397147 0.866970
vt 0.414251 0.852383
vt 0.453290 0.997813
vt 0.452137 0.997164
vt 0.424850 0.980028
vt 0.394903 0.868870
vt 0.407939 0.770481
vt 0.406499 0.769736
vt 0.369175 0.793649
vt 0.333267 0.815111
vt 0.330446 0.813773
vt 0.283756 0.788783
vt 0.246166 0.763330
vt 0.246882 0.763085
vt 0.258917 0.687976
vt 0.259029 0.686679
vt 0.346488 0.625542
vt 0.391526 0.661733
vt 0.421448 0.688674
vt 0.427367 0.692917
vt 0.427464 0.692880
vt 0.411535 0.764632
vt 0.410863 0.767582
vt 0.410787 0.768001
vt 0.245649 0.762980
vt 0.246041 0.760553
vt 0.246608 0.757052
vt 0.315428 0.646663
vt 0.308797 0.651314
vt 0.321240 0.642587
vt 0.329298 0.817483
vt 0.325635 0.814697
vt 0.277074 0.777070
vt 0.260916 0.765737
vt 0.253348 0.768193
vt 0.119073 0.851617
vt 0.119074 0.851606
vt 0.120185 0.850929
vt 0.205412 0.798663
vt 0.276053 0.858389
vt 0.260129 0.938554
vt 0.186400 0.974366
vt 0.181924 0.970696
vt 0.133934 0.928737
vt 0.124948 0.933545
vt 0.119196 0.850542
vt 0.118388 0.851330
vt 0.118583 0.851670
vt 0.118656 0.852238
vt 0.119071 0.855061
vt 0.119038 0.853976
vt 0.119028 0.853042
vt 0.237464 0.619051
vt 0.237487 0.619051
vt 0.383836 0.618972
vt 0.796494 0.584181
vt 0.798046 0.175490
vt 0.657904 0.576591
vt 0.682304 0.577426
vt 0.523770 0.175322
vt 0.523770 0.175312
vt 0.655117 0.175312
vt 0.523799 0.175413
vt 0.523795 0.175565
vt 0.551175 0.477975
vt 0.558335 0.510334
vt 0.601739 0.438968
vt 0.566158 0.581043
vt 0.650276 0.576617
vt 0.655117 0.576361
vt 0.198857 0.474902
vt 0.232781 0.178054
vt 0.102625 0.589478
vt 0.112287 0.589270
vt 0.164025 0.587421
vt 0.917502 0.593912
vt 0.918325 0.588098
vt 0.805388 0.177918
vt 0.843886 0.456090
vt 0.880998 0.594655
vt 0.913283 0.594192
vt 0.916315 0.594004
vt 0.154607 0.752552
vt 0.156589 0.817848
vt 0.152171 0.820795
vt 0.040839 0.797516
vt 0.042683 0.796977
vt 0.048148 0.734334
vt 0.048465 0.730486
vt 0.048508 0.729898
vt 0.111330 0.706919
vt 0.118516 0.714496
vt 0.918325 0.598888
vt 0.853138 0.618313
vt 0.837187 0.618313
vt 0.805388 0.618313
vt 0.805388 0.207930
vt 0.807130 0.213914
vt 0.848457 0.615287
vt 0.918303 0.598812
vt 0.798046 0.600640
vt 0.657904 0.601046
vt 0.659126 0.601009
vt 0.250374 0.766180
vt 0.259343 0.685998
vt 0.260509 0.686382
vt 0.261585 0.685642
vt 0.264637 0.686474
vt 0.263038 0.698528
vt 0.256652 0.763881
vt 0.347125 0.626054
vt 0.263444 0.695599
vt 0.040701 0.797409
vt 0.042627 0.796872
vt 0.048304 0.732752
vt 0.048488 0.729871
vt 0.047897 0.729494
vt 0.111044 0.706618
vt 0.110956 0.707161
vt 0.128174 0.724681
vt 0.051955 0.806131
vt 0.058098 0.810892
vt 0.231066 0.619785
vt 0.232781 0.189249
vt 0.805388 0.600231
vt 0.805387 0.189079
vt 0.808507 0.600334
vt 0.918325 0.600235
vt 0.798046 0.590882
vt 0.657904 0.590734
vt 0.667123 0.590468
vt 0.524999 0.619026
vt 0.524919 0.589193
vt 0.642187 0.590378
vt 0.653918 0.590493
vt 0.653929 0.586784
vt 0.653918 0.590493
vt 0.655117 0.590502
vt 0.045546 0.797480
vt 0.052342 0.741508
vt 0.053069 0.736066
vt 0.053667 0.728815
vt 0.052915 0.728302
vt 0.111314 0.706902
vt 0.109277 0.849402
vt 0.107749 0.848369
vt 0.107752 0.848360
vt 0.052108 0.802799
vt 0.051899 0.802631
vt 0.051898 0.802631
vt 0.051896 0.802629
vt 0.232781 0.613351
vt 0.182467 0.612466
vt 0.157134 0.448567
vt 0.232705 0.199160
vt 0.232781 0.199068
vt 0.102625 0.611087
vt 0.103228 0.611103
vt 0.102625 0.198988
vt 0.102625 0.198904
vt 0.232781 0.198904
vt 0.102648 0.198982
vt 0.654019 0.612053
vt 0.655116 0.211326
vt 0.523770 0.612255
vt 0.525268 0.612268
vt 0.536010 0.612268
vt 0.653146 0.612058
vt 0.049418 0.729173
vt 0.049207 0.729015
vt 0.110827 0.848368
vt 0.106101 0.845281
vt 0.043299 0.796657
vt 0.657904 0.594706
vt 0.657904 0.186737
vt 0.798046 0.186737
vt 0.798046 0.595634
vt 0.670342 0.595102
vt 0.670365 0.595029
vt 0.054532 0.727581
vt 0.054173 0.727317
vt 0.110984 0.706555
vt 0.111333 0.848031
vt 0.109843 0.847133
vt 0.044814 0.796629
vt 0.050194 0.795135
vt 0.053169 0.744696
vt 0.383836 0.183143
vt 0.237464 0.183143
vt 0.524858 0.206382
vt 0.384716 0.206382
vt 0.040823 0.797504
vt 0.040856 0.797494
vt 0.046940 0.731632
vt 0.047117 0.729955
vt 0.046965 0.729834
vt 0.108697 0.849788
vt 0.108578 0.849719
vt 0.047386 0.802590
vt 0.041808 0.798267
vt 0.041049 0.797635
vt 0.041006 0.797646
vt 0.383836 0.285055
vt 0.237464 0.285055
vt 0.524858 0.284434
vt 0.384716 0.284434
vt 0.523771 0.619026
vt 0.523770 0.612211
vt 0.526066 0.612204
vt 0.654020 0.612497
vt 0.654773 0.612444
vt 0.655117 0.612459
vt 0.399868 0.863358
vt 0.399866 0.863356
vt 0.456578 0.820095
vt 0.454980 0.996960
vt 0.453121 0.995897
vt 0.397020 0.954557
vt 0.398800 0.953223
vt 0.400043 0.866947
vt 0.680150 0.576361
vt 0.663608 0.575855
vt 0.798046 0.576543
vt 0.524855 0.104194
vt 0.386373 0.104191
vt 0.386375 0.104144
vt 0.524858 0.104149
vt 0.725541 0.956370
vt 0.722869 0.954365
vt 0.780219 0.994906
vt 0.725423 0.876894
vt 0.725460 0.874278
vt 0.725511 0.872810
vt 0.725496 0.872804
vt 0.784019 0.997055
vt 0.523770 0.598523
vt 0.655091 0.599934
vt 0.655116 0.219744
vt 0.655117 0.599933
vt 0.384716 0.206382
vt 0.245649 0.762981
vt 0.247016 0.762533
vt 0.248471 0.763440
vt 0.328169 0.817609
vt 0.328629 0.817883
vt 0.248453 0.762060
vt 0.259901 0.690280
vt 0.260588 0.685126
vt 0.410588 0.768897
vt 0.326675 0.816615
vt 0.918323 0.222765
vt 0.916953 0.618308
vt 0.805397 0.618284
vt 0.805396 0.600993
vt 0.807479 0.600824
vt 0.805390 0.222529
vt 0.805390 0.222026
vt 0.807066 0.222521
vt 0.908728 0.256294
vt 0.658116 0.605077
vt 0.798046 0.605022
vt 0.666694 0.605024
vt 0.237464 0.207090
vt 0.384716 0.206382
vt 0.808764 0.604222
vt 0.806134 0.298085
vt 0.807907 0.217145
vt 0.917207 0.271129
vt 0.910977 0.610965
vt 0.807149 0.610966
vt 0.807118 0.604202
vt 0.340193 0.810971
vt 0.331155 0.816373
vt 0.324425 0.812021
vt 0.250109 0.762077
vt 0.246208 0.763359
vt 0.246180 0.763340
vt 0.261178 0.692212
vt 0.262236 0.684360
vt 0.261888 0.684214
vt 0.410930 0.767360
vt 0.340333 0.809041
vt 0.384716 0.206382
vt 0.245677 0.762806
vt 0.249850 0.761462
vt 0.330499 0.816765
vt 0.805388 0.242655
vt 0.917573 0.245166
vt 0.913714 0.615863
vt 0.524858 0.235479
vt 0.384716 0.235479
vt 0.918324 0.242655
vt 0.914408 0.618313
vt 0.396674 0.957149
vt 0.396606 0.957103
vt 0.397189 0.956674
vt 0.398585 0.874522
vt 0.398605 0.870499
vt 0.398425 0.867061
vt 0.398332 0.867006
vt 0.396501 0.865922
vt 0.397314 0.865302
vt 0.399145 0.866374
vt 0.400062 0.866896
vt 0.461003 0.821930
vt 0.452070 0.998428
vt 0.451438 0.998031
vt 0.653343 0.568945
vt 0.653876 0.531847
vt 0.655117 0.531873
vt 0.531036 0.619026
vt 0.531126 0.595746
vt 0.531118 0.588735
vt 0.531005 0.569701
vt 0.537611 0.569614
vt 0.541027 0.569640
vt 0.524858 0.172398
vt 0.384716 0.172398
vt 0.795742 0.168555
vt 0.664395 0.168555
vt 0.102627 0.199006
vt 0.220862 0.619785
vt 0.524858 0.232497
vt 0.384716 0.232497
vt 0.798046 -0.231909
vt 0.657904 -0.231909
vt 0.256101 0.770058
vt 0.264076 0.767113
vt 0.276225 0.684496
vt 0.274933 0.683893
vt 0.354345 0.631855
vt 0.328604 0.817898
vt 0.328146 0.817617
vt 0.383836 -0.136957
vt 0.237464 -0.136957
vt 0.237464 0.178377
vt 0.383836 0.178377
vt 0.351571 0.504162
vt 0.276864 0.594385
vt 0.372260 0.598651
vt 0.383836 0.599106
vt 0.856011 0.863887
vt 0.867801 0.920917
vt 0.781323 0.998749
vt 0.724031 0.956788
vt 0.722479 0.890370
vt 0.801993 0.822608
vt 0.855445 0.856679
vt 0.855130 0.856887
vt 0.355141 0.619115
vt 0.279321 0.332882
vt 0.383836 0.548678
vt 0.523770 0.176736
vt 0.655117 0.176736
vt 0.523770 0.601311
vt 0.529566 0.599276
vt 0.385333 0.599285
vt 0.389215 0.599595
vt 0.402579 0.600547
vt 0.524858 0.601196
vt 0.384716 0.612178
vt 0.384774 0.612184
vt 0.384716 0.177636
vt 0.918325 -0.198934
vt 0.805388 -0.198934
vt 0.232781 -0.199941
vt 0.102625 -0.199941
vt 0.247968 0.764551
vt 0.250474 0.733152
vt 0.262118 0.705536
vt 0.263530 0.697590
vt 0.264485 0.691742
vt 0.263832 0.691472
vt 0.330781 0.641829
vt 0.330881 0.641755
vt 0.345720 0.630682
vt 0.421219 0.689623
vt 0.423521 0.691394
vt 0.427576 0.690702
vt 0.328316 0.818069
vt 0.328044 0.817888
vt 0.251412 0.765515
vt 0.249334 0.764163
vt 0.523770 0.186229
vt 0.655117 0.186229
vt 0.655117 0.186152
vt 0.040036 0.796893
vt 0.046179 0.730121
vt 0.425272 0.689537
vt 0.427408 0.691383
vt 0.427744 0.691620
vt 0.257348 0.690662
vt 0.259524 0.689535
vt 0.349414 0.631716
vt 0.349617 0.631142
vt 0.524858 0.001057
vt 0.384716 0.001057
vt 0.655117 0.004132
vt 0.523770 -0.000266
vt 0.257532 0.689528
vt 0.351259 0.629376
vt 0.351096 0.637524
vt 0.403586 0.684995
vt 0.405391 0.686333
vt 0.405379 0.686327
vt 0.405379 0.686328
vt 0.419235 0.696363
vt 0.424105 0.695060
vt 0.427150 0.694295
vt 0.409322 0.769655
vt 0.404982 0.767192
vt 0.325831 0.814658
vt 0.323420 0.815640
vt 0.253730 0.768452
vt 0.265219 0.698575
vt 0.265990 0.693455
vt 0.260430 0.690895
vt 0.911591 0.536728
vt 0.918325 0.106214
vt 0.913839 0.545531
vt 0.918325 0.546006
vt 0.805388 0.533866
vt 0.911152 0.545250
vt 0.284707 0.870309
vt 0.284874 0.869526
vt 0.289112 0.874216
vt 0.295474 0.871111
vt 0.339033 0.848432
vt 0.338873 0.845174
vt 0.285608 0.951898
vt 0.292985 0.956257
vt 0.277171 0.945116
vt 0.288503 0.874430
vt 0.805388 0.540022
vt 0.805388 0.106214
vt 0.916987 0.106214
vt 0.916988 0.535145
vt 0.825773 0.539180
vt 0.825637 0.539183
vt 0.245649 0.762980
vt 0.232781 0.208233
vt 0.232781 0.208157
vt 0.102625 0.208233
vt 0.918324 0.207930
vt 0.918325 0.208006
vt 0.257404 0.690313
vt 0.257443 0.690074
vt 0.262518 0.691929
vt 0.354552 0.632795
vt 0.354584 0.632048
vt 0.249713 0.765732
vt 0.262716 0.707433
vt 0.261626 0.691662
vt 0.797217 0.524790
vt 0.686847 0.522277
vt 0.657904 0.521578
vt 0.657904 0.103236
vt 0.798046 0.103236
vt 0.793931 0.501347
vt 0.797265 0.501996
vt 0.659562 0.521706
vt 0.798046 0.502148
vt 0.134737 0.528867
vt 0.131087 0.529234
vt 0.232781 0.518561
vt 0.102625 0.533301
vt 0.127836 0.529708
vt 0.127836 0.529708
vt 0.127873 0.529562
vt 0.130048 0.529380
vt 0.805388 0.502090
vt 0.805388 0.106214
vt 0.918325 0.106214
vt 0.907377 0.509474
vt 0.904877 0.509434
vt 0.910300 0.516434
vt 0.910308 0.530962
vt 0.913332 0.531674
vt 0.918325 0.532091
vt 0.897594 0.509494
vt 0.257858 0.687510
vt 0.257939 0.687008
vt 0.257968 0.687016
vt 0.258732 0.687198
vt 0.345381 0.626740
vt 0.346603 0.625958
vt 0.346637 0.625661
vt 0.354304 0.631823
vt 0.353976 0.636760
vt 0.417499 0.688405
vt 0.425097 0.693544
vt 0.427056 0.694717
vt 0.257787 0.771199
vt 0.266596 0.710495
vt 0.268295 0.691858
vt 0.258481 0.687778
vt 0.657904 0.504991
vt 0.674645 0.505041
vt 0.795396 0.504243
vt 0.523770 0.103068
vt 0.550644 0.507823
vt 0.579170 0.508519
vt 0.632203 0.489498
vt 0.655116 0.103068
vt 0.637549 0.504467
vt 0.638601 0.504497
vt 0.655117 0.504770
vt 0.176535 0.264188
vt 0.230093 0.147568
vt 0.230436 0.107133
vt 0.232781 0.413471
vt 0.102625 0.517717
vt 0.113794 0.520031
vt 0.108763 0.281179
vt 0.918325 0.516554
vt 0.904604 0.516697
vt 0.805388 0.524059
vt 0.805388 0.004498
vt 0.916987 0.004498
vt 0.918325 0.283391
vt 0.823968 0.522950
vt 0.219205 0.619785
vt 0.102625 0.445810
vt 0.232781 0.208157
vt 0.655116 -0.188667
vt 0.523770 -0.188667
vt 0.427272 0.691519
vt 0.427784 0.691438
vt 0.257723 0.688347
vt 0.258602 0.687867
vt 0.304661 0.654215
vt 0.316726 0.645753
vt 0.326314 0.639581
vt 0.326922 0.638601
vt 0.329228 0.636984
vt 0.328816 0.638689
vt 0.415495 0.687780
vt 0.420388 0.692321
vt 0.257384 0.690442
vt 0.259473 0.691128
vt 0.260217 0.690757
vt 0.352976 0.631808
vt 0.407319 0.686391
vt 0.407662 0.686641
vt 0.419611 0.695102
vt 0.427580 0.692357
vt 0.102625 0.106132
vt 0.117195 0.510799
vt 0.131984 0.510899
vt 0.232781 0.511500
vt 0.255902 0.699599
vt 0.256809 0.693991
vt 0.264181 0.697539
vt 0.268984 0.699843
vt 0.325456 0.664707
vt 0.356681 0.646081
vt 0.419066 0.699296
vt 0.425043 0.703784
vt 0.252088 0.767340
vt 0.255709 0.743605
vt 0.263186 0.703401
vt 0.102625 0.228544
vt 0.232781 0.228544
vt 0.798046 -0.016384
vt 0.798046 0.601333
vt 0.661991 0.601925
vt 0.657904 0.601887
vt 0.657904 -0.016544
vt 0.657906 -0.016567
vt 0.798046 -0.016554
vt 0.384716 -0.015348
vt 0.384716 -0.015366
vt 0.524858 -0.015366
vt 0.524428 0.601650
vt 0.524858 0.601636
vt 0.374525 0.563483
vt 0.383836 -0.014390
vt 0.237464 0.520943
vt 0.239370 0.520264
vt 0.237464 -0.014370
vt 0.243878 0.586678
vt 0.655116 -0.198734
vt 0.523770 -0.198734
vt 0.102625 0.515004
vt 0.110646 0.515966
vt 0.232781 0.521708
vt 0.395170 0.867112
vt 0.395034 0.867041
vt 0.394678 0.957386
vt 0.395394 0.956921
vt 0.396479 0.870766
vt 0.396380 0.867773
vt 0.805388 0.538217
vt 0.818712 0.537687
vt 0.835952 0.536965
vt 0.900182 0.533941
vt 0.903783 0.533408
vt 0.905207 0.533289
vt 0.918325 0.531693
vt 0.806222 0.496998
vt 0.805387 -0.018700
vt 0.918325 -0.018700
vt 0.918325 0.503096
vt 0.917438 0.503018
vt 0.336078 0.635309
vt 0.349617 0.628057
vt 0.258881 0.686323
vt 0.102625 0.416540
vt 0.111592 0.416809
vt 0.122917 0.416260
vt 0.232781 0.410004
vt 0.805388 0.423183
vt 0.843826 0.420724
vt 0.879411 0.418336
vt 0.918325 0.415683
vt 0.523770 -0.220679
vt 0.530405 0.592816
vt 0.553661 0.600492
vt 0.645698 0.596965
vt 0.655116 -0.220679
vt 0.387594 0.603588
vt 0.386375 -0.218829
vt 0.524858 -0.218829
vt 0.384716 0.603253
vt 0.387354 0.603554
vt 0.387356 0.603559
vt 0.232781 0.603975
vt 0.102625 0.603737
vt 0.104064 0.603714
vt 0.105306 0.603720
vt 0.232245 0.603917
vt 0.916534 0.602365
vt 0.917136 0.602337
vt 0.918325 0.602314
vt 0.805388 -0.215111
vt 0.916988 -0.215108
vt 0.905180 0.497587
vt 0.848517 0.581348
vt 0.916351 0.580512
vt 0.916546 0.580497
vt 0.344504 0.628076
vt 0.347421 0.626292
vt 0.258373 0.686679
vt 0.259725 0.687152
vt 0.260891 0.686377
vt 0.102627 0.619778
vt 0.102627 0.619776
vt 0.102625 0.004112
vt 0.232781 0.004108
vt 0.426138 0.677011
vt 0.577717 0.841117
vt 0.548425 0.948817
vt 0.548473 0.948794
vt 0.553001 0.867220
vt 0.553331 0.861918
vt 0.549299 0.859674
vt 0.666294 0.516936
vt 0.657904 0.516989
vt 0.657904 -0.101755
vt 0.798046 -0.101755
vt 0.798046 0.518390
vt 0.655117 0.516767
vt 0.647941 0.516738
vt 0.647941 0.516675
vt 0.805456 0.518186
vt 0.805388 -0.097218
vt 0.845629 0.370702
vt 0.917355 0.523188
vt 0.821676 0.518967
vt 0.805456 0.518210
vt 0.327976 0.818273
vt 0.327136 0.817725
vt 0.267342 0.777669
vt 0.258443 0.686630
vt 0.258458 0.686619
vt 0.269827 0.678646
vt 0.265069 0.776130
vt 0.326170 0.816292
vt 0.247951 0.763337
vt 0.246674 0.763674
vt 0.237464 0.608896
vt 0.239411 0.608894
vt 0.383836 0.608898
vt 0.232781 -0.020475
vt 0.102625 0.595329
vt 0.104887 0.595357
vt 0.102625 -0.020496
vt 0.138467 0.448074
vt 0.202651 0.447765
vt 0.123842 0.932171
vt 0.123845 0.932169
vt 0.123331 0.865360
vt 0.123081 0.853203
vt 0.123076 0.853201
vt 0.207945 0.800449
vt 0.174714 0.978943
vt 0.386488 0.618870
vt 0.386375 -0.202568
vt 0.386378 -0.202553
vt 0.399000 0.539799
vt 0.499492 0.483618
vt 0.524856 -0.202553
vt 0.524858 -0.202568
vt 0.259739 0.686633
vt 0.259750 0.686581
vt 0.259057 0.686199
vt 0.338812 0.811797
vt 0.338579 0.811935
vt 0.327769 0.818397
vt 0.246544 0.763586
vt 0.247220 0.763358
vt 0.259271 0.689033
vt 0.259740 0.686632
vt 0.231359 0.619785
vt 0.102625 0.619785
vt 0.102625 0.609578
vt 0.103234 0.609608
vt 0.231360 0.609056
vt 0.903408 0.618313
vt 0.903092 0.618313
vt 0.918325 0.608137
vt 0.525417 0.619026
vt 0.525424 0.612445
vt 0.648086 0.612426
vt 0.652670 0.612397
vt 0.652852 0.515975
vt 0.655117 0.516028
vt 0.525768 0.230626
vt 0.525768 0.613584
vt 0.395612 0.613584
vt 0.395612 0.230626
vt 0.647040 0.207930
vt 0.534103 0.207930
vt 0.918325 0.207930
vt 0.647040 0.139783
vt 0.534103 0.139783
vt 0.918325 0.139783
vt 0.805388 0.139783
vt 0.259958 0.685568
vt 0.246843 0.763789
vt 0.247645 0.763535
vt 0.260288 0.690412
vt 0.260454 0.689458
vt 0.260960 0.686107
vt 0.372656 0.180743
vt 0.372656 0.618313
vt 0.259719 0.618313
vt 0.259719 0.180743
vt 0.102625 0.004113
vt 0.103452 0.004397
vt 0.228784 0.024326
vt 0.232765 0.004562
vt 0.230884 0.619781
vt 0.102625 0.619781
vt 0.102625 0.599625
vt 0.103708 0.599574
vt 0.104863 0.599497
vt 0.102625 0.004400
vt 0.102625 0.004423
vt 0.102625 0.004380
vt 0.918325 0.159650
vt 0.805388 0.159650
vt 0.525768 0.153530
vt 0.395612 0.153530
vt 0.810716 0.516058
vt 0.805388 0.004539
vt 0.844477 0.412287
vt 0.882183 0.409677
vt 0.918325 0.004537
vt 0.918325 0.598215
vt 0.806472 0.598213
vt 0.806320 0.516182
vt 0.918325 0.207930
vt 0.805388 0.207930
vt 0.102625 0.208157
vt 0.798046 -0.023887
vt 0.798046 0.594954
vt 0.665085 0.594138
vt 0.663404 0.594153
vt 0.657904 0.594162
vt 0.657911 -0.023921
vt 0.798040 -0.023950
vt 0.918325 0.207930
vt 0.525768 0.201956
vt 0.395612 0.201956
vt 0.658155 0.594216
vt 0.523770 0.594777
vt 0.529482 0.594487
vt 0.651666 0.593538
vt 0.653253 0.593608
vt 0.655117 0.593929
vt 0.102625 0.619783
vt 0.102625 0.595857
vt 0.232781 0.619783
vt 0.918325 0.594457
vt 0.805388 0.594190
vt 0.806299 0.594265
vt 0.811902 0.594274
vt 0.525768 0.230301
vt 0.395612 0.230301
vt 0.383836 0.235463
vt 0.237464 0.235462
vt 0.340881 0.634749
vt 0.350519 0.628781
vt 0.249446 0.765551
vt 0.250834 0.765029
vt 0.262705 0.698871
vt 0.264014 0.686594
vt 0.657904 0.515851
vt 0.679054 0.515660
vt 0.798046 0.516628
vt 0.247474 0.764216
vt 0.247989 0.764048
vt 0.259734 0.689998
vt 0.260226 0.686900
vt 0.259541 0.686607
vt 0.346494 0.625546
vt 0.807212 0.516373
vt 0.805388 -0.097211
vt 0.822256 0.516153
vt 0.918325 0.514636
vt 0.805388 0.516460
vt 0.257979 0.686956
vt 0.245942 0.763179
vt 0.257896 0.689223
vt 0.258188 0.687037
vt 0.523770 -0.179001
vt 0.528263 0.593734
vt 0.559194 0.596780
vt 0.654644 0.596707
vt 0.654746 0.596702
vt 0.655117 0.596713
vt 0.525768 0.257076
vt 0.395612 0.257076
vt 0.383836 0.262263
vt 0.237464 0.262264
vt 0.047209 0.732671
vt 0.047215 0.732627
vt 0.047470 0.730346
vt 0.047497 0.729833
vt 0.047287 0.729716
vt 0.109326 0.849369
vt 0.107474 0.848123
vt 0.044421 0.799368
vt 0.041154 0.797074
vt 0.041154 0.797074
vt 0.040474 0.797233
vt 0.041154 0.797074
vt 0.041154 0.797074
vt 0.524858 0.605313
vt 0.390687 0.618870
vt 0.390515 0.605380
vt 0.261697 0.684348
vt 0.250850 0.766502
vt 0.254812 0.765070
vt 0.265311 0.697618
vt 0.266187 0.685920
vt 0.104261 0.606339
vt 0.102625 0.092581
vt 0.160946 0.389761
vt 0.176069 0.384374
vt 0.232781 0.092581
vt 0.224522 0.619785
vt 0.102625 0.606308
vt 0.805388 0.598404
vt 0.806365 0.598424
vt 0.806442 0.604954
vt 0.918325 0.604877
vt 0.657904 0.532934
vt 0.657904 0.000740
vt 0.798046 0.000740
vt 0.798046 0.531606
vt 0.677783 0.532896
vt 0.679470 0.532903
vt 0.327030 0.641895
vt 0.264089 0.685600
vt 0.262255 0.683957
vt 0.281268 0.670621
vt 0.810351 0.531149
vt 0.805388 0.004498
vt 0.811373 0.517572
vt 0.918325 0.516544
vt 0.805388 0.531324
vt 0.308267 0.654955
vt 0.266385 0.681060
vt 0.348953 0.627522
vt 0.251701 0.765255
vt 0.325477 0.814546
vt 0.328635 0.816721
vt 0.245791 0.762100
vt 0.266713 0.681265
vt 0.329518 0.817351
vt 0.247469 0.763336
vt 0.246619 0.763637
vt 0.232781 0.208157
vt 0.102625 0.208157
vt 0.796743 0.619262
vt 0.261371 0.684576
vt 0.261484 0.684628
vt 0.262058 0.685289
vt 0.264121 0.685770
vt 0.265201 0.685991
vt 0.265364 0.685882
vt 0.349799 0.628203
vt 0.410749 0.768173
vt 0.272539 0.684075
vt 0.346234 0.632323
vt 0.351740 0.629763
vt 0.250127 0.766012
vt 0.252798 0.765135
vt 0.263846 0.698349
vt 0.265445 0.686028
vt 0.264373 0.685655
vt 0.261378 0.684571
vt 0.264993 0.682036
vt 0.271203 0.684994
vt 0.225670 0.619783
vt 0.232781 0.004108
vt 0.246096 0.763283
vt 0.246406 0.763167
vt 0.258983 0.688776
vt 0.259286 0.686698
vt 0.259344 0.686222
vt 0.259181 0.686113
vt 0.261626 0.684398
vt 0.263890 0.685799
vt 0.263892 0.685800
vt 0.348877 0.627462
vt 0.232071 0.619785
vt 0.232781 -0.097916
vt 0.808603 0.516059
vt 0.805388 -0.097218
vt 0.918325 -0.097218
vt 0.918325 0.515689
vt 0.820908 0.515989
vt 0.808603 0.516062
vt 0.805388 0.515990
vt 0.046146 0.730478
vt 0.048469 0.729285
vt 0.050717 0.730622
vt 0.074807 0.721841
vt 0.050070 0.729679
vt 0.048748 0.729183
vt 0.108857 0.849682
vt 0.108659 0.849570
vt 0.043887 0.799485
vt 0.040734 0.797217
vt 0.046215 0.733228
vt 0.046197 0.730509
vt 0.917680 0.618313
vt 0.805388 0.597230
vt 0.805802 0.597204
vt 0.917702 0.596661
vt 0.524858 0.618335
vt 0.384716 -0.154477
vt 0.389591 -0.154477
vt 0.389356 0.618637
vt 0.391540 0.618485
vt 0.009902 0.963170
vt 0.002528 0.955634
vt 0.002167 0.936310
vt 0.000654 0.850700
vt 0.054079 0.825709
vt 0.004536 0.851115
vt 0.003663 0.851172
vt 0.004266 0.851810
vt 0.054296 0.825860
vt 0.029764 0.983417
vt 0.029733 0.983393
vt 0.050903 0.730783
vt 0.112451 0.708101
vt 0.049137 0.729041
vt 0.048910 0.729564
vt 0.050726 0.730833
vt 0.050740 0.730843
vt 0.308831 0.654577
vt 0.276576 0.673913
vt 0.328854 0.817748
vt 0.328319 0.817477
vt 0.326852 0.816559
vt 0.249707 0.762355
vt 0.259462 0.689152
vt 0.259581 0.688122
vt 0.259781 0.686688
vt 0.259806 0.686514
vt 0.259170 0.686120
vt 0.261504 0.684483
vt 0.263678 0.685773
vt 0.917289 -0.189191
vt 0.916647 0.618313
vt 0.820881 0.490118
vt 0.903757 0.525066
vt 0.915742 -0.189325
vt 0.916988 -0.198934
vt 0.402043 0.517058
vt 0.524858 0.527324
vt 0.384716 0.514748
vt 0.383836 0.229900
vt 0.237464 0.229900
vt 0.524858 0.229217
vt 0.384716 0.229217
vt 0.232781 -0.199941
vt 0.102625 -0.199941
vt 0.655117 0.483276
vt 0.523770 0.527262
vt 0.530320 0.527377
vt 0.523770 -0.204379
vt 0.655117 -0.204379
vt 0.634922 0.362899
vt 0.657904 0.483494
vt 0.655117 -0.204379
vt 0.523770 0.618237
vt 0.523888 0.618246
vt 0.528492 0.618592
vt 0.528340 -0.204379
vt 0.523770 -0.204379
vt 0.524858 0.618083
vt 0.414353 0.618870
vt 0.383836 -0.176111
vt 0.237464 -0.176111
vt 0.389732 0.618834
vt 0.391121 0.618870
vt 0.384716 -0.177251
vt 0.389591 -0.177251
vt 0.655117 -0.179001
vt 0.528417 0.619026
vt 0.528340 -0.179001
vt 0.657904 -0.178870
vt 0.666114 0.574244
vt 0.772084 0.597290
vt 0.797899 0.597041
vt 0.798046 -0.178870
vt 0.524858 -0.154477
vt 0.398581 0.618381
vt 0.655013 0.587298
vt 0.655117 0.587301
vt 0.528378 0.619026
vt 0.528340 -0.156173
vt 0.655117 -0.156173
vt 0.798046 0.586660
vt 0.657904 0.587533
vt 0.663551 0.587484
vt 0.102625 -0.119270
vt 0.232781 -0.119270
vt 0.231833 0.619785
vt 0.102625 0.598051
vt 0.103134 0.598044
vt 0.103774 0.598016
vt 0.524858 0.618118
vt 0.390279 0.618870
vt 0.391988 0.618718
vt 0.398970 0.618575
vt 0.389675 0.618870
vt 0.389591 -0.121729
vt 0.524858 -0.121729
vt 0.523770 0.618273
vt 0.523915 0.618286
vt 0.528263 0.618735
vt 0.528479 0.594923
vt 0.550641 0.479622
vt 0.630197 0.435394
vt 0.654697 0.587288
vt 0.654770 0.597243
vt 0.655117 0.597294
vt 0.798046 0.598017
vt 0.657904 0.597528
vt 0.658633 0.597565
vt 0.662170 0.597496
vt 0.653499 0.515799
vt 0.655117 0.515752
vt 0.528312 0.619026
vt 0.528340 -0.101897
vt 0.648995 0.515613
vt 0.798046 0.516155
vt 0.657904 0.515974
vt 0.678699 0.515890
vt 0.805388 0.004498
vt 0.805621 0.604384
vt 0.918325 0.603908
vt 0.102625 0.004108
vt 0.232781 0.004108
vt 0.103547 0.606227
vt 0.105232 0.606221
vt 0.102627 0.005117
vt 0.265037 0.685929
vt 0.261685 0.684654
vt 0.349048 0.628545
vt 0.389591 0.001907
vt 0.524858 0.001907
vt 0.390168 0.618870
vt 0.390236 0.616808
vt 0.643802 0.544232
vt 0.529791 0.619026
vt 0.530093 0.592703
vt 0.555887 0.482670
vt 0.387719 0.617739
vt 0.386765 0.597236
vt 0.389591 0.001907
vt 0.398143 0.618870
vt 0.390013 0.617665
vt 0.102625 0.517707
vt 0.105087 0.517754
vt 0.112025 0.517985
vt 0.264006 0.685536
vt 0.647950 0.532890
vt 0.655117 0.532709
vt 0.523770 0.618143
vt 0.528311 0.618731
vt 0.528353 0.519189
vt 0.646407 0.519314
vt 0.648125 0.519289
vt 0.654935 0.599080
vt 0.655117 0.599077
vt 0.523770 0.605437
vt 0.527048 0.605595
vt 0.528340 0.089456
vt 0.653561 0.089456
vt 0.651377 0.599084
vt 0.798046 0.599201
vt 0.657904 0.599310
vt 0.663320 0.599321
vt 0.669626 0.599376
vt 0.655110 0.610652
vt 0.655117 0.610652
vt 0.523770 -0.187448
vt 0.526769 0.602825
vt 0.653150 0.600191
vt 0.655117 -0.187448
vt 0.655052 0.610641
vt 0.657904 0.610887
vt 0.657911 0.610888
vt 0.659369 0.610905
vt 0.784637 0.611292
vt 0.797091 0.610108
vt 0.798046 -0.187318
vt 0.046176 0.730146
vt 0.040593 0.790838
vt 0.046216 0.730885
vt 0.046205 0.730170
vt 0.046205 0.730167
vt 0.046202 0.730165
vt 0.657904 0.596946
vt 0.658385 0.596958
vt 0.661897 0.596957
vt 0.797980 0.596931
vt 0.805998 0.563992
vt 0.805998 0.563952
vt 0.805998 0.563992
vt 0.918325 0.564019
vt 0.805388 0.563954
vt 0.383836 -0.153363
vt 0.237464 -0.153363
vt 0.652515 0.586201
vt 0.653512 0.586146
vt 0.653878 0.586139
vt 0.653916 0.564328
vt 0.654127 0.564337
vt 0.655117 0.564350
vt 0.523770 0.586429
vt 0.529637 0.586428
vt 0.798046 0.564486
vt 0.657904 0.564579
vt 0.663234 0.564437
vt 0.386233 0.618870
vt 0.384716 -0.100331
vt 0.417810 0.457856
vt 0.498752 0.504919
vt 0.524858 -0.100331
vt 0.805396 0.004543
vt 0.805396 0.017850
vt 0.918325 0.004498
vt 0.805388 0.604220
vt 0.805396 0.604220
vt 0.805396 0.618268
vt 0.918316 0.618268
vt 0.918316 0.004543
vt 0.260611 0.685109
vt 0.263025 0.696146
vt 0.798046 0.605061
vt 0.657904 0.604747
vt 0.661282 0.604743
vt 0.394386 0.956869
vt 0.394390 0.956866
vt 0.396123 0.869490
vt 0.395959 0.867339
vt 0.457262 0.820379
vt 0.535551 0.852832
vt 0.536577 0.853285
vt 0.450716 0.999111
vt 0.394390 0.956866
vt 0.384716 0.016103
vt 0.524858 0.016103
vt 0.385511 0.618870
vt 0.374541 0.536409
vt 0.383836 -0.021782
vt 0.237464 -0.021777
vt 0.257121 0.528329
vt 0.384716 -0.022748
vt 0.524858 -0.022748
vt 0.524858 -0.022689
vt 0.523876 0.594886
vt 0.524858 0.594679
vt 0.655117 -0.024087
vt 0.655116 -0.024078
vt 0.646473 0.593457
vt 0.523770 -0.024069
vt 0.523770 -0.024127
vt 0.655117 -0.024125
vt 0.805388 0.516208
vt 0.809246 0.598224
vt 0.917436 0.598234
vt 0.657904 0.516713
vt 0.798046 0.516374
vt 0.914730 0.516598
vt 0.913797 0.618313
vt 0.805388 0.106216
vt 0.812876 0.516597
vt 0.262762 0.683601
vt 0.266966 0.685384
vt 0.268452 0.685996
vt 0.270170 0.684851
vt 0.352049 0.630010
vt 0.330947 0.816497
vt 0.329407 0.815572
vt 0.256146 0.766422
vt 0.256895 0.766156
vt 0.268452 0.685996
vt 0.266699 0.685429
vt 0.262259 0.683953
vt 0.533401 0.619026
vt 0.523770 0.103068
vt 0.582234 0.396142
vt 0.597521 0.401544
vt 0.805388 0.516643
vt 0.815194 0.516597
vt 0.918325 0.516598
vt 0.102625 0.106132
vt 0.232781 0.106132
vt 0.102625 0.517761
vt 0.117521 0.517761
vt 0.347073 0.626012
vt 0.258701 0.686449
vt 0.259404 0.686719
vt 0.259683 0.686821
vt 0.259988 0.686616
vt 0.798046 0.516812
vt 0.657904 0.516251
vt 0.524849 -0.202514
vt 0.384716 -0.202568
vt 0.384726 -0.202514
vt 0.428892 0.356564
vt 0.505296 0.483973
vt 0.523770 -0.204379
vt 0.651679 0.517601
vt 0.655117 0.517348
vt 0.798046 0.516250
vt 0.657904 0.517571
vt 0.676449 0.517393
vt 0.248481 0.764679
vt 0.248275 0.764758
vt 0.248273 0.764757
vt 0.259193 0.697928
vt 0.260219 0.687655
vt 0.258040 0.686913
vt 0.258108 0.686865
vt 0.259851 0.687485
vt 0.347870 0.626653
vt 0.289990 0.793004
vt 0.259714 0.772168
vt 0.384720 -0.100310
vt 0.524858 -0.100315
vt 0.384977 0.618870
vt 0.798046 0.516461
vt 0.657904 0.514791
vt 0.679130 0.515054
vt 0.123593 0.932300
vt 0.118155 0.851182
vt 0.123081 0.853203
vt 0.523770 0.000586
vt 0.655117 0.000586
vt 0.529855 0.619026
vt 0.232781 0.004108
vt 0.102625 0.004108
vt 0.524848 0.618824
vt 0.384726 0.618824
vt 0.384726 0.001952
vt 0.524848 0.001951
vt 0.524848 0.015327
vt 0.524394 0.604677
vt 0.524848 0.604704
vt 0.237464 -0.021762
vt 0.237464 -0.021750
vt 0.268085 0.485609
vt 0.358644 0.488848
vt 0.383836 -0.021743
vt 0.384716 -0.022709
vt 0.384719 -0.022734
vt 0.434234 0.378782
vt 0.478506 0.379810
vt 0.524850 -0.022717
vt 0.524858 -0.022748
vt 0.798046 0.594856
vt 0.657904 0.595223
vt 0.661530 0.595326
vt 0.663299 0.595309
vt 0.259500 0.687061
vt 0.260243 0.686566
vt 0.347240 0.626146
vt 0.247024 0.763911
vt 0.247614 0.763699
vt 0.259344 0.690105
vt 0.259389 0.689129
vt 0.259500 0.687061
vt 0.259500 0.687061
vt 0.798046 0.599030
vt 0.657904 0.599010
vt 0.347385 0.626263
vt 0.345154 0.627466
vt 0.260663 0.686490
vt 0.259969 0.686959
vt 0.259968 0.686959
vt 0.259427 0.686712
vt 0.258779 0.686395
vt 0.525918 0.619026
vt 0.523770 0.536356
vt 0.525605 0.536361
vt 0.805388 0.208036
vt 0.807013 0.597988
vt 0.918325 0.597988
vt 0.267350 0.770334
vt 0.260394 0.772964
vt 0.263064 0.683389
vt 0.271326 0.686684
vt 0.274168 0.684818
vt 0.278773 0.686708
vt 0.354786 0.632210
vt 0.265874 0.681419
vt 0.523770 0.205550
vt 0.655117 0.205550
vt 0.537794 0.619026
vt 0.798046 0.205794
vt 0.798046 0.205808
vt 0.798046 0.205839
vt 0.425804 0.690496
vt 0.426922 0.690177
vt 0.263849 0.682839
vt 0.272804 0.686445
vt 0.354434 0.633271
vt 0.345004 0.625919
vt 0.655117 -0.204379
vt 0.523770 -0.204379
vt 0.917842 0.618313
vt 0.222654 0.611225
vt 0.232781 -0.199941
vt 0.198336 0.619785
vt 0.384716 -0.202568
vt 0.524858 -0.202421
vt 0.524524 0.516093
vt 0.524858 0.516117
vt 0.654535 0.518945
vt 0.655117 0.518986
vt 0.523770 0.516028
vt 0.542063 0.516426
vt 0.591975 0.517533
vt 0.628280 0.387973
vt 0.653872 0.518878
vt 0.657904 0.519209
vt 0.658473 0.519262
vt 0.676514 0.520410
vt 0.687441 0.521088
vt 0.741437 0.226896
vt 0.228122 0.525700
vt 0.102625 -0.097916
vt 0.125719 0.489455
vt 0.136398 0.524751
vt 0.353351 0.619115
vt 0.298574 0.325684
vt 0.102625 0.004108
vt 0.227104 0.619761
vt 0.232775 0.619760
vt 0.655117 0.000586
vt 0.523770 0.000586
vt 0.121717 0.930575
vt 0.174583 0.978994
vt 0.174529 0.978949
vt 0.121780 0.930540
vt 0.523770 0.000603
vt 0.523770 0.000586
vt 0.655117 0.000586
vt 0.525975 0.619026
vt 0.805388 0.004498
vt 0.918325 0.004498
vt 0.917983 0.618313
vt 0.805388 0.414878
vt 0.811218 0.414789
vt 0.246917 0.763839
vt 0.327873 0.818335
vt 0.247215 0.763734
vt 0.523770 0.598796
vt 0.652145 0.598792
vt 0.652573 0.598800
vt 0.653388 0.414037
vt 0.655117 0.414060
vt 0.523770 0.000681
vt 0.579165 0.368669
vt 0.600578 0.366524
vt 0.655112 0.000669
vt 0.629714 0.413714
vt 0.798046 0.414268
vt 0.657904 0.414269
vt 0.262797 0.774591
vt 0.262691 0.774519
vt 0.267446 0.772698
vt 0.278817 0.688886
vt 0.277786 0.688467
vt 0.360769 0.637018
vt 0.331967 0.815887
vt 0.267446 0.772698
vt 0.263465 0.683108
vt 0.277392 0.688715
vt 0.263702 0.682941
vt 0.798046 0.598781
vt 0.657904 0.598781
vt 0.259025 0.686222
vt 0.261423 0.687122
vt 0.348590 0.627231
vt 0.328455 0.817987
vt 0.249295 0.764496
vt 0.248377 0.764827
vt 0.248377 0.764827
vt 0.249294 0.764496
vt 0.261423 0.687122
vt 0.798046 0.226213
vt 0.237464 0.603290
vt 0.240301 0.603364
vt 0.379984 0.603724
vt 0.383836 0.603516
vt 0.798046 -0.220553
vt 0.657904 -0.220553
vt 0.805388 0.409167
vt 0.845750 0.408608
vt 0.918325 0.407746
vt 0.123259 0.409079
vt 0.232781 0.004108
vt 0.102625 0.408579
vt 0.110759 0.408874
vt 0.345742 0.625402
vt 0.405870 0.673260
vt 0.384716 0.001907
vt 0.524858 0.001907
vt 0.524372 0.618870
vt 0.237464 0.409132
vt 0.251937 0.409177
vt 0.248004 0.354487
vt 0.806386 0.595421
vt 0.905246 0.502609
vt 0.805388 0.595270
vt 0.110316 0.360788
vt 0.112075 0.402531
vt 0.148663 0.402510
vt 0.232781 0.401608
vt 0.102625 0.504218
vt 0.105834 0.504380
vt 0.102625 -0.019161
vt 0.262561 0.391993
vt 0.237464 -0.020446
vt 0.383836 -0.020446
vt 0.237464 0.400728
vt 0.262822 0.400145
vt 0.524725 0.595572
vt 0.524858 0.595574
vt 0.384716 -0.021411
vt 0.524858 -0.021411
vt 0.652491 0.595656
vt 0.652606 0.595658
vt 0.652855 0.595655
vt 0.655117 0.595577
vt 0.523770 0.595675
vt 0.798046 0.596042
vt 0.657904 0.595810
vt 0.662580 0.595495
vt 0.797809 0.496957
vt 0.798046 0.496969
vt 0.657904 -0.022636
vt 0.798046 -0.022636
vt 0.123852 0.531496
vt 0.230964 0.521076
vt 0.230551 0.619785
vt 0.102625 0.532902
vt 0.123260 0.531546
vt 0.790596 0.603752
vt 0.798046 0.000779
vt 0.796957 0.538101
vt 0.798046 0.538552
vt 0.657904 0.000760
vt 0.665926 0.581027
vt 0.912280 0.411240
vt 0.910991 0.512541
vt 0.911504 0.512602
vt 0.918325 0.513849
vt 0.805388 0.600521
vt 0.805550 0.600538
vt 0.805388 -0.012495
vt 0.805388 -0.012686
vt 0.807122 0.398116
vt 0.840584 0.401900
vt 0.653157 0.601647
vt 0.655117 0.601653
vt 0.523770 0.601752
vt 0.652749 0.601639
vt 0.655117 -0.016729
vt 0.655117 -0.016697
vt 0.655117 -0.016618
vt 0.661357 0.601930
vt 0.102625 0.004108
vt 0.232781 0.004130
vt 0.232781 0.004300
vt 0.229207 0.619785
vt 0.102625 0.415736
vt 0.132386 0.415881
vt 0.384716 0.002017
vt 0.384716 0.001907
vt 0.517709 0.414292
vt 0.524858 0.414391
vt 0.385140 0.618870
vt 0.390888 0.000586
vt 0.522234 0.000586
vt 0.493431 0.414061
vt 0.390888 0.414058
vt 0.805388 0.597988
vt 0.806265 0.597988
vt 0.918325 0.597988
vt 0.439060 0.788224
vt 0.435221 0.789269
vt 0.433388 0.692050
vt 0.450747 0.700571
vt 0.523459 0.598440
vt 0.524858 0.598440
vt 0.392057 0.618870
vt 0.384716 0.206382
vt 0.453279 0.421716
vt 0.456385 0.421716
vt 0.655117 0.598548
vt 0.523770 0.598548
vt 0.650484 0.598548
vt 0.248741 0.765074
vt 0.249455 0.764813
vt 0.261569 0.687374
vt 0.258829 0.686359
vt 0.655116 0.226029
vt 0.523770 0.226029
vt 0.805388 0.613266
vt 0.806945 0.613256
vt 0.918325 0.612934
vt 0.426091 0.699064
vt 0.290747 0.793517
vt 0.275291 0.782714
vt 0.272913 0.781441
vt 0.255920 0.699489
vt 0.261313 0.701641
vt 0.264546 0.699812
vt 0.291007 0.682252
vt 0.317500 0.663137
vt 0.346976 0.644333
vt 0.347374 0.626254
vt 0.347818 0.626610
vt 0.346943 0.645507
vt 0.401939 0.683950
vt 0.237464 0.104968
vt 0.383836 0.104968
vt 0.377169 0.619115
vt 0.237464 0.510725
vt 0.243609 0.511077
vt 0.244047 0.478474
vt 0.805388 0.518846
vt 0.918325 0.521372
vt 0.805388 0.106214
vt 0.918325 0.106214
vt 0.381203 0.619115
vt 0.408322 0.548108
vt 0.459027 0.618870
vt 0.798046 0.103236
vt 0.797049 0.519036
vt 0.798046 0.519032
vt 0.658772 0.619262
vt 0.658602 0.519608
vt 0.686475 0.519549
vt 0.797049 0.519036
vt 0.657904 0.519609
vt 0.257461 0.689966
vt 0.364106 0.639700
vt 0.332874 0.656493
vt 0.263684 0.692013
vt 0.263743 0.691617
vt 0.254199 0.768769
vt 0.261305 0.707377
vt 0.805768 0.597988
vt 0.365493 0.640814
vt 0.278316 0.692767
vt 0.259940 0.685580
vt 0.520568 0.613584
vt 0.525768 0.222343
vt 0.395612 0.222343
vt 0.383836 0.227497
vt 0.237464 0.227497
vt 0.548443 0.948503
vt 0.548187 0.948638
vt 0.549480 0.859556
vt 0.552292 0.861137
vt 0.549480 0.859556
vt 0.552292 0.861137
vt 0.630224 0.811423
vt 0.528726 0.619026
vt 0.523770 0.226105
vt 0.523772 0.226250
vt 0.119964 0.861104
vt 0.119525 0.851853
vt 0.199088 0.802931
vt 0.198161 0.812080
vt 0.139797 0.849185
vt 0.124532 0.858528
vt 0.207013 0.798058
vt 0.280244 0.849676
vt 0.261096 0.946074
vt 0.176898 0.979051
vt 0.123225 0.929698
vt 0.524858 0.001907
vt 0.512163 0.618870
vt 0.523770 0.000586
vt 0.791259 0.525958
vt 0.798046 0.524286
vt 0.657904 0.000740
vt 0.660718 0.529947
vt 0.102625 0.106132
vt 0.232781 0.106132
vt 0.227524 0.619785
vt 0.548215 0.948660
vt 0.548612 0.870681
vt 0.524858 0.104144
vt 0.384716 0.104144
vt 0.237464 0.104968
vt 0.383836 0.104968
vt 0.237464 0.517793
vt 0.248260 0.518198
vt 0.524858 0.104144
vt 0.384716 0.104144
vt 0.653688 0.521276
vt 0.655117 0.521355
vt 0.523770 0.103068
vt 0.655117 0.103068
vt 0.646803 0.520432
vt 0.226327 0.619785
vt 0.226637 0.597573
vt 0.232781 0.597621
vt 0.109872 0.596150
vt 0.105801 0.596048
vt 0.106370 0.596038
vt 0.107821 0.596149
vt 0.232781 0.208157
vt 0.261578 0.691600
vt 0.655117 0.205550
vt 0.523770 0.205550
vt 0.798046 0.205732
vt 0.657904 0.205732
vt 0.824081 0.539395
vt 0.903183 0.535945
vt 0.916979 0.618004
vt 0.917771 0.617871
vt 0.918325 0.617823
vt 0.102625 0.547258
vt 0.106429 0.547146
vt 0.232781 0.541256
vt 0.232781 0.106132
vt 0.574058 0.439465
vt 0.603877 0.397008
vt 0.639836 0.514401
vt 0.645081 0.514754
vt 0.655117 0.515269
vt 0.792411 0.534439
vt 0.798046 0.534168
vt 0.657904 0.515492
vt 0.666878 0.515739
vt 0.791317 0.517189
vt 0.427191 0.499130
vt 0.481410 0.493877
vt 0.663909 0.619262
vt 0.663424 0.605041
vt 0.727541 0.429727
vt 0.732912 0.424498
vt 0.232781 0.233370
vt 0.102625 0.233370
vt 0.530874 0.619026
vt 0.530623 0.597669
vt 0.523770 0.230877
vt 0.554290 0.524590
vt 0.639884 0.583282
vt 0.655117 0.230877
vt 0.657904 0.231062
vt 0.798046 0.231062
vt 0.659100 0.619262
vt 0.525768 0.182644
vt 0.395612 0.182644
vt 0.383836 0.187760
vt 0.237464 0.187760
vt 0.524858 0.187106
vt 0.384716 0.187029
vt 0.449729 0.419626
vt 0.459650 0.413665
vt 0.524858 0.187029
vt 0.917379 0.618313
vt 0.805388 0.190420
vt 0.916988 0.190420
vt 0.917009 0.195814
vt 0.346759 0.625760
vt 0.104756 0.607350
vt 0.229544 0.606772
vt 0.232781 0.190594
vt 0.104877 0.619785
vt 0.326971 0.817113
vt 0.326204 0.817525
vt 0.260006 0.685534
vt 0.338104 0.644753
vt 0.353010 0.635370
vt 0.352998 0.630773
vt 0.425379 0.688936
vt 0.425346 0.688949
vt 0.425004 0.690350
vt 0.423732 0.695403
vt 0.408014 0.766270
vt 0.408116 0.767526
vt 0.329902 0.815186
vt 0.327273 0.816946
vt 0.534924 0.619026
vt 0.523770 0.187909
vt 0.655117 0.187909
vt 0.651085 0.619026
vt 0.798046 0.176914
vt 0.657904 0.176914
vt 0.227269 0.619785
vt 0.102625 0.208157
vt 0.231240 0.208157
vt 0.227573 0.565334
vt 0.386375 0.206382
vt 0.523403 0.618870
vt 0.384716 0.548353
vt 0.385329 0.488702
vt 0.525768 0.173271
vt 0.395612 0.173271
vt 0.385361 0.611426
vt 0.386649 0.611550
vt 0.387155 0.611590
vt 0.391765 0.612029
vt 0.524858 0.613030
vt 0.384716 0.598838
vt 0.385365 0.598834
vt 0.102625 0.167653
vt 0.232781 0.167653
vt 0.232781 0.167670
vt 0.237464 0.166567
vt 0.383836 0.166567
vt 0.518425 0.578281
vt 0.524858 0.578281
vt 0.384716 0.165811
vt 0.384716 0.165794
vt 0.524858 0.165794
vt 0.647798 0.578341
vt 0.655116 0.164865
vt 0.523770 0.578341
vt 0.916987 0.207930
vt 0.916987 0.618313
vt 0.805388 0.207946
vt 0.246619 0.763637
vt 0.265519 0.681667
vt 0.273452 0.684879
vt 0.657904 0.205752
vt 0.798046 0.205752
vt 0.657904 0.205804
vt 0.913101 0.618313
vt 0.263455 0.683115
vt 0.268206 0.685043
vt 0.351070 0.629223
vt 0.331459 0.816191
vt 0.254150 0.764374
vt 0.249921 0.765873
vt 0.246695 0.763689
vt 0.247733 0.763328
vt 0.259939 0.686577
vt 0.259028 0.686219
vt 0.654638 0.591696
vt 0.655117 0.556282
vt 0.531830 0.619026
vt 0.531578 0.591704
vt 0.657904 0.543034
vt 0.657904 0.556510
vt 0.658003 0.549640
vt 0.352113 0.630062
vt 0.253155 0.768063
vt 0.260669 0.765343
vt 0.272792 0.683872
vt 0.272113 0.683524
vt 0.653578 0.609750
vt 0.655117 0.609750
vt 0.533505 0.619026
vt 0.528339 0.196274
vt 0.655117 0.196274
vt 0.798046 0.609985
vt 0.657904 0.609985
vt 0.815689 0.522825
vt 0.916441 0.522603
vt 0.916321 0.618313
vt 0.805388 0.532177
vt 0.814700 0.532061
vt 0.805388 0.112760
vt 0.657904 0.409741
vt 0.657904 0.109833
vt 0.798046 0.109833
vt 0.798046 0.532465
vt 0.657904 0.532097
vt 0.657904 0.443997
vt 0.658174 0.425975
vt 0.798046 0.598756
vt 0.657904 0.220107
vt 0.658550 0.598535
vt 0.661794 0.598618
vt 0.261828 0.686226
vt 0.262118 0.684053
vt 0.329171 0.815880
vt 0.384716 0.241285
vt 0.524858 0.241285
vt 0.391356 0.618870
vt 0.384720 0.241464
vt 0.329510 0.815372
vt 0.250109 0.762077
vt 0.386376 0.223714
vt 0.524858 0.223714
vt 0.390991 0.618870
vt 0.384716 0.223714
vt 0.798046 0.223157
vt 0.795282 0.619262
vt 0.657904 0.223108
vt 0.798046 0.223108
vt 0.239933 0.619115
vt 0.237464 0.207137
vt 0.121932 0.927154
vt 0.118294 0.850622
vt 0.205783 0.796827
vt 0.279014 0.848445
vt 0.259933 0.944502
vt 0.188157 0.972653
vt 0.188263 0.972200
vt 0.130648 0.922400
vt 0.798046 0.205955
vt 0.797549 0.619262
vt 0.910825 0.618313
vt 0.805388 0.604181
vt 0.237983 0.619115
vt 0.237464 0.207248
vt 0.245692 0.762710
vt 0.333131 0.815192
vt 0.251477 0.760829
vt 0.524858 0.604710
vt 0.520879 0.604710
vt 0.523770 0.604833
vt 0.655117 0.604842
vt 0.657904 0.605077
vt 0.660197 0.605094
vt 0.245649 0.762980
vt 0.260429 0.686498
vt 0.247016 0.762533
vt 0.388922 0.618870
vt 0.384716 0.220542
vt 0.524858 0.220542
vt 0.524851 0.220905
vt 0.518429 0.598326
vt 0.524858 0.598415
vt 0.523770 0.219744
vt 0.652743 0.599790
vt 0.798046 0.601810
vt 0.657904 0.600166
vt 0.660344 0.600086
vt 0.664765 0.600159
vt 0.667742 0.600232
vt 0.918325 0.242680
vt 0.914931 0.618313
vt 0.805388 0.242655
vt 0.918325 0.242655
vt 0.232781 0.243496
vt 0.232274 0.619785
vt 0.102625 0.243012
vt 0.158082 0.462193
vt 0.177765 0.475894
vt 0.232781 0.243072
vt 0.655117 0.240537
vt 0.523770 0.240537
vt 0.231246 0.619766
vt 0.194907 0.619785
vt 0.102625 0.106132
vt 0.231240 0.106132
vt 0.231118 0.141989
vt 0.231214 0.144439
vt 0.380890 0.499517
vt 0.383836 0.499537
vt 0.237464 0.182872
vt 0.262370 0.183179
vt 0.362322 0.183310
vt 0.381613 0.182938
vt 0.383545 0.144860
vt 0.451531 0.998700
vt 0.450031 0.997684
vt 0.398987 0.959455
vt 0.410219 0.969049
vt 0.505656 0.516344
vt 0.524856 0.104191
vt 0.524858 0.516632
vt 0.523770 0.516544
vt 0.655117 0.516544
vt 0.798046 0.552722
vt 0.657904 0.516767
vt 0.658636 0.516767
vt 0.658701 0.552636
vt 0.907774 0.601684
vt 0.907327 0.618313
vt 0.805388 0.575919
vt 0.808545 0.575842
vt 0.808754 0.601735
vt 0.245653 0.762983
vt 0.266390 0.681056
vt 0.254493 0.760110
vt 0.335701 0.813656
vt 0.331980 0.811384
vt 0.398151 0.618870
vt 0.397021 0.583090
vt 0.516113 0.583090
vt 0.524853 0.170824
vt 0.384722 0.170824
vt 0.384716 0.170603
vt 0.524858 0.170603
vt 0.524858 0.170618
vt 0.524855 0.170760
vt 0.524858 0.583096
vt 0.523770 0.583167
vt 0.655111 0.583169
vt 0.655111 0.575766
vt 0.655117 0.575766
vt 0.523770 0.169701
vt 0.655116 0.169698
vt 0.655115 0.233362
vt 0.655111 0.575766
vt 0.657904 0.575996
vt 0.798046 0.613800
vt 0.657904 0.612694
vt 0.661350 0.612783
vt 0.657904 0.213134
vt 0.798046 0.213134
vt 0.917948 0.618313
vt 0.805388 0.222018
vt 0.918325 0.222018
vt 0.110085 0.597801
vt 0.218803 0.619785
vt 0.102625 0.222287
vt 0.232781 0.222287
vt 0.232775 0.222305
vt 0.102630 0.222304
vt 0.820652 0.535673
vt 0.805389 0.106262
vt 0.805402 0.106273
vt 0.916987 0.106273
vt 0.916993 0.565088
vt 0.815034 0.565648
vt 0.814356 0.536010
vt 0.103754 0.533698
vt 0.149532 0.438570
vt 0.182468 0.432304
vt 0.196321 0.619785
vt 0.102638 0.619735
vt 0.102625 0.619735
vt 0.102625 0.566392
vt 0.103861 0.566362
vt 0.378791 0.619000
vt 0.382331 0.619115
vt 0.265122 0.619115
vt 0.386373 0.618870
vt 0.386376 0.104144
vt 0.524858 0.104144
vt 0.511551 0.552384
vt 0.524858 0.552497
vt 0.654297 0.552927
vt 0.647997 0.552780
vt 0.523770 0.552495
vt 0.523770 0.103068
vt 0.655117 0.103213
vt 0.654097 0.536134
vt 0.654329 0.536144
vt 0.040448 0.797213
vt 0.048000 0.729456
vt 0.048105 0.729534
vt 0.044231 0.796184
vt 0.518112 0.592727
vt 0.524858 0.592856
vt 0.401797 0.618870
vt 0.384722 0.187579
vt 0.384828 0.187798
vt 0.524858 0.187434
vt 0.654637 0.594469
vt 0.655117 0.594473
vt 0.524008 0.619026
vt 0.523992 0.592952
vt 0.642067 0.593271
vt 0.651278 0.593044
vt 0.654590 0.592864
vt 0.654593 0.590843
vt 0.660679 0.594838
vt 0.666030 0.594994
vt 0.884846 0.510883
vt 0.918323 0.213877
vt 0.914357 0.618313
vt 0.805388 0.213662
vt 0.805388 0.213735
vt 0.848902 0.465772
vt 0.040674 0.797388
vt 0.049251 0.730549
vt 0.048940 0.733159
vt 0.048741 0.735249
vt 0.043299 0.796657
vt 0.042693 0.796823
vt 0.384716 0.212144
vt 0.385711 0.616211
vt 0.391167 0.615239
vt 0.391273 0.618870
vt 0.515694 0.592894
vt 0.524858 0.212156
vt 0.524768 0.612110
vt 0.524858 0.612114
vt 0.805388 0.198705
vt 0.918325 0.198705
vt 0.918325 0.198789
vt 0.918315 0.198742
vt 0.805398 0.198742
vt 0.805388 0.198790
vt 0.807091 0.609311
vt 0.918325 0.609642
vt 0.383836 0.197828
vt 0.237464 0.612675
vt 0.238672 0.612733
vt 0.237464 0.197993
vt 0.237464 0.197828
vt 0.916980 0.591561
vt 0.809675 0.590420
vt 0.805388 0.159340
vt 0.916987 0.159351
vt 0.805388 0.590149
vt 0.916971 0.618313
vt 0.523770 0.589178
vt 0.040937 0.797592
vt 0.043586 0.796814
vt 0.048791 0.736040
vt 0.048959 0.733907
vt 0.049449 0.729528
vt 0.048942 0.729112
vt 0.524858 0.595301
vt 0.390698 0.618870
vt 0.390643 0.615189
vt 0.523663 0.615266
vt 0.523664 0.595333
vt 0.653908 0.601254
vt 0.655117 0.601146
vt 0.523770 0.595401
vt 0.530955 0.595492
vt 0.644642 0.595856
vt 0.653581 0.595752
vt 0.655116 0.186775
vt 0.798046 0.601041
vt 0.657904 0.601380
vt 0.659117 0.601407
vt 0.663863 0.601379
vt 0.102625 0.208157
vt 0.232781 0.208157
vt 0.231516 0.619785
vt 0.210113 0.619785
vt 0.425546 0.505654
vt 0.470607 0.460554
vt 0.524858 0.206455
vt 0.388437 0.618870
vt 0.384718 0.206598
vt 0.807869 0.606005
vt 0.805388 0.207940
vt 0.805396 0.207965
vt 0.805388 0.606128
vt 0.456947 0.820248
vt 0.395670 0.866556
vt 0.395971 0.866744
vt 0.794690 0.603624
vt 0.795742 0.603666
vt 0.665002 0.616097
vt 0.664395 0.202706
vt 0.795741 0.202621
vt 0.798046 0.606983
vt 0.657904 0.606831
vt 0.662254 0.606860
vt 0.246428 0.763508
vt 0.260122 0.685453
vt 0.260721 0.685728
vt 0.260383 0.688417
vt 0.248346 0.762862
vt 0.278710 0.785367
vt 0.333488 0.814978
vt 0.388180 0.618870
vt 0.384716 0.218838
vt 0.805388 0.599832
vt 0.808446 0.599882
vt 0.918325 0.599945
vt 0.103427 0.402319
vt 0.132723 0.523617
vt 0.206461 0.522017
vt 0.228052 0.425375
vt 0.225277 0.619785
vt 0.102625 0.601361
vt 0.104184 0.601436
vt 0.260372 0.685277
vt 0.524858 0.187434
vt 0.388578 0.618870
vt 0.388480 0.608431
vt 0.386362 0.193931
vt 0.386376 0.187446
vt 0.806326 0.612058
vt 0.918325 0.612067
vt 0.426198 0.698581
vt 0.427518 0.692635
vt 0.427024 0.692791
vt 0.671616 0.619262
vt 0.662605 0.606267
vt 0.372828 0.594038
vt 0.383836 0.594264
vt 0.237464 0.176958
vt 0.383836 0.176958
vt 0.382243 0.581031
vt 0.524848 0.176252
vt 0.524858 0.176226
vt 0.384716 0.593991
vt 0.385450 0.594023
vt 0.385036 0.585277
vt 0.384716 0.176216
vt 0.805388 0.220323
vt 0.918325 0.220323
vt 0.915775 0.618313
vt 0.722189 0.955439
vt 0.721497 0.954933
vt 0.721538 0.952257
vt 0.729814 0.886188
vt 0.730630 0.880173
vt 0.731218 0.871798
vt 0.728383 0.870909
vt 0.783349 0.997476
vt 0.780319 0.995611
vt 0.723188 0.954797
vt 0.384716 0.218838
vt 0.524858 0.218838
vt 0.394626 0.618870
vt 0.655117 0.218037
vt 0.523770 0.218037
vt 0.237464 0.207090
vt 0.383746 0.618969
vt 0.916042 0.618313
vt 0.805388 0.612000
vt 0.806233 0.612013
vt 0.918325 0.207930
vt 0.523771 0.619026
vt 0.523770 0.619025
vt 0.655116 0.205550
vt 0.654415 0.612763
vt 0.655117 0.612733
vt 0.798046 0.612900
vt 0.657904 0.612968
vt 0.658052 0.612970
vt 0.660097 0.612956
vt 0.523770 0.212082
vt 0.655117 0.212083
vt 0.655116 0.212125
vt 0.596756 0.619026
vt 0.561418 0.507921
vt 0.914806 0.618313
vt 0.810646 0.591121
vt 0.915059 0.591228
vt 0.161351 0.619785
vt 0.383836 0.207145
vt 0.380979 0.619115
vt 0.238576 0.613897
vt 0.239366 0.613899
vt 0.244934 0.613886
vt 0.368612 0.571832
vt 0.428642 0.618870
vt 0.384716 0.206437
vt 0.414048 0.544599
vt 0.523770 0.205550
vt 0.653346 0.606523
vt 0.647334 0.606476
vt 0.523770 0.607064
vt 0.805388 0.590978
vt 0.805668 0.614143
vt 0.918325 0.611699
vt 0.805388 0.583989
vt 0.805555 0.564998
vt 0.810169 0.564910
vt 0.807588 0.325488
vt 0.809316 0.106214
vt 0.918325 0.106214
vt 0.102625 0.613151
vt 0.104382 0.613155
vt 0.107897 0.613158
vt 0.107153 0.106132
vt 0.231240 0.106132
vt 0.231244 0.619754
vt 0.232781 0.619677
vt 0.258847 0.693660
vt 0.247048 0.763477
vt 0.641159 0.523807
vt 0.634654 0.523464
vt 0.550827 0.520110
vt 0.523770 0.519130
vt 0.523770 0.103068
vt 0.655116 0.103068
vt 0.814458 0.581590
vt 0.916547 0.581444
vt 0.915982 0.618313
vt 0.805388 0.593840
vt 0.808823 0.593733
vt 0.805388 0.162052
vt 0.809316 0.162052
vt 0.918325 0.581442
vt 0.917857 0.493934
vt 0.918325 0.162052
vt 0.918325 0.476030
vt 0.377078 0.619115
vt 0.383836 0.161029
vt 0.257376 0.690489
vt 0.328576 0.816937
vt 0.254723 0.765010
vt 0.256963 0.698485
vt 0.258220 0.690871
vt 0.524858 0.160269
vt 0.384716 0.160269
vt 0.653376 0.598301
vt 0.655117 0.598279
vt 0.523770 0.159327
vt 0.655116 0.159327
vt 0.594209 0.403998
vt 0.576742 0.575307
vt 0.645216 0.573720
vt 0.651661 0.593965
vt 0.651573 0.598261
vt 0.649623 0.573681
vt 0.798046 0.594601
vt 0.657904 0.598512
vt 0.664252 0.598342
vt 0.805388 0.569986
vt 0.812429 0.569894
vt 0.812658 0.597013
vt 0.918325 0.597013
vt 0.809316 0.186629
vt 0.918325 0.186629
vt 0.813020 0.569887
vt 0.812025 0.521364
vt 0.229367 0.619785
vt 0.102625 0.598420
vt 0.110564 0.598420
vt 0.107153 0.186791
vt 0.232781 0.186792
vt 0.383836 0.185704
vt 0.237464 0.185704
vt 0.547296 0.947972
vt 0.549459 0.946831
vt 0.552386 0.864167
vt 0.552315 0.860114
vt 0.551131 0.859703
vt 0.549926 0.859265
vt 0.524858 0.601482
vt 0.386302 0.618870
vt 0.386304 0.614617
vt 0.384716 0.184972
vt 0.524858 0.184972
vt 0.475998 0.455779
vt 0.452859 0.597874
vt 0.651961 0.597693
vt 0.652170 0.570395
vt 0.655117 0.570319
vt 0.523770 0.601597
vt 0.526227 0.601508
vt 0.523770 0.184089
vt 0.595042 0.601863
vt 0.650017 0.597771
vt 0.798046 0.570565
vt 0.657904 0.570549
vt 0.659108 0.570568
vt 0.674102 0.570614
vt 0.917730 0.618313
vt 0.805388 0.235056
vt 0.918325 0.235056
vt 0.918325 0.576347
vt 0.918161 0.583164
vt 0.102805 0.571115
vt 0.102625 0.577691
vt 0.102625 0.235365
vt 0.232781 0.235365
vt 0.225956 0.571115
vt 0.348720 0.627335
vt 0.266822 0.683501
vt 0.264331 0.682500
vt 0.250601 0.766333
vt 0.251077 0.766156
vt 0.328058 0.818224
vt 0.256770 0.764140
vt 0.267431 0.694144
vt 0.268572 0.684996
vt 0.268666 0.684210
vt 0.668684 0.616097
vt 0.664395 0.229951
vt 0.795742 0.229951
vt 0.107314 0.599462
vt 0.119410 0.546578
vt 0.207463 0.484074
vt 0.207356 0.133824
vt 0.232781 0.004108
vt 0.231521 0.619785
vt 0.107056 0.619785
vt 0.805388 -0.023457
vt 0.809316 -0.023457
vt 0.808725 0.565532
vt 0.809443 0.591712
vt 0.810304 0.591705
vt 0.918118 0.590434
vt 0.918325 0.590453
vt 0.356866 0.544124
vt 0.383836 -0.025222
vt 0.383752 0.619115
vt 0.237464 -0.025222
vt 0.265810 0.498175
vt 0.653822 0.591824
vt 0.654704 0.591840
vt 0.655117 0.591832
vt 0.523770 0.591254
vt 0.652284 0.591918
vt 0.653396 0.591856
vt 0.661230 0.591844
vt 0.664266 0.591995
vt 0.797835 0.592705
vt 0.798046 -0.027429
vt 0.657904 0.592065
vt 0.107153 -0.071648
vt 0.232781 -0.071648
vt 0.232317 0.619785
vt 0.102625 0.542272
vt 0.104233 0.542326
vt 0.112401 0.541953
vt 0.046172 0.730197
vt 0.040280 0.797082
vt 0.040539 0.797012
vt 0.045155 0.741244
vt 0.045998 0.732090
vt 0.046343 0.730352
vt 0.798046 -0.075365
vt 0.657904 0.573470
vt 0.659214 0.573525
vt 0.667299 0.573510
vt 0.797540 0.573396
vt 0.107153 -0.119270
vt 0.232781 -0.119270
vt 0.102625 0.619603
vt 0.107150 0.619732
vt 0.523488 0.597145
vt 0.524858 0.597125
vt 0.384738 0.618870
vt 0.384716 -0.121729
vt 0.393250 0.576958
vt 0.515215 0.596916
vt 0.524858 -0.121729
vt 0.653428 0.596405
vt 0.654837 0.596341
vt 0.655117 0.596354
vt 0.523997 0.619026
vt 0.523995 0.597227
vt 0.527931 0.597185
vt 0.798046 0.597384
vt 0.657904 0.596588
vt 0.659286 0.596619
vt 0.662511 0.596497
vt 0.664475 0.596415
vt 0.106172 0.848153
vt 0.110905 0.706471
vt 0.107745 0.849372
vt 0.108201 0.849438
vt 0.108858 0.849160
vt 0.172717 0.806783
vt 0.170584 0.805950
vt 0.110595 0.845656
vt 0.107226 0.847660
vt 0.523770 0.619023
vt 0.523770 -0.156168
vt 0.655117 -0.156173
vt 0.654903 0.587072
vt 0.654906 0.587072
vt 0.655117 0.587060
vt 0.328649 0.816782
vt 0.405292 0.769419
vt 0.326769 0.815667
vt 0.805388 -0.198934
vt 0.809316 -0.198934
vt 0.808781 0.618313
vt 0.412605 0.772502
vt 0.429964 0.696626
vt 0.430817 0.695503
vt 0.430929 0.694661
vt 0.430929 0.694655
vt 0.429986 0.694271
vt 0.597479 0.789312
vt 0.594478 0.787704
vt 0.594403 0.787662
vt 0.522762 0.833127
vt 0.556659 0.815403
vt 0.658570 0.593931
vt 0.662158 0.593935
vt 0.702603 0.594046
vt 0.666834 0.566109
vt 0.805388 0.004498
vt 0.918325 0.004498
vt 0.917551 0.618313
vt 0.523770 0.000586
vt 0.005003 0.957404
vt 0.654328 0.592250
vt 0.655045 0.592137
vt 0.655117 0.592127
vt 0.523770 0.591611
vt 0.529223 0.591674
vt 0.653327 0.592283
vt 0.654063 0.592263
vt 0.798046 0.591486
vt 0.657904 0.592359
vt 0.660160 0.592453
vt 0.663852 0.592420
vt 0.657904 -0.027429
vt 0.918325 -0.071028
vt 0.805388 0.571702
vt 0.806592 0.571725
vt 0.805388 -0.070965
vt 0.259468 0.685911
vt 0.329457 0.817388
vt 0.328603 0.816885
vt 0.249481 0.764375
vt 0.246908 0.762837
vt 0.247349 0.762690
vt 0.258478 0.691656
vt 0.798046 0.593225
vt 0.657904 0.592900
vt 0.658602 0.592923
vt 0.663177 0.592929
vt 0.383836 0.568811
vt 0.267494 0.467100
vt 0.337981 0.411174
vt 0.383344 0.568832
vt 0.524858 0.567972
vt 0.384716 0.568510
vt 0.385465 0.568471
vt 0.394063 0.568408
vt 0.715261 0.314735
vt 0.745436 0.304078
vt 0.798046 0.565219
vt 0.668241 0.565509
vt 0.658271 0.565536
vt 0.918325 -0.198934
vt 0.805388 -0.198934
vt 0.102625 -0.199941
vt 0.109116 0.579035
vt 0.208744 0.450627
vt 0.232781 -0.199941
vt 0.655117 0.525459
vt 0.544141 0.500568
vt 0.569734 0.527260
vt 0.703128 0.365763
vt 0.770344 0.421508
vt 0.657904 0.525683
vt 0.658493 0.525700
vt 0.805388 -0.198933
vt 0.822424 0.500935
vt 0.912957 0.555735
vt 0.918325 -0.198933
vt 0.232781 -0.199941
vt 0.102625 -0.199941
vt 0.655117 -0.204379
vt 0.523770 -0.204379
vt 0.805388 -0.198934
vt 0.916988 -0.198934
vt 0.916973 0.618313
vt 0.412969 0.772771
vt 0.511449 0.844301
vt 0.509058 0.842649
vt 0.414233 0.772516
vt 0.524776 0.513298
vt 0.524858 -0.202568
vt 0.384716 0.516994
vt 0.389139 0.516755
vt 0.402575 0.516425
vt 0.913185 0.520981
vt 0.911947 0.618313
vt 0.805388 0.541660
vt 0.812773 0.542221
vt 0.810035 0.345311
vt 0.813763 0.523896
vt 0.523770 0.569072
vt 0.536632 0.569515
vt 0.647287 0.572796
vt 0.650226 0.572801
vt 0.650423 0.545416
vt 0.655117 0.545184
vt 0.400470 0.618870
vt 0.384716 0.068372
vt 0.433878 0.463954
vt 0.473622 0.424144
vt 0.524858 0.068372
vt 0.524858 0.068514
vt 0.524237 0.586395
vt 0.524858 0.586541
vt 0.798046 0.584967
vt 0.657904 0.585000
vt 0.667030 0.585017
vt 0.814510 0.549342
vt 0.918325 0.004498
vt 0.917851 0.618313
vt 0.805388 0.548226
vt 0.232781 0.004108
vt 0.232249 0.619785
vt 0.107532 0.596762
vt 0.218645 0.581739
vt 0.805388 -0.023457
vt 0.918325 -0.023457
vt 0.918325 -0.023396
vt 0.918325 -0.023351
vt 0.916658 0.618313
vt 0.805388 0.591103
vt 0.806551 0.591126
vt 0.390885 0.618870
vt 0.384749 -0.022594
vt 0.384716 -0.026176
vt 0.384716 -0.026192
vt 0.524858 -0.026192
vt 0.521989 0.590782
vt 0.524858 0.590955
vt 0.523770 0.591045
vt 0.529434 0.591095
vt 0.652069 0.591876
vt 0.654108 0.591827
vt 0.654828 0.591837
vt 0.655117 0.591821
vt 0.657904 0.592054
vt 0.658558 0.592011
vt 0.660929 0.592099
vt 0.664166 0.592097
vt 0.798046 0.591844
vt 0.805388 0.544939
vt 0.806744 0.544896
vt 0.806836 0.592222
vt 0.918325 0.592152
vt 0.655117 -0.098290
vt 0.655103 0.544725
vt 0.655117 0.544725
vt 0.523770 0.518630
vt 0.639553 0.517161
vt 0.651120 0.516591
vt 0.655098 0.516563
vt 0.655117 -0.099568
vt 0.798046 0.545325
vt 0.657904 0.544952
vt 0.660855 0.545087
vt 0.238649 0.619115
vt 0.870953 0.941708
vt 0.870263 0.941444
vt 0.786400 0.994190
vt 0.780937 0.997532
vt 0.780504 0.997802
vt 0.780447 0.998107
vt 0.778787 0.996891
vt 0.778836 0.996509
vt 0.738792 0.967600
vt 0.796912 0.619262
vt 0.232781 -0.199941
vt 0.653463 0.619026
vt 0.653562 0.619024
vt 0.653561 0.565397
vt 0.655117 0.565430
vt 0.900277 0.618313
vt 0.805388 0.106214
vt 0.844391 0.459398
vt 0.874828 0.500195
vt 0.918325 0.106214
vt 0.394105 0.956956
vt 0.459016 0.989027
vt 0.523785 0.103127
vt 0.655102 0.103128
vt 0.655101 0.618970
vt 0.523785 0.618970
vt 0.523770 0.595474
vt 0.528866 0.595491
vt 0.651217 0.595728
vt 0.654216 0.595644
vt 0.655117 0.595588
vt 0.384716 0.001907
vt 0.524858 0.001907
vt 0.384716 0.618870
vt 0.384716 0.599000
vt 0.389326 0.599040
vt 0.522924 0.599826
vt 0.524858 0.002070
vt 0.506726 0.533272
vt 0.399191 0.556537
vt 0.384716 0.002112
vt 0.655117 -0.101897
vt 0.523770 -0.101897
vt 0.384716 -0.100294
vt 0.384716 0.515954
vt 0.425964 0.518171
vt 0.523772 -0.101885
vt 0.558897 0.418368
vt 0.596119 0.273521
vt 0.655113 -0.101879
vt 0.380908 0.520088
vt 0.383836 0.121212
vt 0.237464 0.517139
vt 0.259559 0.517612
vt 0.377360 0.520134
vt 0.247817 0.763209
vt 0.246556 0.763594
vt 0.296394 0.797340
vt 0.321805 0.813443
vt 0.426884 0.690735
vt 0.425290 0.693350
vt 0.426883 0.690736
vt 0.523191 0.618870
vt 0.396263 0.618870
vt 0.393878 0.517333
vt 0.506814 0.516815
vt 0.523220 0.142529
vt 0.805388 0.029143
vt 0.918325 0.029143
vt 0.918325 0.029181
vt 0.918323 0.029693
vt 0.916599 0.618313
vt 0.805388 0.542791
vt 0.815111 0.542731
vt 0.805388 -0.021075
vt 0.918325 -0.021075
vt 0.805388 0.570621
vt 0.809781 0.570361
vt 0.380725 0.493096
vt 0.383836 0.492954
vt 0.237464 -0.022831
vt 0.383836 -0.022831
vt 0.523770 0.419212
vt 0.646573 0.420290
vt 0.655117 0.420673
vt 0.664073 0.421104
vt 0.657904 -0.025029
vt 0.798046 -0.025029
vt 0.798046 0.571204
vt 0.671913 0.572118
vt 0.663006 0.571922
vt 0.659814 0.571904
vt 0.659305 0.420933
vt 0.657904 0.420883
vt 0.476577 0.404396
vt 0.237745 0.619115
vt 0.237766 0.617930
vt 0.246770 0.582558
vt 0.350427 0.504541
vt 0.654961 0.599693
vt 0.655117 0.599703
vt 0.655117 0.596707
vt 0.805390 -0.013194
vt 0.816123 0.560334
vt 0.881653 0.463798
vt 0.918322 -0.013194
vt 0.918325 -0.013208
vt 0.805388 0.600001
vt 0.806469 0.600265
vt 0.806427 0.599086
vt 0.805388 -0.013208
vt 0.237464 -0.014932
vt 0.383836 -0.014932
vt 0.370026 0.515503
vt 0.372975 0.515795
vt 0.383836 0.516598
vt 0.524858 0.521963
vt 0.384716 0.516237
vt 0.394627 0.516882
vt 0.408949 0.517435
vt 0.384716 -0.015890
vt 0.524858 -0.015890
vt 0.655117 0.534274
vt 0.523770 0.535552
vt 0.541696 0.535401
vt 0.523770 0.000586
vt 0.655117 0.000586
vt 0.881044 0.618313
vt 0.918325 0.004509
vt 0.918325 0.004535
vt 0.373721 0.521272
vt 0.377253 0.521297
vt 0.377252 0.521329
vt 0.378252 0.521304
vt 0.379054 0.521310
vt 0.379055 0.521284
vt 0.383836 0.521164
vt 0.237464 0.521024
vt 0.357647 0.521429
vt 0.461683 0.992718
vt 0.461520 0.993660
vt 0.393712 0.956227
vt 0.395751 0.954733
vt 0.395836 0.951707
vt 0.405106 0.945026
vt 0.467851 0.988762
vt 0.467683 0.989732
vt 0.396899 0.865619
vt 0.541377 0.952460
vt 0.654007 0.601476
vt 0.653590 0.245553
vt 0.655117 0.283744
vt 0.523770 0.601338
vt 0.642913 0.601384
vt 0.651228 0.601501
vt 0.657904 0.283936
vt 0.676392 0.284304
vt 0.772233 0.284147
vt 0.796128 0.283833
vt 0.797935 0.244166
vt 0.796806 0.619262
vt 0.411208 0.766108
vt 0.342189 0.809778
vt 0.342450 0.806526
vt 0.264309 0.682516
vt 0.342525 0.805568
vt 0.337497 0.802490
vt 0.261936 0.753330
vt 0.253360 0.756155
vt 0.263915 0.685896
vt 0.394840 0.618870
vt 0.394217 0.593484
vt 0.520835 0.593434
vt 0.520836 0.593297
vt 0.520835 0.593434
vt 0.524858 0.593420
vt 0.524716 0.196150
vt 0.524858 0.181361
vt 0.653501 0.593638
vt 0.657904 0.180726
vt 0.657904 0.180616
vt 0.658897 0.593862
vt 0.793341 0.593810
vt 0.793030 0.619262
vt 0.657904 0.593853
vt 0.658896 0.593861
vt 0.700158 0.946638
vt 0.635030 0.982874
vt 0.545937 0.938037
vt 0.622214 0.989332
vt 0.622668 0.984480
vt 0.619193 0.982574
vt 0.601433 0.972242
vt 0.550128 0.940857
vt 0.624742 0.520276
vt 0.378673 0.599884
vt 0.383836 0.599959
vt 0.237464 0.083333
vt 0.300155 0.378097
vt 0.798046 0.081474
vt 0.787446 0.619262
vt 0.523770 0.535363
vt 0.546387 0.535342
vt 0.637341 0.535270
vt 0.655117 0.534633
vt 0.385022 0.618870
vt 0.385008 0.597100
vt 0.524850 0.597683
vt 0.524858 0.597684
vt 0.524858 0.516239
vt 0.384716 0.001907
vt 0.524858 0.001915
vt 0.524858 0.001920
vt 0.522316 0.516091
vt 0.523770 0.516150
vt 0.546102 0.516096
vt 0.642819 0.515921
vt 0.655117 0.516033
vt 0.666923 0.537429
vt 0.798046 0.535777
vt 0.657904 0.516255
vt 0.666543 0.515653
vt 0.805388 -0.097218
vt 0.377013 0.520109
vt 0.383836 -0.099278
vt 0.383835 -0.099252
vt 0.377013 0.520109
vt 0.383836 0.520106
vt 0.237464 0.520645
vt 0.374492 0.520144
vt 0.524858 0.522086
vt 0.384716 0.519750
vt 0.399801 0.519918
vt 0.404589 0.520024
vt 0.657904 -0.101683
vt 0.657904 -0.101755
vt 0.798046 -0.101755
vt 0.657904 0.557801
vt 0.660384 0.557818
vt 0.231243 0.619785
vt 0.231242 0.415342
vt 0.232781 0.415299
vt 0.383836 0.055669
vt 0.237464 0.414432
vt 0.287143 0.414395
vt 0.371644 0.414281
vt 0.246617 0.763636
vt 0.425051 0.688673
vt 0.424832 0.690280
vt 0.408647 0.764129
vt 0.336294 0.805494
vt 0.324075 0.811443
vt 0.323867 0.811533
vt 0.323634 0.814582
vt 0.247725 0.763295
vt 0.612587 0.992592
vt 0.384716 0.577680
vt 0.517139 0.578106
vt 0.653561 0.205550
vt 0.654533 0.601591
vt 0.655117 0.601590
vt 0.798046 0.601571
vt 0.657904 0.601823
vt 0.670949 0.601641
vt 0.260956 0.678591
vt 0.336678 0.634370
vt 0.350584 0.640404
vt 0.523770 0.577656
vt 0.639326 0.577599
vt 0.655117 0.577738
vt 0.918321 0.207942
vt 0.805390 0.207942
vt 0.828856 0.534759
vt 0.840140 0.618313
vt 0.918325 0.207936
vt 0.335409 0.808294
vt 0.246977 0.763879
vt 0.657921 0.619215
vt 0.657920 0.205782
vt 0.798030 0.205781
vt 0.798029 0.619216
vt 0.383836 0.514203
vt 0.369248 0.514070
vt 0.378100 0.514030
vt 0.395701 0.958154
vt 0.396544 0.958786
vt 0.395993 0.958318
vt 0.649151 0.525616
vt 0.655117 0.103071
vt 0.798046 0.524701
vt 0.657904 0.526359
vt 0.683962 0.526467
vt 0.261002 0.684835
vt 0.411525 0.764676
vt 0.349490 0.798402
vt 0.333012 0.809464
vt 0.331276 0.810613
vt 0.331309 0.810087
vt 0.320253 0.803075
vt 0.263137 0.765063
vt 0.248662 0.756778
vt 0.246480 0.757840
vt 0.246514 0.757627
vt 0.248662 0.756778
vt 0.259885 0.693063
vt 0.260246 0.690554
vt 0.260810 0.686475
vt 0.523770 0.598046
vt 0.530471 0.597952
vt 0.655117 0.597690
vt 0.386053 0.599414
vt 0.401067 0.555766
vt 0.655117 0.534999
vt 0.523770 0.537262
vt 0.798046 0.535588
vt 0.657904 0.535224
vt 0.668032 0.535404
vt 0.670515 0.535432
vt 0.677465 0.535662
vt 0.681977 0.535662
vt 0.805388 -0.033862
vt 0.918325 -0.033863
vt 0.805388 0.478090
vt 0.807836 0.477911
vt 0.378568 0.582049
vt 0.237464 -0.033239
vt 0.237464 -0.035669
vt 0.410594 0.768871
vt 0.337132 0.806683
vt 0.408527 0.767641
vt 0.524858 0.523639
vt 0.384716 0.517207
vt 0.402600 0.517374
vt 0.407001 0.517671
vt 0.578973 0.362462
vt 0.608343 0.316914
vt 0.653086 0.619026
vt 0.523770 0.523568
vt 0.531908 0.525079
vt 0.531337 0.511866
vt 0.217013 0.391118
vt 0.232781 0.390864
vt 0.102625 0.056874
vt 0.115096 0.058803
vt 0.221484 0.059010
vt 0.227933 0.057525
vt 0.524858 0.413181
vt 0.384716 0.413168
vt 0.433051 0.413304
vt 0.386375 0.001907
vt 0.384716 0.041362
vt 0.523770 0.412845
vt 0.262036 0.684110
vt 0.410968 0.767188
vt 0.331931 0.813935
vt 0.331928 0.813968
vt 0.331930 0.813935
vt 0.322275 0.807652
vt 0.250140 0.759570
vt 0.245968 0.761008
vt 0.245970 0.760994
vt 0.250140 0.759570
vt 0.384716 0.247094
vt 0.384716 0.247076
vt 0.524858 0.247076
vt 0.391226 0.618870
vt 0.657904 0.246530
vt 0.798046 0.246530
vt 0.794972 0.619262
vt 0.383827 0.207117
vt 0.383826 0.619089
vt 0.237478 0.619077
vt 0.237473 0.207116
vt 0.798046 0.577887
vt 0.657904 0.205732
vt 0.798046 0.205732
vt 0.798041 0.205748
vt 0.657904 0.205750
vt 0.662167 0.578264
vt 0.384735 0.206439
vt 0.524845 0.206420
vt 0.524845 0.618833
vt 0.384729 0.618833
vt 0.657913 0.619237
vt 0.657913 0.205759
vt 0.798038 0.205758
vt 0.798033 0.619225
vt 0.411920 0.762900
vt 0.332544 0.815543
vt 0.332694 0.809934
vt 0.332753 0.806309
vt 0.336078 0.804340
vt 0.350082 0.795986
vt 0.328918 0.817710
vt 0.245901 0.761421
vt 0.247541 0.760788
vt 0.251862 0.763102
vt 0.328977 0.815047
vt 0.328962 0.816206
vt 0.259127 0.686151
vt 0.258705 0.688644
vt 0.259044 0.686740
vt 0.397863 0.874618
vt 0.524858 0.563029
vt 0.392840 0.618870
vt 0.798046 0.598279
vt 0.657904 0.564352
vt 0.660106 0.564390
vt 0.660285 0.594078
vt 0.660468 0.599190
vt 0.661345 0.599229
vt 0.664629 0.599204
vt 0.698609 0.496924
vt 0.759142 0.480547
vt 0.798046 0.185889
vt 0.662141 0.564425
vt 0.666675 0.564371
vt 0.657904 0.185899
vt 0.383836 0.124816
vt 0.370837 0.536466
vt 0.372107 0.536472
vt 0.383836 0.536718
vt 0.239275 0.619115
vt 0.237464 0.124816
vt 0.291188 0.448276
vt 0.342927 0.460914
vt 0.657907 0.123165
vt 0.711796 0.438755
vt 0.762754 0.437057
vt 0.798046 0.123157
vt 0.798046 0.555808
vt 0.676485 0.558233
vt 0.664320 0.558464
vt 0.660282 0.558470
vt 0.659680 0.537275
vt 0.664090 0.537405
vt 0.524858 0.606418
vt 0.385023 0.618870
vt 0.385014 0.605769
vt 0.655117 0.606497
vt 0.523770 0.606545
vt 0.523869 0.606543
vt 0.324160 0.811785
vt 0.320490 0.813656
vt 0.411329 0.765563
vt 0.409235 0.764538
vt 0.336724 0.804827
vt 0.336484 0.804961
vt 0.655117 0.512331
vt 0.525719 0.513581
vt 0.551478 0.513307
vt 0.792050 0.619262
vt 0.793249 0.523605
vt 0.798046 0.523559
vt 0.673047 0.524811
vt 0.673714 0.524788
vt 0.685109 0.524714
vt 0.657904 0.512554
vt 0.672542 0.511843
vt 0.524858 0.538530
vt 0.384716 0.539130
vt 0.407090 0.539006
vt 0.798046 0.103236
vt 0.657904 0.103236
vt 0.386375 0.206382
vt 0.386375 0.618870
vt 0.805398 0.207968
vt 0.805398 0.618277
vt 0.805388 0.207930
vt 0.918325 0.207930
vt 0.918314 0.618277
vt 0.918309 0.207987
vt 0.258941 0.686281
vt 0.411270 0.765829
vt 0.337169 0.807845
vt 0.332039 0.811230
vt 0.330709 0.812091
vt 0.330827 0.810478
vt 0.320452 0.803619
vt 0.248574 0.755867
vt 0.247661 0.756221
vt 0.258577 0.689519
vt 0.258731 0.688226
vt 0.258888 0.686818
vt 0.333273 0.815107
vt 0.523770 0.603452
vt 0.655117 0.603345
vt 0.628377 0.979588
vt 0.610608 0.995112
vt 0.384716 0.599232
vt 0.524685 0.599232
vt 0.524858 0.206469
vt 0.510366 0.844981
vt 0.510268 0.842756
vt 0.600220 0.786157
vt 0.600285 0.786189
vt 0.510070 0.842865
vt 0.510110 0.844792
vt 0.414007 0.762014
vt 0.432340 0.774041
vt 0.509809 0.830971
vt 0.655117 0.599342
vt 0.524166 0.599342
vt 0.918325 0.106214
vt 0.805388 0.106214
vt 0.372076 0.539685
vt 0.373273 0.497282
vt 0.383836 0.497377
vt 0.237464 0.538865
vt 0.232781 0.185369
vt 0.107137 0.619785
vt 0.102627 0.185374
vt 0.383836 0.184280
vt 0.237464 0.184280
vt 0.425385 0.688941
vt 0.412055 0.762293
vt 0.409762 0.761290
vt 0.338759 0.802666
vt 0.325065 0.810168
vt 0.324780 0.816561
vt 0.651094 0.619026
vt 0.523770 0.182662
vt 0.526861 0.576451
vt 0.651509 0.576451
vt 0.918325 0.207930
vt 0.102625 0.208157
vt 0.918325 0.223471
vt 0.917715 0.618313
vt 0.805388 0.223390
vt 0.918325 0.223390
vt 0.341533 0.625181
vt 0.341514 0.627331
vt 0.425544 0.678846
vt 0.416579 0.753733
vt 0.384716 0.222021
vt 0.384716 0.221921
vt 0.524858 0.221921
vt 0.385327 0.618870
vt 0.798046 0.221311
vt 0.657904 0.221311
vt 0.798046 0.603686
vt 0.798046 0.205833
vt 0.657905 0.205833
vt 0.661193 0.603684
vt 0.383836 0.226706
vt 0.241701 0.619115
vt 0.237464 0.226706
vt 0.246004 0.760780
vt 0.411105 0.766571
vt 0.327689 0.815584
vt 0.253839 0.619115
vt 0.253003 0.599499
vt 0.379626 0.599499
vt 0.326471 0.806336
vt 0.325854 0.817288
vt 0.247024 0.754478
vt 0.244867 0.619115
vt 0.410253 0.757031
vt 0.324492 0.803997
vt 0.324075 0.810994
vt 0.246270 0.759136
vt 0.427294 0.690475
vt 0.412363 0.758205
vt 0.794783 0.616097
vt 0.795742 0.222305
vt 0.664395 0.222305
vt 0.401877 0.679906
vt 0.390327 0.739803
vt 0.386519 0.765064
vt 0.401656 0.774236
vt 0.343609 0.626898
vt 0.407912 0.677846
vt 0.520979 0.618870
vt 0.384716 0.206382
vt 0.523198 0.206382
vt 0.627167 0.619026
vt 0.653561 0.205550
vt 0.232781 0.309033
vt 0.114975 0.619785
vt 0.102625 0.309033
vt 0.319843 0.813218
vt 0.418436 0.683357
vt 0.411787 0.685448
vt 0.396306 0.768504
vt 0.397300 0.769041
vt 0.523770 0.306880
vt 0.655117 0.306880
vt 0.639942 0.619026
vt 0.232781 0.564107
vt 0.130473 0.619785
vt 0.129815 0.611617
vt 0.230719 0.611617
vt 0.231001 0.564107
vt 0.383836 0.563383
vt 0.237464 0.563383
vt 0.404707 0.768727
vt 0.407964 0.770466
vt 0.399487 0.775533
vt 0.380931 0.765244
vt 0.324955 0.799623
vt 0.310082 0.806609
vt 0.423920 0.687764
vt 0.421228 0.688574
vt 0.384716 0.563075
vt 0.384716 0.251674
vt 0.394558 0.563075
vt 0.524858 0.251674
vt 0.523770 0.250951
vt 0.655117 0.250951
vt 0.648743 0.619026
vt 0.237464 0.592428
vt 0.237464 0.225645
vt 0.383836 0.225645
vt 0.383836 0.592428
vt 0.424475 0.688210
vt 0.388700 0.592153
vt 0.384716 0.592153
vt 0.384716 0.224958
vt 0.524858 0.224958
vt 0.524858 0.225009
vt 0.522491 0.618870
vt 0.237464 0.597673
vt 0.245805 0.597649
vt 0.367090 0.599139
vt 0.383836 0.599753
vt 0.383836 0.260507
vt 0.237464 0.260507
vt 0.241483 0.952792
vt 0.226755 0.940336
vt 0.162384 0.967967
vt 0.203554 0.798672
vt 0.260378 0.838601
vt 0.246574 0.845513
vt 0.229402 0.940604
vt 0.243056 0.952176
vt 0.394960 0.571259
vt 0.384716 0.259859
vt 0.524858 0.259859
vt 0.523480 0.571259
vt 0.523259 0.618870
vt 0.523770 0.259156
vt 0.655117 0.259156
vt 0.625677 0.619026
vt 0.523770 0.571302
vt 0.536107 0.571302
vt 0.232781 0.083169
vt 0.206114 0.441419
vt 0.232781 0.441431
vt 0.116975 0.619785
vt 0.107154 0.083169
vt 0.237464 0.440589
vt 0.383836 0.440509
vt 0.384716 0.081133
vt 0.524858 0.081133
vt 0.524858 0.445652
vt 0.430698 0.447545
vt 0.407204 0.447908
vt 0.406686 0.439740
vt 0.408268 0.439717
vt 0.384716 0.440063
vt 0.523770 0.080001
vt 0.655116 0.080001
vt 0.655116 0.080022
vt 0.646633 0.619026
vt 0.523770 0.445394
vt 0.559056 0.443950
vt 0.237464 0.540323
vt 0.255374 0.540582
vt 0.356940 0.541296
vt 0.383329 0.540850
vt 0.383836 0.540810
vt 0.384716 0.001926
vt 0.384716 0.001914
vt 0.401791 0.388421
vt 0.438406 0.387917
vt 0.500248 0.386786
vt 0.524858 0.387054
vt 0.384716 0.540477
vt 0.393379 0.540549
vt 0.384716 0.001928
vt 0.562526 0.357030
vt 0.523771 0.000586
vt 0.655117 0.000586
vt 0.523770 0.386656
vt 0.566888 0.388789
vt 0.461813 0.506028
vt 0.519948 0.506056
vt 0.518972 0.618870
vt 0.395337 0.506685
vt 0.412102 0.506724
vt 0.417235 0.506640
vt 0.124778 -0.101756
vt 0.107153 -0.199941
vt 0.111463 0.619785
vt 0.111529 0.614293
vt 0.110255 0.567669
vt 0.118942 0.508881
vt 0.219412 0.494981
vt 0.216318 -0.104090
vt 0.525038 0.516467
vt 0.523770 -0.204379
vt 0.653561 -0.204379
vt 0.653583 0.619009
vt 0.650253 0.618944
vt 0.523770 0.619012
vt 0.523770 0.516490
vt 0.805388 -0.198933
vt 0.809316 -0.198933
vt 0.808570 0.588071
vt 0.809595 0.617909
vt 0.918325 0.617110
vt 0.232495 0.607805
vt 0.232781 0.607839
vt 0.102625 0.618578
vt 0.107045 0.619699
vt 0.107153 -0.199941
vt 0.232781 -0.199941
vt 0.232781 -0.199278
vt 0.232781 -0.197678
vt 0.374673 0.787304
vt 0.406408 0.769777
vt 0.405534 0.768995
vt 0.405503 0.768980
vt 0.655117 0.515095
vt 0.526859 0.517052
vt 0.540709 0.516856
vt 0.654859 0.515105
vt 0.368067 0.544069
vt 0.383836 -0.189284
vt 0.383353 0.619115
vt 0.237464 -0.189284
vt 0.246082 0.560376
vt 0.384716 -0.190438
vt 0.524858 -0.190438
vt 0.522220 0.618870
vt 0.918325 0.606798
vt 0.805388 -0.211399
vt 0.809316 -0.211399
vt 0.808349 0.580550
vt 0.809091 0.606584
vt 0.917951 0.606779
vt 0.239230 0.607827
vt 0.524858 -0.215097
vt 0.384716 0.608059
vt 0.385739 0.608172
vt 0.386385 0.608201
vt 0.384716 -0.215097
vt 0.655116 -0.216938
vt 0.523770 -0.216938
vt 0.657904 -0.216812
vt 0.672095 0.520922
vt 0.791695 0.535698
vt 0.798046 -0.216812
vt 0.107300 0.619785
vt 0.107153 -0.199941
vt 0.106543 0.619785
vt 0.102625 0.619126
vt 0.655117 0.511794
vt 0.523770 0.519716
vt 0.532874 0.518589
vt 0.523770 -0.204379
vt 0.573186 0.317716
vt 0.583427 0.515676
vt 0.406700 0.453459
vt 0.408956 0.453498
vt 0.415521 0.453781
vt 0.524858 0.456198
vt 0.523770 -0.204368
vt 0.523770 -0.204375
vt 0.523775 -0.204352
vt 0.655116 -0.204379
vt 0.523770 0.455965
vt 0.528061 0.455769
vt 0.232781 -0.199941
vt 0.105478 0.619785
vt 0.102625 0.569216
vt 0.102625 -0.199941
vt 0.250381 0.549511
vt 0.383836 0.548302
vt 0.248884 0.549528
vt 0.407397 0.417228
vt 0.418593 0.418892
vt 0.425675 0.419994
vt 0.524858 0.427747
vt 0.384716 0.547977
vt 0.386768 0.548087
vt 0.399852 0.417471
vt 0.655117 -0.204379
vt 0.523770 0.427446
vt 0.524987 0.427410
vt 0.186477 0.368731
vt 0.232781 0.370430
vt 0.102625 0.174626
vt 0.107153 -0.119890
vt 0.231240 -0.119890
vt 0.427529 0.692589
vt 0.426220 0.693073
vt 0.411566 0.764268
vt 0.411439 0.765065
vt 0.655117 -0.123969
vt 0.523770 0.408813
vt 0.554721 0.406999
vt 0.553811 0.374033
vt 0.523770 -0.123969
vt 0.657904 -0.123831
vt 0.660842 0.619262
vt 0.410359 0.769035
vt 0.328895 0.816377
vt 0.232645 0.608428
vt 0.232781 -0.199093
vt 0.102625 0.608114
vt 0.104448 0.608154
vt 0.102625 -0.212444
vt 0.239468 0.608939
vt 0.383258 0.609048
vt 0.415492 0.388012
vt 0.429661 0.389832
vt 0.524858 0.401863
vt 0.384716 0.608781
vt 0.385343 0.608928
vt 0.386710 0.609232
vt 0.386889 0.609276
vt 0.386894 0.608342
vt 0.386187 0.383831
vt 0.657911 -0.216775
vt 0.675316 0.514016
vt 0.783612 0.523965
vt 0.798040 -0.216774
vt 0.657904 0.502068
vt 0.667887 0.502809
vt 0.669098 0.502874
vt 0.807016 0.618313
vt 0.805388 -0.198933
vt 0.519111 0.618870
vt 0.524858 -0.202568
vt 0.655117 0.394006
vt 0.527501 0.408350
vt 0.558435 0.404748
vt 0.628380 0.397414
vt 0.686498 0.474532
vt 0.761050 0.451178
vt 0.798046 -0.180732
vt 0.659409 0.619262
vt 0.657904 -0.180677
vt 0.524858 0.522381
vt 0.384716 -0.100331
vt 0.391747 0.488423
vt 0.392940 0.524020
vt 0.396588 0.523831
vt 0.648119 0.619026
vt 0.523770 0.522307
vt 0.532795 0.522124
vt 0.523770 -0.101887
vt 0.523775 -0.101874
vt 0.237464 0.551558
vt 0.372234 0.555880
vt 0.383836 0.556033
vt 0.531798 0.364169
vt 0.523770 -0.101897
vt 0.655117 -0.101897
vt 0.523770 0.430926
vt 0.530758 0.430467
vt 0.232172 0.592446
vt 0.232781 0.592453
vt 0.106753 0.619785
vt 0.102625 -0.024387
vt 0.232780 -0.024387
vt 0.237464 0.591757
vt 0.382416 0.594373
vt 0.383836 0.594309
vt 0.237464 -0.025677
vt 0.383836 -0.025677
vt 0.417340 0.701327
vt 0.384716 -0.026585
vt 0.384716 -0.026647
vt 0.524858 -0.026647
vt 0.384716 0.594036
vt 0.386117 0.594102
vt 0.389044 0.594047
vt 0.655117 -0.028037
vt 0.523770 -0.028037
vt 0.657904 -0.027886
vt 0.798046 -0.027886
vt 0.660781 0.619262
vt 0.115235 0.619785
vt 0.102625 0.004108
vt 0.216571 0.520207
vt 0.216583 0.536271
vt 0.232781 0.537144
vt 0.237464 0.536394
vt 0.257894 0.537556
vt 0.364931 0.543955
vt 0.383836 0.544486
vt 0.334932 0.805993
vt 0.425739 0.692849
vt 0.660656 0.619262
vt 0.657904 0.000802
vt 0.231341 0.593811
vt 0.231338 0.480881
vt 0.232781 0.480689
vt 0.128992 0.619785
vt 0.127756 0.590018
vt 0.237464 0.077297
vt 0.383836 0.077297
vt 0.499726 0.558276
vt 0.524858 0.076443
vt 0.393836 0.618870
vt 0.523770 0.075300
vt 0.655117 0.075300
vt 0.649262 0.619026
vt 0.918325 -0.097218
vt 0.806716 0.618313
vt 0.806725 -0.097218
vt 0.522989 0.618797
vt 0.524858 0.618755
vt 0.384716 0.516629
vt 0.523025 0.516711
vt 0.524040 0.516621
vt 0.653561 -0.101897
vt 0.653484 0.619026
vt 0.642598 0.619026
vt 0.523770 0.618911
vt 0.523770 0.516622
vt 0.524858 0.519966
vt 0.384716 0.517198
vt 0.406311 0.517720
vt 0.914781 0.583036
vt 0.914877 0.561750
vt 0.918325 0.561406
vt 0.805388 0.590156
vt 0.809352 0.589942
vt 0.913489 0.583140
vt 0.914529 0.583041
vt 0.232781 0.379038
vt 0.102625 0.562705
vt 0.108034 0.562808
vt 0.111719 0.562681
vt 0.229709 0.559518
vt 0.230419 0.378648
vt 0.798046 0.590889
vt 0.657904 -0.244069
vt 0.798046 -0.244069
vt 0.784305 0.592018
vt 0.237464 0.523481
vt 0.260388 0.524265
vt 0.376588 0.528145
vt 0.383836 0.528316
vt 0.384716 0.001907
vt 0.423960 0.458687
vt 0.524112 0.540490
vt 0.524858 0.001940
vt 0.524858 0.001982
vt 0.384716 0.527968
vt 0.391825 0.527997
vt 0.392860 0.527990
vt 0.392698 0.524413
vt 0.655117 0.619026
vt 0.523770 0.000661
vt 0.553335 0.482174
vt 0.652196 0.589443
vt 0.655117 0.001798
vt 0.524858 0.506231
vt 0.384716 0.506862
vt 0.396300 0.507298
vt 0.415235 0.506660
vt 0.448160 0.505458
vt 0.655117 0.523732
vt 0.523770 0.506118
vt 0.541411 0.508575
vt 0.541935 0.520595
vt 0.542183 0.524110
vt 0.547559 0.524127
vt 0.657904 0.103236
vt 0.657904 0.523956
vt 0.660162 0.524334
vt 0.325051 0.813568
vt 0.321803 0.814545
vt 0.375797 0.789691
vt 0.332476 0.811309
vt 0.331705 0.811550
vt 0.657904 0.506972
vt 0.663411 0.507326
vt 0.660072 0.446504
vt 0.203608 0.456531
vt 0.232781 0.457561
vt 0.102625 0.455343
vt 0.144730 0.455850
vt 0.102625 0.047562
vt 0.231239 0.047562
vt 0.232781 0.047562
vt 0.383836 0.458365
vt 0.237464 0.456735
vt 0.281371 0.456935
vt 0.524858 0.481904
vt 0.384716 0.457939
vt 0.393711 0.457939
vt 0.394250 0.481914
vt 0.523770 0.044235
vt 0.655117 0.044235
vt 0.523770 0.481733
vt 0.546641 0.481365
vt 0.798046 0.044395
vt 0.657904 0.044395
vt 0.868500 0.840353
vt 0.949489 0.797387
vt 0.946543 0.795740
vt 0.880788 0.829371
vt 0.869124 0.836157
vt 0.524858 0.517057
vt 0.384716 0.516123
vt 0.386125 0.516108
vt 0.406353 0.516411
vt 0.409316 0.516416
vt 0.805388 -0.009501
vt 0.824108 0.516969
vt 0.899582 0.504582
vt 0.918325 -0.009501
vt 0.232636 0.606871
vt 0.232781 0.606871
vt 0.102625 -0.009934
vt 0.232781 -0.009934
vt 0.232781 -0.008789
vt 0.524858 0.503316
vt 0.384716 0.506137
vt 0.409335 0.505541
vt 0.655117 0.502522
vt 0.523770 0.503196
vt 0.531393 0.502872
vt 0.547783 0.502852
vt 0.524858 0.409224
vt 0.384716 0.411307
vt 0.393667 0.410799
vt 0.655117 0.518883
vt 0.523770 0.408878
vt 0.524340 0.408896
vt 0.524450 0.491098
vt 0.525422 0.521386
vt 0.543795 0.521081
vt 0.650540 0.518846
vt 0.108474 0.592147
vt 0.232781 0.593675
vt 0.102625 0.592083
vt 0.237464 0.592980
vt 0.238679 0.593094
vt 0.238445 0.498162
vt 0.272249 0.498572
vt 0.345463 0.499168
vt 0.373945 0.497705
vt 0.383836 0.496693
vt 0.408933 0.769837
vt 0.408980 0.769858
vt 0.415756 0.745618
vt 0.411470 0.762921
vt 0.386205 0.496337
vt 0.386149 0.481543
vt 0.399423 0.482194
vt 0.524858 0.480006
vt 0.384716 0.496310
vt 0.523770 0.073209
vt 0.523774 0.073218
vt 0.546564 0.520641
vt 0.648341 0.559390
vt 0.655117 0.073215
vt 0.523770 0.479830
vt 0.543042 0.482052
vt 0.245779 0.762170
vt 0.249073 0.764532
vt 0.317080 0.809430
vt 0.316893 0.811221
vt 0.634071 0.619026
vt 0.523770 0.604638
vt 0.528632 0.604522
vt 0.528810 0.604524
vt 0.634996 0.603944
vt 0.524885 0.939246
vt 0.476686 0.965450
vt 0.456548 0.976512
vt 0.445583 0.982642
vt 0.439274 0.986328
vt 0.405625 0.965601
vt 0.509910 0.842203
vt 0.533698 0.852064
vt 0.533936 0.859457
vt 0.537425 0.944846
vt 0.537766 0.948539
vt 0.541351 0.951911
vt 0.439079 0.990706
vt 0.537853 0.949573
vt 0.314543 0.809629
vt 0.409516 0.769538
vt 0.394307 0.760701
vt 0.344988 0.792927
vt 0.329746 0.803063
vt 0.524858 0.575311
vt 0.384716 0.206386
vt 0.387631 0.575311
vt 0.232781 0.184232
vt 0.124884 0.619785
vt 0.123593 0.595860
vt 0.225845 0.595860
vt 0.231239 0.184232
vt 0.102625 0.184232
vt 0.860503 0.833091
vt 0.944350 0.801565
vt 0.934322 0.795829
vt 0.524858 0.516843
vt 0.384716 0.182407
vt 0.392591 0.516843
vt 0.523770 0.181518
vt 0.655116 0.181518
vt 0.523770 0.516755
vt 0.548198 0.516755
vt 0.798046 0.181697
vt 0.657904 0.181697
vt 0.411114 0.766528
vt 0.421898 0.686139
vt 0.421832 0.686668
vt 0.357548 0.635792
vt 0.421748 0.687321
vt 0.421434 0.689568
vt 0.419729 0.698841
vt 0.406006 0.764268
vt 0.426929 0.690182
vt 0.425815 0.690567
vt 0.523189 0.618863
vt 0.524858 0.618808
vt 0.384716 0.413529
vt 0.523196 0.413996
vt 0.523770 0.000586
vt 0.653561 0.000586
vt 0.650298 0.170034
vt 0.645498 0.619001
vt 0.523770 0.618965
vt 0.523770 0.413668
vt 0.534105 0.413965
vt 0.793786 0.619262
vt 0.798046 0.163629
vt 0.246230 0.759383
vt 0.256225 0.766005
vt 0.322891 0.811538
vt 0.322576 0.815068
vt 0.524858 0.515159
vt 0.384716 0.514523
vt 0.409153 0.514262
vt 0.413938 0.514287
vt 0.648407 0.619026
vt 0.523770 0.515068
vt 0.531498 0.515206
vt 0.649786 0.514956
vt 0.246729 0.619115
vt 0.246629 0.589175
vt 0.245035 0.507962
vt 0.271010 0.508454
vt 0.369293 0.510517
vt 0.379403 0.510511
vt 0.173745 0.978414
vt 0.173995 0.976960
vt 0.174850 0.972289
vt 0.188420 0.964764
vt 0.256003 0.938277
vt 0.259541 0.941511
vt 0.655117 0.514430
vt 0.523770 0.103068
vt 0.534937 0.513501
vt 0.550202 0.513609
vt 0.360265 0.798975
vt 0.411123 0.766491
vt 0.410776 0.766334
vt 0.657904 0.103248
vt 0.798046 0.103252
vt 0.793719 0.619262
vt 0.657904 0.525290
vt 0.659703 0.525253
vt 0.660386 0.481356
vt 0.383836 0.575605
vt 0.237464 0.575605
vt 0.118294 0.854313
vt 0.205783 0.800519
vt 0.279014 0.852137
vt 0.259865 0.948534
vt 0.175668 0.981512
vt 0.121994 0.932159
vt 0.524858 0.206382
vt 0.384716 0.575311
vt 0.386315 0.575311
vt 0.384716 0.206382
vt 0.383836 0.584660
vt 0.237464 0.584660
vt 0.409320 0.769656
vt 0.409241 0.769703
vt 0.403537 0.766696
vt 0.321035 0.814025
vt 0.420928 0.685360
vt 0.419852 0.685703
vt 0.403537 0.766696
vt 0.524858 0.249941
vt 0.384716 0.584376
vt 0.386713 0.584376
vt 0.384716 0.249941
vt 0.784566 0.616097
vt 0.795741 0.246284
vt 0.664395 0.246284
vt 0.798046 0.249401
vt 0.657904 0.249401
vt 0.127139 0.619785
vt 0.102625 0.286046
vt 0.232781 0.286046
vt 0.385944 0.955525
vt 0.374860 0.946562
vt 0.314832 0.972510
vt 0.384981 0.871677
vt 0.384181 0.872242
vt 0.383250 0.951175
vt 0.387716 0.954813
vt 0.644671 0.619026
vt 0.655117 0.283789
vt 0.523770 0.283789
vt 0.798046 0.283982
vt 0.657904 0.283982
vt 0.524858 0.595010
vt 0.384716 0.595032
vt 0.411246 0.765936
vt 0.407002 0.763806
vt 0.339721 0.801793
vt 0.336857 0.803508
vt 0.322015 0.811890
vt 0.255911 0.766255
vt 0.246063 0.760418
vt 0.655117 0.595132
vt 0.655117 0.205607
vt 0.655112 0.205564
vt 0.523778 0.205572
vt 0.523770 0.205611
vt 0.526086 0.594796
vt 0.531476 0.594807
vt 0.218252 0.526775
vt 0.232781 0.527656
vt 0.102625 0.106132
vt 0.232781 0.106137
vt 0.524858 0.514980
vt 0.384716 0.515314
vt 0.388507 0.515334
vt 0.413199 0.515171
vt 0.655117 0.527697
vt 0.523770 0.514888
vt 0.533470 0.515151
vt 0.533747 0.528056
vt 0.547075 0.528012
vt 0.657904 0.103271
vt 0.657904 0.103236
vt 0.798046 0.103236
vt 0.657904 0.527922
vt 0.662566 0.527985
vt 0.524858 0.606248
vt 0.384716 0.606203
vt 0.524858 0.597694
vt 0.384716 0.597552
vt 0.528003 0.597374
vt 0.528007 0.597747
vt 0.655117 0.597522
vt 0.523770 0.597801
vt 0.657904 0.184600
vt 0.657908 0.184612
vt 0.687254 0.533764
vt 0.765969 0.518100
vt 0.798043 0.184612
vt 0.798046 0.184599
vt 0.796020 0.619262
vt 0.657904 0.597756
vt 0.659027 0.597704
vt 0.657904 0.184705
vt 0.383836 0.207090
vt 0.237464 0.207090
vt 0.382093 0.606375
vt 0.382226 0.576565
vt 0.383836 0.576585
vt 0.243290 0.619115
vt 0.243055 0.606214
vt 0.270300 0.937800
vt 0.321492 0.977207
vt 0.321777 0.974760
vt 0.275879 0.941778
vt 0.524858 0.576734
vt 0.384716 0.576292
vt 0.384963 0.576299
vt 0.399607 0.576387
vt 0.655117 0.606246
vt 0.523770 0.576790
vt 0.525195 0.576765
vt 0.525302 0.606345
vt 0.798046 0.193261
vt 0.657904 0.606481
vt 0.659342 0.606457
vt 0.657904 0.193261
vt 0.410773 0.768067
vt 0.326454 0.817694
vt 0.326513 0.816818
vt 0.319354 0.812005
vt 0.319838 0.808805
vt 0.322271 0.807722
vt 0.337629 0.799932
vt 0.405214 0.761170
vt 0.410562 0.764481
vt 0.409894 0.767492
vt 0.541387 0.952670
vt 0.540023 0.951877
vt 0.449484 0.998031
vt 0.449389 0.998442
vt 0.448710 0.997932
vt 0.448843 0.997235
vt 0.393714 0.956078
vt 0.524858 0.592754
vt 0.384716 0.592754
vt 0.324703 0.816509
vt 0.410700 0.768393
vt 0.408426 0.767209
vt 0.324758 0.816016
vt 0.655117 0.592848
vt 0.655117 0.205550
vt 0.655117 0.205571
vt 0.523770 0.205571
vt 0.529471 0.592848
vt 0.653561 0.619025
vt 0.654631 0.619026
vt 0.523770 0.205550
vt 0.653561 0.205550
vt 0.383836 0.236154
vt 0.240811 0.619115
vt 0.237464 0.236155
vt 0.795741 0.231816
vt 0.791849 0.616097
vt 0.664395 0.231787
vt 0.795741 0.231787
vt 0.792713 0.619262
vt 0.657904 0.234931
vt 0.657914 0.234935
vt 0.798046 0.234932
vt 0.918325 0.174120
vt 0.805388 0.174120
vt 0.222364 0.559780
vt 0.232781 0.559811
vt 0.102625 0.174244
vt 0.232781 0.174249
vt 0.798046 0.171663
vt 0.657904 0.171663
vt 0.232781 0.234239
vt 0.107947 0.619785
vt 0.103103 0.270100
vt 0.102625 0.234239
vt 0.383836 0.233176
vt 0.238948 0.619115
vt 0.237464 0.233197
vt 0.237464 0.233176
vt 0.411076 0.766702
vt 0.410813 0.767886
vt 0.408112 0.766461
vt 0.324336 0.815245
vt 0.324331 0.815336
vt 0.324336 0.815245
vt 0.245773 0.762209
vt 0.421273 0.685637
vt 0.405304 0.763683
vt 0.324270 0.816216
vt 0.655116 0.231734
vt 0.644496 0.619026
vt 0.523770 0.231728
vt 0.913663 0.527625
vt 0.918325 0.527083
vt 0.805388 -0.226381
vt 0.916987 -0.226381
vt 0.655117 -0.232034
vt 0.523770 0.393773
vt 0.528339 -0.232034
vt 0.389591 -0.230157
vt 0.391407 0.072374
vt 0.434663 0.317436
vt 0.517805 0.442050
vt 0.524858 0.394154
vt 0.384716 0.221217
vt 0.387271 -0.125933
vt 0.386376 -0.230157
vt 0.267224 -0.085357
vt 0.359015 -0.086870
vt 0.383836 0.221908
vt 0.237464 0.492896
vt 0.258613 0.495073
vt 0.382372 0.506696
vt 0.300587 0.250356
vt 0.227224 0.534592
vt 0.227451 0.492977
vt 0.232781 0.493688
vt 0.102625 0.528278
vt 0.117592 0.529071
vt 0.232781 -0.135559
vt 0.102625 0.089610
vt 0.102707 0.028498
vt 0.102625 0.007638
vt 0.524858 0.541819
vt 0.384716 -0.138052
vt 0.499184 -0.049166
vt 0.524858 0.442331
vt 0.524858 0.464920
vt 0.512543 0.465139
vt 0.384957 0.493248
vt 0.388051 0.544539
vt 0.389727 0.544391
vt 0.918325 0.595093
vt 0.805388 -0.222605
vt 0.826976 0.466133
vt 0.897647 0.459539
vt 0.918321 -0.222576
vt 0.918325 -0.222605
vt 0.917383 0.594994
vt 0.917830 0.595052
vt 0.232182 0.596308
vt 0.232781 0.596291
vt 0.102625 0.596494
vt 0.103396 0.596521
vt 0.106576 0.596540
vt 0.383836 0.595368
vt 0.237464 0.595598
vt 0.242275 0.595575
vt 0.657904 -0.228104
vt 0.690781 0.423485
vt 0.767875 0.424943
vt 0.798046 -0.228104
vt 0.389439 0.618838
vt 0.389996 0.596094
vt 0.390055 0.585413
vt 0.440666 0.276591
vt 0.474524 0.274657
vt 0.471649 0.095420
vt 0.524858 -0.202568
vt 0.398288 0.618870
vt 0.318449 0.644544
vt 0.347580 0.626420
vt 0.391538 0.618749
vt 0.389252 0.618743
vt 0.389591 -0.202568
vt 0.445602 0.098386
vt 0.443297 0.252887
vt 0.471747 0.251628
vt 0.469964 0.097457
vt 0.524858 0.618698
vt 0.480959 0.618870
vt 0.393606 0.618870
vt 0.918325 0.603452
vt 0.854992 0.258142
vt 0.869174 0.257588
vt 0.918325 -0.197081
vt 0.918296 0.603452
vt 0.655117 -0.204379
vt 0.527734 0.619026
vt 0.528192 0.592800
vt 0.539974 0.522552
vt 0.635448 0.449053
vt 0.634447 -0.068282
vt 0.523770 0.607399
vt 0.528791 0.606816
vt 0.528340 -0.204379
vt 0.111540 0.707141
vt 0.112289 0.707930
vt 0.050745 0.730604
vt 0.048593 0.729239
vt 0.087072 0.715179
vt 0.389944 0.618870
vt 0.389591 -0.202568
vt 0.524858 -0.202568
vt 0.524858 0.618522
vt 0.473256 0.618870
vt 0.798046 0.600984
vt 0.657904 0.602724
vt 0.658186 0.602694
vt 0.660622 0.602732
vt 0.662474 0.602769
vt 0.805388 0.502705
vt 0.824520 0.502516
vt 0.912758 0.500866
vt 0.916514 0.500690
vt 0.916573 0.600348
vt 0.917109 0.600271
vt 0.918325 0.600125
vt 0.102625 0.601542
vt 0.106417 0.601548
vt 0.232781 0.601091
vt 0.784280 0.551286
vt 0.792208 0.030339
vt 0.798046 0.004287
vt 0.798046 0.442743
vt 0.793631 0.502685
vt 0.798046 0.502767
vt 0.657904 0.004287
vt 0.667635 0.030541
vt 0.677413 0.534960
vt 0.805388 0.527234
vt 0.822309 0.526865
vt 0.918325 0.524708
vt 0.237464 0.491445
vt 0.237464 0.006379
vt 0.242989 0.051992
vt 0.249780 0.569437
vt 0.361847 0.553541
vt 0.373246 0.052386
vt 0.383836 0.006379
vt 0.237464 0.521205
vt 0.239798 0.521165
vt 0.427519 0.690656
vt 0.345242 0.625752
vt 0.424038 0.689115
vt 0.426169 0.690563
vt 0.426684 0.690906
vt 0.427125 0.690780
vt 0.496756 0.489218
vt 0.524858 -0.202568
vt 0.384716 -0.202568
vt 0.384720 -0.202540
vt 0.409162 0.482731
vt 0.232781 -0.199937
vt 0.232781 0.619781
vt 0.102625 0.619781
vt 0.102625 -0.199937
vt 0.002509 0.955614
vt 0.791205 0.563949
vt 0.667099 0.563365
vt 0.154508 0.752448
vt 0.086608 0.832990
vt 0.041139 0.797732
vt 0.040777 0.797468
vt 0.110842 0.706494
vt 0.153607 0.751649
vt 0.154497 0.752453
vt 0.524858 -0.186413
vt 0.524721 0.618869
vt 0.384716 -0.186893
vt 0.524858 -0.186893
vt 0.154554 0.752496
vt 0.154557 0.752534
vt 0.175394 0.805302
vt 0.175398 0.805303
vt 0.655116 -0.187946
vt 0.654957 0.619026
vt 0.523770 -0.188667
vt 0.237464 -0.191457
vt 0.237464 0.604798
vt 0.383701 0.604344
vt 0.383792 0.604339
vt 0.383836 -0.200682
vt 0.383787 -0.201107
vt 0.237514 -0.201111
vt 0.237464 -0.200311
vt 0.154555 0.752498
vt 0.154558 0.752535
vt 0.154586 0.752634
vt 0.175340 0.805342
vt 0.655117 -0.203640
vt 0.654961 0.619026
vt 0.102625 0.603550
vt 0.102687 0.603550
vt 0.103201 0.603572
vt 0.232781 0.604315
vt 0.237464 -0.217993
vt 0.383836 -0.217993
vt 0.383826 0.603375
vt 0.383836 0.603374
vt 0.237464 0.603630
vt 0.237655 0.603637
vt 0.237655 0.603567
vt 0.237656 0.603637
vt 0.383480 0.603384
vt 0.383737 0.603376
vt 0.383826 0.603375
vt 0.383836 -0.217256
vt 0.383796 -0.217750
vt 0.237505 -0.217751
vt 0.237464 -0.217440
vt 0.237474 -0.172889
vt 0.237464 -0.217689
vt 0.038980 0.978635
vt 0.116843 0.938237
vt 0.116724 0.938172
vt 0.663845 0.585605
vt 0.709095 0.324174
vt 0.754736 0.349473
vt 0.798046 0.586164
vt 0.384716 0.618859
vt 0.384716 -0.202557
vt 0.524858 -0.202557
vt 0.524858 0.618859
vt 0.797820 -0.187139
vt 0.798046 -0.188067
vt 0.658063 0.619262
vt 0.657913 -0.141482
vt 0.657904 -0.187963
vt 0.658130 -0.187151
vt 0.238099 0.590187
vt 0.238098 0.590170
vt 0.238099 0.590187
vt 0.383836 0.590718
vt 0.237464 0.590274
vt 0.384716 -0.231843
vt 0.524858 -0.231843
vt 0.524858 -0.231385
vt 0.524856 -0.231829
vt 0.384718 -0.231829
vt 0.387048 0.604279
vt 0.399834 0.606721
vt 0.524858 0.606750
vt 0.384716 0.590441
vt 0.385013 0.590411
vt 0.384716 -0.231447
vt 0.523770 -0.233265
vt 0.523770 -0.233724
vt 0.655117 -0.233724
vt 0.523770 0.606878
vt 0.523982 0.606883
vt 0.798046 -0.233273
vt 0.797530 0.572563
vt 0.798046 0.572506
vt 0.657904 -0.233600
vt 0.657911 -0.233556
vt 0.678841 0.498460
vt 0.781713 0.515177
vt 0.798039 -0.233556
vt 0.798046 -0.233600
vt 0.918303 -0.215290
vt 0.806725 -0.215390
vt 0.806725 -0.215460
vt 0.918325 -0.215460
vt 0.917790 0.584296
vt 0.918325 0.584219
vt 0.805388 0.602743
vt 0.806181 0.602792
vt 0.806189 0.592080
vt 0.916983 0.592308
vt 0.917493 0.592278
vt 0.917682 0.592244
vt 0.918325 -0.215137
vt 0.102625 0.585587
vt 0.102715 0.585585
vt 0.104710 0.585503
vt 0.232781 0.585005
vt 0.870839 0.842477
vt 0.877883 0.687361
vt 0.798046 0.603572
vt 0.657904 0.602934
vt 0.657981 0.602947
vt 0.660773 0.602993
vt 0.662043 0.603011
vt 0.523770 0.619019
vt 0.523770 -0.204371
vt 0.524850 -0.202516
vt 0.524849 0.618821
vt 0.175409 0.805296
vt 0.154631 0.752613
vt 0.154614 0.752619
vt 0.524858 -0.196937
vt 0.384716 -0.196937
vt 0.383836 -0.199344
vt 0.383825 -0.201337
vt 0.237475 -0.201336
vt 0.237464 -0.199822
vt 0.237649 0.613776
vt 0.383836 0.613950
vt 0.524850 -0.202520
vt 0.384716 0.613699
vt 0.384773 0.613705
vt 0.384716 -0.200509
vt 0.384716 -0.202568
vt 0.415346 0.441346
vt 0.498973 0.451752
vt 0.383836 -0.190669
vt 0.383836 -0.190345
vt 0.383386 0.619115
vt 0.237464 -0.190669
vt 0.237469 -0.190643
vt 0.239274 0.609531
vt 0.382438 0.602468
vt 0.383831 -0.190643
vt 0.237464 0.604482
vt 0.240184 0.604503
vt 0.377074 0.604703
vt 0.383836 0.604835
vt 0.424281 0.675861
vt 0.422338 0.674658
vt 0.424149 0.675923
vt 0.385738 0.604815
vt 0.385895 0.604828
vt 0.387253 0.604831
vt 0.387344 0.604831
vt 0.387433 0.604840
vt 0.387433 0.604831
vt 0.524858 0.604992
vt 0.384716 0.604574
vt 0.385739 0.604672
vt 0.523770 -0.218041
vt 0.523770 -0.218395
vt 0.655117 -0.218395
vt 0.523770 0.605115
vt 0.523906 0.605112
vt 0.383836 -0.215367
vt 0.237464 -0.215367
vt 0.655117 -0.218395
vt 0.523770 -0.218395
vt 0.797798 0.605779
vt 0.798046 0.605783
vt 0.657904 -0.218269
vt 0.798046 -0.218269
vt 0.524853 0.618840
vt 0.384721 0.618840
vt 0.506388 0.493572
vt 0.405189 0.496693
vt 0.655117 -0.204379
vt 0.523174 0.618781
vt 0.524858 0.618475
vt 0.397216 0.544412
vt 0.516044 0.555705
vt 0.523182 -0.059053
vt 0.523770 0.618631
vt 0.649637 0.619026
vt 0.653562 -0.204379
vt 0.653622 0.619026
vt 0.257804 0.687846
vt 0.246460 0.763529
vt 0.258674 0.688084
vt 0.657914 -0.218214
vt 0.696342 0.391282
vt 0.761299 0.390236
vt 0.798037 -0.218213
vt 0.237464 -0.211605
vt 0.237785 0.608898
vt 0.383836 0.609038
vt 0.384716 -0.212785
vt 0.427485 0.384838
vt 0.483027 0.382591
vt 0.524858 -0.212785
vt 0.384716 0.608782
vt 0.385465 0.608767
vt 0.655117 -0.214620
vt 0.523770 -0.214620
vt 0.383836 -0.211605
vt 0.655116 -0.214620
vt 0.523770 -0.214437
vt 0.523770 -0.214620
vt 0.102625 0.416396
vt 0.107989 0.416546
vt 0.232781 0.416651
vt 0.237464 0.415786
vt 0.248359 0.415417
vt 0.237464 -0.201345
vt 0.524850 -0.202523
vt 0.524850 0.618826
vt 0.655116 -0.204379
vt 0.655117 0.597073
vt 0.654421 0.619026
vt 0.654396 0.597001
vt 0.653561 -0.204379
vt 0.655117 -0.204379
vt 0.653534 -0.123424
vt 0.798046 0.596868
vt 0.657904 0.597307
vt 0.661651 0.597295
vt 0.918325 0.517827
vt 0.805388 0.502610
vt 0.873742 0.502133
vt 0.805387 -0.212845
vt 0.916987 -0.212845
vt 0.906530 0.518191
vt 0.914940 0.517790
vt 0.232781 0.522094
vt 0.102625 0.518994
vt 0.107325 0.518909
vt 0.640626 0.518030
vt 0.655117 -0.218395
vt 0.523770 -0.218390
vt 0.538909 0.530774
vt 0.776595 0.485398
vt 0.798046 -0.218269
vt 0.795044 0.502619
vt 0.798046 0.502671
vt 0.657904 -0.218269
vt 0.680367 0.487548
vt 0.232781 0.517693
vt 0.102625 0.518404
vt 0.117340 0.518104
vt 0.409476 0.769562
vt 0.427794 0.691395
vt 0.426442 0.691771
vt 0.237464 -0.228073
vt 0.238510 0.592363
vt 0.383836 0.592420
vt 0.277735 0.849920
vt 0.277388 0.850086
vt 0.258303 0.946204
vt 0.655116 -0.231209
vt 0.523770 -0.231209
vt 0.918325 -0.235727
vt 0.805388 0.594858
vt 0.808599 0.594845
vt 0.917562 0.594305
vt 0.917969 0.594314
vt 0.237464 -0.238341
vt 0.237842 0.608965
vt 0.383836 0.608932
vt 0.524858 -0.239551
vt 0.384716 0.608676
vt 0.385273 0.608662
vt 0.384716 -0.239550
vt 0.655085 0.582770
vt 0.655117 0.582771
vt 0.523770 -0.241450
vt 0.655116 -0.241450
vt 0.657904 0.583002
vt 0.797992 0.583782
vt 0.798009 0.595626
vt 0.798046 0.595627
vt 0.346046 0.625188
vt 0.327942 0.818293
vt 0.247304 0.764033
vt 0.246693 0.763633
vt 0.257827 0.687826
vt 0.257808 0.687819
vt 0.257911 0.687180
vt 0.257954 0.687196
vt 0.258474 0.686877
vt 0.346031 0.625553
vt 0.237464 0.417582
vt 0.249493 0.417315
vt 0.237464 -0.218564
vt 0.317687 0.170172
vt 0.332260 0.398904
vt 0.383836 0.398376
vt 0.384716 -0.219751
vt 0.524858 -0.219751
vt 0.384716 0.397883
vt 0.385934 0.397837
vt 0.655116 -0.221604
vt 0.523770 -0.221603
vt 0.805388 0.498579
vt 0.902793 0.499049
vt 0.915613 0.499360
vt 0.918325 0.499372
vt 0.384716 -0.219751
vt 0.444831 0.265022
vt 0.466720 0.266440
vt 0.524858 -0.219751
vt 0.654824 0.601794
vt 0.655117 0.601794
vt 0.523770 -0.221604
vt 0.655116 -0.221603
vt 0.798046 0.498610
vt 0.657904 0.602028
vt 0.796729 0.601837
vt 0.796899 0.498631
vt 0.257857 0.687518
vt 0.245840 0.763109
vt 0.258027 0.687591
vt 0.269636 0.618313
vt 0.266073 0.372233
vt 0.335551 0.374983
vt 0.335536 0.375176
vt 0.336306 0.375154
vt 0.372656 0.370557
vt 0.230674 0.369493
vt 0.231290 -0.087724
vt 0.232781 0.190790
vt 0.102625 0.371277
vt 0.145760 0.373074
vt 0.455607 0.236567
vt 0.525768 0.239436
vt 0.395612 0.231041
vt 0.447304 0.236213
vt 0.237464 0.244606
vt 0.240702 0.244620
vt 0.242348 0.492510
vt 0.377153 0.491071
vt 0.383836 0.490931
vt 0.793736 0.619263
vt 0.795984 0.183416
vt 0.798046 0.183498
vt 0.259719 0.196338
vt 0.309523 0.196566
vt 0.342603 0.195583
vt 0.354188 0.195511
vt 0.356225 0.146157
vt 0.372656 0.146217
vt 0.232781 0.595749
vt 0.221778 0.595111
vt 0.227163 0.156186
vt 0.232781 0.156531
vt 0.237464 0.595056
vt 0.242021 0.594697
vt 0.382697 0.584185
vt 0.383836 0.584124
vt 0.524858 -0.264562
vt 0.384716 0.583839
vt 0.385607 0.583858
vt 0.386773 0.583911
vt 0.384716 -0.264562
vt 0.613642 0.329528
vt 0.655116 -0.266522
vt 0.523770 -0.266522
vt 0.571923 0.301030
vt 0.770626 0.192995
vt 0.798046 0.194052
vt 0.657904 -0.266402
vt 0.798046 -0.266402
vt 0.395612 0.244869
vt 0.396336 0.244796
vt 0.455452 0.243142
vt 0.458667 0.243047
vt 0.525768 0.239291
vt 0.265146 0.243442
vt 0.237464 -0.213753
vt 0.383836 -0.213753
vt 0.382799 0.619115
vt 0.237464 0.244461
vt 0.524858 0.607068
vt 0.384716 -0.214935
vt 0.408234 0.484665
vt 0.498489 0.484810
vt 0.524858 -0.214935
vt 0.524800 0.607067
vt 0.524800 0.619026
vt 0.524773 0.607199
vt 0.525736 0.607201
vt 0.654462 0.607423
vt 0.654642 0.388883
vt 0.655117 0.388876
vt 0.787431 0.258623
vt 0.798046 0.258640
vt 0.657904 0.389082
vt 0.659808 0.389157
vt 0.692526 0.387077
vt 0.657904 -0.216649
vt 0.798046 -0.216649
vt 0.905426 0.494312
vt 0.906333 0.494319
vt 0.918325 0.493655
vt 0.806814 0.618313
vt 0.806472 0.490312
vt 0.830289 0.491334
vt 0.905073 0.494345
vt 0.918325 0.457351
vt 0.805388 0.600912
vt 0.915663 0.601051
vt 0.917011 0.601028
vt 0.917448 0.600985
vt 0.917660 0.457294
vt 0.102625 0.458334
vt 0.121651 0.457636
vt 0.135666 0.457267
vt 0.232781 0.454488
vt 0.383836 -0.218564
vt 0.237464 0.400729
vt 0.246105 0.399843
vt 0.657904 0.499409
vt 0.679379 0.500037
vt 0.705371 0.500827
vt 0.798046 -0.221478
vt 0.796156 0.503523
vt 0.798046 0.503563
vt 0.806290 0.546100
vt 0.816587 0.545862
vt 0.912189 0.543134
vt 0.917493 0.542908
vt 0.918325 0.542932
vt 0.534103 0.413320
vt 0.614121 0.414291
vt 0.642757 0.414030
vt 0.647040 0.414224
vt 0.102625 0.415076
vt 0.106887 0.415182
vt 0.107084 0.438058
vt 0.132068 0.438831
vt 0.134052 0.438889
vt 0.232781 0.440375
vt 0.237464 -0.201400
vt 0.383836 -0.201400
vt 0.237464 0.439532
vt 0.250311 0.438819
vt 0.655117 -0.204379
vt 0.523770 -0.204379
vt 0.798046 0.412697
vt 0.657904 -0.204251
vt 0.798046 -0.204251
vt 0.774703 0.411844
vt 0.102625 0.516614
vt 0.106682 0.516806
vt 0.121183 0.517044
vt 0.125409 0.517107
vt 0.232781 0.516606
vt 0.657904 0.429243
vt 0.790956 0.413955
vt 0.790954 0.414160
vt 0.798046 0.412895
vt 0.231253 0.619721
vt 0.232781 0.619368
vt 0.102625 0.163108
vt 0.231239 0.163108
vt 0.231130 0.169435
vt 0.231034 0.615493
vt 0.798046 0.160487
vt 0.798046 0.160479
vt 0.673003 0.619262
vt 0.657908 0.160488
vt 0.809358 0.618313
vt 0.383836 0.207102
vt 0.364942 0.619115
vt 0.237468 0.207103
vt 0.407672 0.770641
vt 0.256357 0.696790
vt 0.262378 0.694269
vt 0.276490 0.686996
vt 0.283203 0.682774
vt 0.324975 0.656093
vt 0.325170 0.654522
vt 0.357663 0.679681
vt 0.362606 0.683760
vt 0.405145 0.713287
vt 0.406937 0.714436
vt 0.420885 0.709784
vt 0.232781 0.157760
vt 0.102625 0.157760
vt 0.356696 0.569086
vt 0.353231 0.619115
vt 0.237464 0.156645
vt 0.243962 0.568829
vt 0.915617 0.571984
vt 0.918325 0.571810
vt 0.805880 0.618313
vt 0.805855 0.616419
vt 0.805806 0.569655
vt 0.817297 0.569995
vt 0.911820 0.571964
vt 0.914606 0.571913
vt 0.116717 0.573093
vt 0.232781 0.568877
vt 0.102625 0.573141
vt 0.110891 0.573298
vt 0.383836 0.156645
vt 0.382761 0.619115
vt 0.237464 0.568158
vt 0.241688 0.567649
vt 0.912461 0.486057
vt 0.918325 0.486306
vt 0.809067 0.618313
vt 0.808136 0.483884
vt 0.831766 0.484313
vt 0.805388 0.382287
vt 0.843421 0.383748
vt 0.883855 0.385187
vt 0.905966 0.385449
vt 0.913483 0.385293
vt 0.918325 0.385095
vt 0.227811 0.389240
vt 0.232781 0.389372
vt 0.232781 0.525142
vt 0.226580 0.525767
vt 0.376862 0.520106
vt 0.375765 0.619115
vt 0.237464 0.524380
vt 0.237478 -0.099222
vt 0.383824 -0.099222
vt 0.383836 -0.099241
vt 0.237464 0.388480
vt 0.246934 0.389054
vt 0.237464 -0.099259
vt 0.743652 0.302443
vt 0.774250 0.381870
vt 0.798046 0.381426
vt 0.657904 0.543303
vt 0.786218 0.544329
vt 0.246395 0.758364
vt 0.257647 0.688817
vt 0.258377 0.689127
vt 0.798046 0.416469
vt 0.673203 0.619262
vt 0.672652 0.596265
vt 0.795724 0.595888
vt 0.796405 0.416545
vt 0.805388 0.453930
vt 0.879838 0.456514
vt 0.910582 0.458590
vt 0.918325 0.458780
vt 0.149389 0.438805
vt 0.232198 0.441285
vt 0.231951 0.619785
vt 0.102625 0.459768
vt 0.104290 0.459740
vt 0.102625 0.004184
vt 0.105685 0.438758
vt 0.116524 0.438439
vt 0.411332 0.687411
vt 0.345744 0.634777
vt 0.346332 0.625417
vt 0.426420 0.697583
vt 0.425041 0.697961
vt 0.422612 0.696266
vt 0.413912 0.689454
vt 0.426559 0.690677
vt 0.427187 0.690390
vt 0.248126 0.764657
vt 0.265252 0.705163
vt 0.266065 0.699488
vt 0.266518 0.696030
vt 0.291603 0.681220
vt 0.328073 0.657029
vt 0.354983 0.638500
vt 0.354846 0.632258
vt 0.378257 0.651071
vt 0.367405 0.643674
vt 0.425623 0.690482
vt 0.426106 0.690856
vt 0.655117 0.535556
vt 0.653987 0.619026
vt 0.653901 0.535492
vt 0.647040 0.236513
vt 0.535619 0.618313
vt 0.535697 0.613474
vt 0.534103 0.236513
vt 0.237464 0.235787
vt 0.383836 0.235787
vt 0.372066 0.619115
vt 0.232781 0.208157
vt 0.247403 0.591551
vt 0.382394 0.592260
vt 0.382290 0.619115
vt 0.240750 0.586717
vt 0.241096 0.591574
vt 0.232781 0.208157
vt 0.346193 0.625305
vt 0.345611 0.631748
vt 0.336084 0.636846
vt 0.260743 0.686536
vt 0.258537 0.687880
vt 0.257737 0.688256
vt 0.232781 0.139803
vt 0.102625 0.139803
vt 0.383836 0.138671
vt 0.369081 0.619115
vt 0.237464 0.138671
vt 0.300806 0.420080
vt 0.332170 0.384215
vt 0.339085 0.630071
vt 0.338740 0.637758
vt 0.341849 0.639959
vt 0.323902 0.652497
vt 0.261378 0.692499
vt 0.256777 0.694674
vt 0.256704 0.694641
vt 0.525768 0.133602
vt 0.395612 0.133602
vt 0.681455 0.619262
vt 0.657904 0.576178
vt 0.679105 0.575853
vt 0.232781 0.180888
vt 0.102625 0.180888
vt 0.383836 0.158620
vt 0.383832 0.158694
vt 0.361062 0.619115
vt 0.237464 0.158617
vt 0.237477 0.158657
vt 0.274958 0.504555
vt 0.350846 0.492046
vt 0.383823 0.158657
vt 0.261056 0.180743
vt 0.259719 0.538700
vt 0.525768 0.174745
vt 0.523668 0.613584
vt 0.395612 0.174687
vt 0.525768 0.174687
vt 0.259899 0.689698
vt 0.264865 0.685419
vt 0.275770 0.674477
vt 0.246971 0.763876
vt 0.259588 0.690605
vt 0.259639 0.689890
vt 0.524858 0.609697
vt 0.413072 0.618870
vt 0.409156 0.547954
vt 0.384716 0.179056
vt 0.523199 0.179056
vt 0.522859 0.609838
vt 0.378233 0.651051
vt 0.256879 0.693561
vt 0.260664 0.691671
vt 0.272395 0.684126
vt 0.325604 0.645750
vt 0.326074 0.639196
vt 0.342110 0.627949
vt 0.341938 0.630927
vt 0.575423 0.619026
vt 0.555280 0.523993
vt 0.381885 0.619115
vt 0.426393 0.697705
vt 0.257780 0.687993
vt 0.325696 0.640757
vt 0.325107 0.647117
vt 0.405964 0.703797
vt 0.806592 0.169307
vt 0.806631 0.614039
vt 0.806768 0.618313
vt 0.806532 0.618313
vt 0.805470 0.618029
vt 0.805388 0.618009
vt 0.805388 0.163018
vt 0.806725 0.163018
vt 0.232781 0.163108
vt 0.199233 0.484445
vt 0.177867 0.582232
vt 0.232781 0.575695
vt 0.388120 0.954651
vt 0.387422 0.954228
vt 0.387425 0.954150
vt 0.387998 0.876547
vt 0.388037 0.874821
vt 0.388333 0.875828
vt 0.388252 0.954598
vt 0.388774 0.873857
vt 0.388408 0.874169
vt 0.370897 0.889270
vt 0.352911 0.876967
vt 0.319322 0.852254
vt 0.525768 0.409691
vt 0.395612 0.410697
vt 0.525768 -0.002091
vt 0.395612 -0.002093
vt 0.237464 0.415025
vt 0.246257 0.414906
vt 0.246827 0.440875
vt 0.383836 0.441131
vt 0.524858 0.001907
vt 0.524858 0.001917
vt 0.507162 0.618870
vt 0.384716 0.440686
vt 0.411863 0.440603
vt 0.789576 0.418007
vt 0.798046 0.417552
vt 0.918325 0.182055
vt 0.828028 0.618313
vt 0.826616 0.592449
vt 0.913419 0.592438
vt 0.232781 0.182204
vt 0.102625 0.182203
vt 0.382787 0.564764
vt 0.382631 0.619115
vt 0.237464 0.181112
vt 0.240702 0.564764
vt 0.970722 0.739225
vt 0.970554 0.739686
vt 0.954407 0.742292
vt 0.933239 0.807749
vt 0.807949 0.723196
vt 0.899574 0.677074
vt 0.898715 0.679423
vt 0.957379 0.741215
vt 0.918325 0.236189
vt 0.816349 0.618313
vt 0.805388 0.236189
vt 0.402536 0.773710
vt 0.333114 0.634259
vt 0.332963 0.635944
vt 0.414336 0.696461
vt 0.418286 0.695352
vt 0.384716 0.234786
vt 0.524858 0.234786
vt 0.504285 0.618870
vt 0.910275 0.506115
vt 0.918325 0.505831
vt 0.805388 0.523943
vt 0.806888 0.172169
vt 0.806735 -0.107348
vt 0.859044 0.279510
vt 0.874449 0.300465
vt 0.918325 -0.117580
vt 0.906270 0.506109
vt 0.102625 0.506962
vt 0.111653 0.506678
vt 0.123819 0.505898
vt 0.232781 0.498632
vt 0.592537 0.700904
vt 0.599149 0.697713
vt 0.505205 0.645174
vt 0.505172 0.646037
vt 0.586783 0.700165
vt 0.589892 0.702173
vt 0.515873 0.318731
vt 0.511592 0.618870
vt 0.384716 0.456465
vt 0.403036 0.455629
vt 0.407585 0.455558
vt 0.384716 -0.120797
vt 0.523199 -0.120796
vt 0.384741 -0.120658
vt 0.441263 0.337053
vt 0.482995 0.389154
vt 0.522722 -0.093167
vt 0.657904 -0.122274
vt 0.798046 -0.122274
vt 0.798046 0.524168
vt 0.794968 0.578055
vt 0.791899 0.603442
vt 0.661267 0.603300
vt 0.657904 0.603306
vt 0.102625 0.481613
vt 0.102625 0.043890
vt 0.232781 0.043890
vt 0.232781 0.481652
vt 0.383342 0.510836
vt 0.383224 0.619115
vt 0.237464 0.480849
vt 0.240872 0.480875
vt 0.241098 0.509332
vt 0.266000 0.509555
vt 0.606576 0.704907
vt 0.606539 0.705380
vt 0.603546 0.706364
vt 0.591500 0.710266
vt 0.590603 0.721265
vt 0.585737 0.778638
vt 0.585704 0.796839
vt 0.428906 0.695250
vt 0.429611 0.694878
vt 0.488701 0.655946
vt 0.505986 0.644664
vt 0.506203 0.647025
vt 0.575591 0.696760
vt 0.579766 0.699287
vt 0.595035 0.708443
vt 0.604176 0.705659
vt 0.918325 0.535844
vt 0.821069 0.618313
vt 0.820059 0.589985
vt 0.912972 0.589978
vt 0.913656 0.535844
vt 0.102625 0.537065
vt 0.102625 0.153782
vt 0.232781 0.153782
vt 0.232781 0.537065
vt 0.237464 0.536315
vt 0.237464 0.152663
vt 0.239783 0.536315
vt 0.383836 0.152663
vt 0.401266 0.760888
vt 0.399068 0.775783
vt 0.329421 0.636849
vt 0.329316 0.637994
vt 0.393425 0.681043
vt 0.413478 0.696256
vt 0.416094 0.695474
vt 0.384716 0.151893
vt 0.524858 0.151893
vt 0.498411 0.618870
vt 0.384716 -0.100309
vt 0.384716 -0.100331
vt 0.523198 -0.100331
vt 0.519334 0.618870
vt 0.384716 0.512456
vt 0.397551 0.511635
vt 0.384972 -0.087723
vt 0.134346 0.472149
vt 0.232781 0.470220
vt 0.102625 0.472671
vt 0.237464 0.469405
vt 0.239048 0.469399
vt 0.237464 0.002845
vt 0.239335 0.442115
vt 0.383836 0.441583
vt 0.232781 0.181032
vt 0.102625 0.181032
vt 0.425955 0.689399
vt 0.427891 0.690956
vt 0.406695 0.696791
vt 0.392053 0.779976
vt 0.313870 0.647756
vt 0.392999 0.700683
vt 0.811475 0.618313
vt 0.805388 0.207964
vt 0.525001 0.558464
vt 0.525768 0.558464
vt 0.525768 0.201956
vt 0.237464 0.563942
vt 0.383836 0.563911
vt 0.427659 0.690768
vt 0.422829 0.692010
vt 0.406117 0.771570
vt 0.331779 0.635195
vt 0.411720 0.694545
vt 0.427140 0.690352
vt 0.918325 0.262883
vt 0.819258 0.618313
vt 0.805388 0.262884
vt 0.426912 0.690168
vt 0.400399 0.774987
vt 0.399965 0.774746
vt 0.415834 0.693148
vt 0.384716 0.261617
vt 0.524858 0.261617
vt 0.508488 0.618870
vt 0.918325 0.008018
vt 0.805388 0.555877
vt 0.835078 0.210892
vt 0.857642 -0.050867
vt 0.525692 0.539822
vt 0.525768 0.539822
vt 0.395612 0.001438
vt 0.525768 -0.054208
vt 0.525768 0.539167
vt 0.237464 -0.049320
vt 0.383836 -0.049320
vt 0.237464 0.545282
vt 0.242411 0.545341
vt 0.237464 0.544625
vt 0.524658 0.561622
vt 0.524858 0.561604
vt 0.384716 -0.050317
vt 0.460117 -0.079583
vt 0.797535 0.560915
vt 0.798046 0.556347
vt 0.657904 0.562555
vt 0.657904 -0.106146
vt 0.798046 -0.106146
vt 0.918325 0.238004
vt 0.879672 0.236199
vt 0.523454 0.308802
vt 0.525768 0.308829
vt 0.395612 0.232121
vt 0.522940 0.232978
vt 0.525768 -0.206142
vt 0.237464 0.314066
vt 0.383836 0.314622
vt 0.410602 0.768835
vt 0.411188 0.766195
vt 0.410560 0.768811
vt 0.793187 0.619262
vt 0.797934 0.619262
vt 0.797858 0.618596
vt 0.102627 0.106138
vt 0.232781 0.106132
vt 0.230429 0.516606
vt 0.102625 0.516905
vt 0.102625 0.106143
vt 0.237464 0.515836
vt 0.383836 0.515304
vt 0.397793 0.695927
vt 0.384679 0.782834
vt 0.386004 0.783591
vt 0.345599 0.625502
vt 0.423034 0.688618
vt 0.427186 0.690389
vt 0.425803 0.690845
vt 0.221432 -0.009333
vt 0.232781 0.614374
vt 0.400219 0.234091
vt 0.404904 -0.073259
vt 0.525768 0.001438
vt 0.395612 0.532444
vt 0.400059 0.244527
vt 0.523864 0.245711
vt 0.523987 0.242198
vt 0.523053 0.242185
vt 0.427295 0.691811
vt 0.427730 0.691684
vt 0.344370 0.626364
vt 0.344338 0.626701
vt 0.659215 0.619262
vt 0.659365 0.538754
vt 0.673387 0.541189
vt 0.797432 0.550224
vt 0.798046 0.550184
vt 0.918325 0.412902
vt 0.807983 0.618313
vt 0.805388 0.602431
vt 0.890018 0.412986
vt 0.225949 0.438276
vt 0.232781 0.438233
vt 0.102625 0.413750
vt 0.225039 0.413887
vt 0.232781 0.004108
vt 0.237464 0.437388
vt 0.382768 0.441696
vt 0.382114 0.587107
vt 0.383836 0.587152
vt 0.918325 0.183907
vt 0.830787 0.618313
vt 0.805388 0.183907
vt 0.231180 0.595684
vt 0.232781 0.595689
vt 0.102625 0.184061
vt 0.232781 0.184061
vt 0.237464 0.594995
vt 0.383836 0.594995
vt 0.388026 0.777856
vt 0.391929 0.780050
vt 0.330402 0.636161
vt 0.385804 0.673301
vt 0.403692 0.687272
vt 0.420607 0.685102
vt 0.406847 0.689709
vt 0.810555 0.618313
vt 0.918325 0.207930
vt 0.426676 0.689978
vt 0.406793 0.771166
vt 0.405897 0.770676
vt 0.422573 0.691094
vt 0.342234 0.627862
vt 0.518793 0.618870
vt 0.102625 0.586727
vt 0.232781 0.585369
vt 0.102625 0.503728
vt 0.104470 0.489523
vt 0.118105 0.007638
vt 0.232781 0.007638
vt 0.232781 0.370403
vt 0.227593 0.400819
vt 0.226704 0.417684
vt 0.232781 0.417773
vt 0.237464 0.584666
vt 0.237903 0.584643
vt 0.238028 0.416883
vt 0.282630 0.414862
vt 0.354960 0.411505
vt 0.375919 0.410172
vt 0.383836 0.409494
vt 0.657904 0.520238
vt 0.678866 0.523469
vt 0.795310 0.523233
vt 0.795359 0.522713
vt 0.795377 0.523187
vt 0.798046 0.523132
vt 0.798046 0.478591
vt 0.794903 0.510576
vt 0.103709 0.619785
vt 0.103026 0.600503
vt 0.102625 0.598061
vt 0.102625 0.518865
vt 0.232781 0.515196
vt 0.237464 0.514425
vt 0.241746 0.514416
vt 0.241491 0.479046
vt 0.364220 0.475810
vt 0.383836 0.475665
vt 0.524858 0.513709
vt 0.384716 0.475258
vt 0.402482 0.474528
vt 0.408190 0.474414
vt 0.384716 -0.100331
vt 0.444905 0.320428
vt 0.457002 0.511457
vt 0.109390 0.619785
vt 0.102625 0.475322
vt 0.107744 0.475319
vt 0.232781 0.474141
vt 0.136572 0.475133
vt 0.223676 0.474193
vt 0.237464 0.473331
vt 0.383836 0.473842
vt 0.427172 0.694194
vt 0.406175 0.771535
vt 0.406134 0.771510
vt 0.395408 0.777194
vt 0.408976 0.708537
vt 0.411272 0.697507
vt 0.423310 0.695032
vt 0.517926 0.618870
vt 0.384716 0.473434
vt 0.393840 0.473471
vt 0.395515 0.551848
vt 0.518745 0.552463
vt 0.102625 0.595689
vt 0.102625 0.184061
vt 0.232781 0.184061
vt 0.230540 0.595689
vt 0.383836 0.182971
vt 0.237464 0.182971
vt 0.423885 0.687736
vt 0.395855 0.777703
vt 0.390592 0.775067
vt 0.405357 0.690534
vt 0.411602 0.688651
vt 0.414134 0.690602
vt 0.336794 0.631678
vt 0.510139 0.618870
vt 0.384716 0.182235
vt 0.390396 0.594723
vt 0.511004 0.594723
vt 0.102625 0.410366
vt 0.105863 0.410332
vt 0.102625 0.409059
vt 0.232781 0.251172
vt 0.219726 0.307888
vt 0.232781 0.307287
vt 0.455954 0.821039
vt 0.455913 0.820602
vt 0.536608 0.853916
vt 0.536201 0.854164
vt 0.535287 0.854745
vt 0.533012 0.853598
vt 0.523348 0.618870
vt 0.384716 0.449515
vt 0.388849 0.449674
vt 0.523083 0.449553
vt 0.523770 0.449304
vt 0.528925 0.449342
vt 0.561432 0.435921
vt 0.608198 0.419751
vt 0.613906 0.190016
vt 0.627721 0.127052
vt 0.651854 0.518993
vt 0.652675 0.518982
vt 0.655117 0.518879
vt 0.102625 0.584780
vt 0.110891 0.584713
vt 0.114110 0.584680
vt 0.232781 0.586068
vt 0.237464 0.585366
vt 0.238688 0.585419
vt 0.238549 0.518900
vt 0.261167 0.519192
vt 0.383836 0.521387
vt 0.361066 0.798496
vt 0.399134 0.771807
vt 0.402632 0.773653
vt 0.524858 0.001909
vt 0.508787 0.618870
vt 0.384716 0.521032
vt 0.391052 0.520844
vt 0.107449 0.619785
vt 0.102625 0.541547
vt 0.106681 0.541559
vt 0.225763 0.541836
vt 0.226163 0.517742
vt 0.232781 0.517761
vt 0.237464 0.516992
vt 0.383836 0.516994
vt 0.324583 0.816428
vt 0.398457 0.772860
vt 0.398373 0.773554
vt 0.400795 0.774751
vt 0.422221 0.686399
vt 0.418127 0.687654
vt 0.400651 0.759065
vt 0.339678 0.629655
vt 0.383008 0.667186
vt 0.407659 0.686518
vt 0.418278 0.683230
vt 0.524858 0.104147
vt 0.514727 0.618870
vt 0.384716 0.516634
vt 0.402536 0.516646
vt 0.384716 0.104144
vt 0.105204 0.619785
vt 0.102625 0.208157
vt 0.232781 0.208157
vt 0.237464 0.589988
vt 0.383814 0.590621
vt 0.383836 0.590623
vt 0.421770 0.686036
vt 0.417606 0.687105
vt 0.408610 0.679792
vt 0.341767 0.628189
vt 0.918325 0.406923
vt 0.808351 0.618313
vt 0.805388 -0.110440
vt 0.918325 -0.110438
vt 0.904965 0.406243
vt 0.237464 0.603591
vt 0.379633 0.605730
vt 0.383836 0.605621
vt 0.604994 0.701638
vt 0.597821 0.789094
vt 0.595895 0.788317
vt 0.603062 0.702288
vt 0.603063 0.702274
vt 0.524858 0.527266
vt 0.384716 0.605360
vt 0.385671 0.605235
vt 0.386887 0.605118
vt 0.384716 -0.113621
vt 0.524858 -0.113621
vt 0.473824 0.283775
vt 0.415416 0.533129
vt 0.918325 -0.097218
vt 0.891741 0.315967
vt 0.918325 0.314066
vt 0.810455 0.618313
vt 0.237464 0.312782
vt 0.383836 0.312823
vt 0.524858 0.517771
vt 0.384716 0.312233
vt 0.392475 0.312273
vt 0.396413 0.516820
vt 0.654091 0.619026
vt 0.523770 0.517686
vt 0.531089 0.518045
vt 0.414565 0.680246
vt 0.388010 0.782392
vt 0.373623 0.774608
vt 0.386850 0.685352
vt 0.392127 0.683468
vt 0.395867 0.686319
vt 0.328435 0.637541
vt 0.419151 0.683932
vt 0.334706 0.633142
vt 0.407074 0.687664
vt 0.506818 0.618870
vt 0.390054 0.596034
vt 0.507875 0.596034
vt 0.237464 0.541025
vt 0.252659 0.540887
vt 0.353937 0.538548
vt 0.379846 0.537030
vt 0.383836 0.536590
vt 0.400230 0.770013
vt 0.404631 0.758498
vt 0.426672 0.696448
vt 0.408531 0.770127
vt 0.406700 0.769108
vt 0.402811 0.771373
vt 0.237464 0.594551
vt 0.243246 0.594570
vt 0.383836 0.594691
vt 0.415443 0.688302
vt 0.415550 0.685624
vt 0.419894 0.684529
vt 0.406258 0.771485
vt 0.402674 0.769532
vt 0.405143 0.760577
vt 0.413829 0.703940
vt 0.528971 0.595154
vt 0.528340 -0.024379
vt 0.655117 -0.024379
vt 0.642282 0.619026
vt 0.523770 0.595584
vt 0.111645 0.619785
vt 0.102625 0.415747
vt 0.108571 0.415747
vt 0.221290 0.517762
vt 0.232781 0.517761
vt 0.209951 0.415738
vt 0.232781 0.004108
vt 0.102625 0.004112
vt 0.237464 0.516993
vt 0.383836 0.516873
vt 0.407762 0.769244
vt 0.408989 0.769853
vt 0.404545 0.772510
vt 0.400182 0.770145
vt 0.321941 0.814638
vt 0.426803 0.690081
vt 0.425435 0.690479
vt 0.424798 0.690654
vt 0.408398 0.765987
vt 0.918325 0.516597
vt 0.816676 0.618313
vt 0.918325 0.106214
vt 0.903944 0.516598
vt 0.217885 0.517761
vt 0.218735 0.494973
vt 0.232781 0.494973
vt 0.102625 0.517761
vt 0.214589 0.494973
vt 0.102625 0.106132
vt 0.232781 0.106140
vt 0.383836 0.494183
vt 0.237464 0.494183
vt 0.419845 0.684489
vt 0.411183 0.687153
vt 0.395855 0.770329
vt 0.402296 0.773854
vt 0.389591 0.104144
vt 0.414716 0.463155
vt 0.524858 0.463155
vt 0.384716 0.493797
vt 0.405001 0.493797
vt 0.232781 0.230944
vt 0.106822 0.619785
vt 0.102625 0.230945
vt 0.324978 0.816695
vt 0.415415 0.680930
vt 0.401710 0.685343
vt 0.387225 0.770994
vt 0.395170 0.775394
vt 0.655117 0.228446
vt 0.635094 0.619026
vt 0.523770 0.228440
vt 0.655117 0.228446
vt 0.336374 0.803261
vt 0.318143 0.812067
vt 0.257944 0.686980
vt 0.426217 0.689609
vt 0.422597 0.690488
vt 0.420860 0.697434
vt 0.408868 0.741740
vt 0.402464 0.764054
vt 0.403900 0.764515
vt 0.323250 0.809912
vt 0.384716 0.003117
vt 0.384777 0.607273
vt 0.524811 0.607674
vt 0.524858 0.001907
vt 0.387667 0.607263
vt 0.255736 0.947209
vt 0.251313 0.943511
vt 0.173401 0.975187
vt 0.171328 0.976191
vt 0.426231 0.690593
vt 0.427081 0.690304
vt 0.427778 0.691467
vt 0.427093 0.691736
vt 0.422370 0.693466
vt 0.421385 0.697385
vt 0.401957 0.771039
vt 0.404647 0.772449
vt 0.396907 0.777075
vt 0.393235 0.775605
vt 0.330615 0.814993
vt 0.329095 0.816035
vt 0.326462 0.817699
vt 0.344883 0.626004
vt 0.344705 0.626859
vt 0.421925 0.688127
vt 0.425756 0.690745
vt 0.384716 0.523803
vt 0.393310 0.523257
vt 0.424666 0.524840
vt 0.523391 0.524526
vt 0.523006 0.618870
vt 0.232781 0.106132
vt 0.102625 0.106142
vt 0.524858 0.510083
vt 0.384716 0.104144
vt 0.390475 0.514739
vt 0.414122 0.513728
vt 0.440461 0.512251
vt 0.552289 0.508908
vt 0.655117 0.103068
vt 0.644756 0.421261
vt 0.580740 0.508376
vt 0.655117 0.506750
vt 0.523770 0.509979
vt 0.918325 0.454369
vt 0.805388 0.047821
vt 0.822762 0.528138
vt 0.908244 0.589986
vt 0.915446 0.590146
vt 0.915714 0.590151
vt 0.916360 0.454503
vt 0.409369 0.764554
vt 0.410188 0.764994
vt 0.325280 0.812720
vt 0.325105 0.816781
vt 0.325040 0.816737
vt 0.325219 0.813815
vt 0.245974 0.760970
vt 0.423579 0.687490
vt 0.423342 0.689812
vt 0.412010 0.752863
vt 0.383836 0.516484
vt 0.287614 0.424262
vt 0.329804 0.413730
vt 0.383835 0.002878
vt 0.378631 0.516605
vt 0.383836 -0.011203
vt 0.373708 0.507194
vt 0.383836 0.506509
vt 0.237464 0.606188
vt 0.240521 0.606209
vt 0.237464 -0.010064
vt 0.237464 -0.011211
vt 0.663100 0.502863
vt 0.657904 -0.013335
vt 0.657904 -0.013367
vt 0.710239 0.399463
vt 0.750660 0.409977
vt 0.798046 -0.013367
vt 0.657904 0.502743
vt 0.105289 0.619785
vt 0.383836 0.002852
vt 0.375616 0.412484
vt 0.383836 0.411785
vt 0.237803 0.606444
vt 0.238825 0.605980
vt 0.238663 0.606282
vt 0.374456 0.580613
vt 0.370759 0.428705
vt 0.365522 0.427953
vt 0.365123 0.382006
vt 0.410556 0.768633
vt 0.410637 0.768677
vt 0.368286 0.794181
vt 0.345637 0.806339
vt 0.326808 0.816962
vt 0.325944 0.817349
vt 0.411010 0.766997
vt 0.657904 0.000758
vt 0.797649 0.619262
vt 0.798046 0.001889
vt 0.794629 0.619262
vt 0.657904 0.519106
vt 0.666631 0.519771
vt 0.237464 0.565599
vt 0.249922 0.565795
vt 0.282826 0.566360
vt 0.254108 0.547945
vt 0.237464 0.015299
vt 0.383836 0.015324
vt 0.870379 0.842059
vt 0.948996 0.798737
vt 0.871480 0.841617
vt 0.870687 0.841948
vt 0.872049 0.841362
vt 0.439170 0.538875
vt 0.524858 0.536263
vt 0.384716 0.014400
vt 0.384718 0.014381
vt 0.422967 0.466064
vt 0.216794 0.492419
vt 0.216697 0.500038
vt 0.232781 0.498937
vt 0.102625 0.076404
vt 0.127650 0.479436
vt 0.192389 0.403773
vt 0.192804 0.399272
vt 0.232781 0.076404
vt 0.383836 0.605048
vt 0.239024 0.619115
vt 0.239047 0.615542
vt 0.238994 0.603390
vt 0.244433 0.603330
vt 0.382809 0.604950
vt 0.334207 0.799441
vt 0.322075 0.806578
vt 0.414777 0.680417
vt 0.413712 0.680705
vt 0.411888 0.704949
vt 0.405234 0.744953
vt 0.399901 0.763824
vt 0.524858 0.604515
vt 0.384716 0.604787
vt 0.386807 0.604875
vt 0.383836 0.414005
vt 0.237464 0.517417
vt 0.363058 0.517954
vt 0.377752 0.517859
vt 0.379041 0.414026
vt 0.407746 0.763972
vt 0.411272 0.765817
vt 0.411268 0.765835
vt 0.338150 0.803268
vt 0.324395 0.811633
vt 0.323545 0.812095
vt 0.323191 0.815485
vt 0.423711 0.687596
vt 0.423409 0.690008
vt 0.120530 0.924771
vt 0.173426 0.978121
vt 0.173826 0.976170
vt 0.174597 0.972615
vt 0.172674 0.970905
vt 0.128749 0.931595
vt 0.798026 0.103311
vt 0.798046 0.103247
vt 0.791413 0.619262
vt 0.661809 0.517813
vt 0.665266 0.517283
vt 0.398210 0.757111
vt 0.318969 0.800912
vt 0.313447 0.803661
vt 0.313819 0.809139
vt 0.312806 0.808453
vt 0.312981 0.803978
vt 0.260176 0.768059
vt 0.246207 0.759527
vt 0.416630 0.681906
vt 0.415380 0.688289
vt 0.415380 0.688289
vt 0.415386 0.688316
vt 0.400608 0.742831
vt 0.398560 0.757297
vt 0.382360 0.532166
vt 0.383836 0.532264
vt 0.237464 0.507751
vt 0.381361 0.509007
vt 0.273667 0.507748
vt 0.368776 0.508257
vt 0.418387 0.533208
vt 0.524858 0.535325
vt 0.384716 0.531921
vt 0.391793 0.532532
vt 0.538415 0.534957
vt 0.523770 0.103071
vt 0.523771 0.103082
vt 0.540233 0.525764
vt 0.655117 0.525066
vt 0.523770 0.535282
vt 0.410338 0.769047
vt 0.397565 0.762109
vt 0.311760 0.807245
vt 0.245808 0.762784
vt 0.245798 0.762778
vt 0.245797 0.762783
vt 0.245691 0.762718
vt 0.414061 0.679841
vt 0.412528 0.687716
vt 0.400076 0.741113
vt 0.397995 0.761599
vt 0.410390 0.769016
vt 0.327622 0.818485
vt 0.324673 0.816488
vt 0.324750 0.815884
vt 0.326080 0.815307
vt 0.408139 0.767222
vt 0.410648 0.768629
vt 0.331439 0.812345
vt 0.324673 0.816488
vt 0.323256 0.815529
vt 0.805398 0.618277
vt 0.805398 0.207968
vt 0.918315 0.207968
vt 0.918314 0.618277
vt 0.219496 0.577131
vt 0.222910 0.579700
vt 0.232770 0.619753
vt 0.102723 0.619753
vt 0.102955 0.619666
vt 0.102636 0.619753
vt 0.102637 0.208195
vt 0.232770 0.208195
vt 0.213727 0.552031
vt 0.246116 0.760093
vt 0.419649 0.684332
vt 0.404463 0.759490
vt 0.405311 0.759935
vt 0.320700 0.806593
vt 0.320507 0.809681
vt 0.383836 0.515675
vt 0.237464 0.526897
vt 0.352329 0.528403
vt 0.378983 0.528266
vt 0.379129 0.515530
vt 0.318193 0.974881
vt 0.318236 0.974009
vt 0.273550 0.941875
vt 0.269948 0.939452
vt 0.384429 0.871359
vt 0.384204 0.874425
vt 0.382192 0.933162
vt 0.382579 0.947524
vt 0.388902 0.952602
vt 0.523770 0.606375
vt 0.525882 0.606333
vt 0.523770 0.193165
vt 0.523770 0.193126
vt 0.523770 0.193081
vt 0.655117 0.193086
vt 0.655112 0.193266
vt 0.654809 0.193266
vt 0.523770 0.193199
vt 0.527861 0.606337
vt 0.643688 0.606184
vt 0.643286 0.619026
vt 0.118192 0.619785
vt 0.102625 0.187121
vt 0.232781 0.187121
vt 0.232781 0.187155
vt 0.226607 0.597220
vt 0.232781 0.597301
vt 0.383836 0.597821
vt 0.237464 0.596609
vt 0.245864 0.596606
vt 0.371726 0.597516
vt 0.383053 0.597794
vt 0.168018 0.973148
vt 0.168223 0.972258
vt 0.172076 0.970255
vt 0.187396 0.963038
vt 0.251770 0.938348
vt 0.258912 0.944680
vt 0.181541 0.965253
vt 0.187408 0.963010
vt 0.187408 0.963010
vt 0.424978 0.688614
vt 0.423672 0.695104
vt 0.408242 0.762127
vt 0.407483 0.766709
vt 0.410700 0.768395
vt 0.655116 0.205550
vt 0.655117 0.205593
vt 0.650441 0.619026
vt 0.245889 0.761493
vt 0.418081 0.683072
vt 0.403390 0.756884
vt 0.412202 0.761630
vt 0.410857 0.767687
vt 0.409893 0.767184
vt 0.326374 0.816391
vt 0.249290 0.763496
vt 0.245732 0.762466
vt 0.426830 0.690102
vt 0.237464 0.207120
vt 0.383836 0.207090
vt 0.239119 0.619115
vt 0.238985 0.589621
vt 0.380284 0.590019
vt 0.383829 0.207111
vt 0.271326 0.207120
vt 0.383825 0.207122
vt 0.535991 0.853355
vt 0.534784 0.853632
vt 0.535150 0.856463
vt 0.540507 0.953807
vt 0.449888 0.998817
vt 0.450098 0.997889
vt 0.393719 0.955645
vt 0.536281 0.853135
vt 0.535991 0.853355
vt 0.536327 0.854002
vt 0.536395 0.853513
vt 0.408399 0.764412
vt 0.333321 0.807089
vt 0.324344 0.812107
vt 0.324277 0.813191
vt 0.249046 0.763248
vt 0.245930 0.761242
vt 0.425466 0.689006
vt 0.425278 0.690395
vt 0.409187 0.764826
vt 0.523770 0.541791
vt 0.528499 0.541454
vt 0.523770 0.464708
vt 0.523770 0.442065
vt 0.630942 0.414768
vt 0.648776 0.435705
vt 0.654729 0.539600
vt 0.655117 0.539595
vt 0.657904 0.539821
vt 0.658443 0.539842
vt 0.662907 0.539934
vt 0.777713 0.541654
vt 0.795259 0.541922
vt 0.798046 0.492250
vt 0.258001 0.686940
vt 0.261118 0.684754
vt 0.263780 0.685722
vt 0.263806 0.685733
vt 0.348818 0.627414
vt 0.427537 0.690671
vt 0.427127 0.690818
vt 0.426770 0.690943
vt 0.410178 0.766481
vt 0.409537 0.769148
vt 0.409831 0.769350
vt 0.245784 0.763072
vt 0.247208 0.753341
vt 0.257479 0.689854
vt 0.258234 0.687016
vt 0.258063 0.686961
vt 0.347453 0.626317
vt 0.316948 0.645597
vt 0.413439 0.047773
vt 0.389591 -0.202568
vt 0.524858 0.618810
vt 0.524380 0.618797
vt 0.478571 0.618870
vt 0.389765 0.618870
vt 0.389922 0.514984
vt 0.384716 -0.226361
vt 0.389591 -0.226361
vt 0.389733 0.594529
vt 0.392801 0.594530
vt 0.524858 0.596612
vt 0.384716 0.595096
vt 0.385825 0.595051
vt 0.527838 0.594424
vt 0.528340 -0.228229
vt 0.655117 -0.228229
vt 0.523770 0.596716
vt 0.527849 0.596111
vt 0.424249 0.707362
vt 0.266476 0.680996
vt 0.262760 0.684467
vt 0.262269 0.685388
vt 0.263631 0.685865
vt 0.348813 0.627410
vt 0.427891 0.690956
vt 0.427772 0.691492
vt 0.425483 0.701806
vt 0.263628 0.685863
vt 0.263533 0.683060
vt 0.262464 0.684295
vt 0.261269 0.685152
vt 0.263708 0.685988
vt 0.348795 0.627396
vt 0.255356 0.702978
vt 0.257859 0.687503
vt 0.545597 0.487663
vt 0.640482 0.499853
vt 0.528180 0.619026
vt 0.528154 0.592775
vt 0.528154 0.590737
vt 0.383836 -0.201395
vt 0.383836 0.619109
vt 0.237464 0.619109
vt 0.237464 -0.201395
vt 0.727876 0.873864
vt 0.804496 0.823137
vt 0.724942 0.873168
vt 0.726432 0.873801
vt 0.727614 0.874036
vt 0.727228 0.873959
vt 0.524858 0.607270
vt 0.384716 -0.202568
vt 0.389591 -0.202568
vt 0.389127 0.577824
vt 0.390025 0.607288
vt 0.392644 0.607683
vt 0.175249 0.804913
vt 0.109760 0.848849
vt 0.108583 0.849741
vt 0.108432 0.849847
vt 0.108393 0.849869
vt 0.108393 0.849874
vt 0.154605 0.752550
vt 0.154605 0.752552
vt 0.154606 0.752553
vt 0.157416 0.759658
vt 0.175249 0.804913
vt 0.175313 0.804934
vt 0.175314 0.804937
vt 0.546715 -0.108103
vt 0.543369 0.493866
vt 0.644756 0.507164
vt 0.639101 -0.105831
vt 0.655117 -0.198746
vt 0.655111 0.619026
vt 0.527929 0.619026
vt 0.528479 0.588905
vt 0.232781 0.619778
vt 0.102662 0.619780
vt 0.102664 0.619780
vt 0.102625 0.619780
vt 0.102625 -0.216509
vt 0.232781 -0.216509
vt 0.232781 -0.215476
vt 0.232565 0.602828
vt 0.232671 0.602829
vt 0.376903 0.598051
vt 0.376907 0.598052
vt 0.383796 -0.212405
vt 0.238842 -0.212514
vt 0.240513 -0.199393
vt 0.238281 -0.212522
vt 0.355735 0.584611
vt 0.255348 0.536613
vt 0.237464 -0.216950
vt 0.383836 0.315660
vt 0.381170 0.546444
vt 0.383836 0.593558
vt 0.237464 0.602129
vt 0.358103 0.598690
vt 0.376899 0.598050
vt 0.384716 0.593284
vt 0.384908 0.598824
vt 0.388298 0.597832
vt 0.407171 0.598758
vt 0.524858 0.601873
vt 0.523770 0.601989
vt 0.526651 0.601579
vt 0.528803 0.601271
vt 0.528340 -0.221031
vt 0.653561 -0.221031
vt 0.653705 0.602421
vt 0.655117 0.602490
vt 0.916615 0.008018
vt 0.916431 0.017002
vt 0.916317 0.111375
vt 0.805388 0.443137
vt 0.831434 0.008018
vt 0.237741 0.389053
vt 0.237464 0.270898
vt 0.383836 0.001997
vt 0.237464 0.600403
vt 0.238255 0.600451
vt 0.237841 0.430960
vt 0.284671 0.432793
vt 0.382957 0.437319
vt 0.381434 0.418192
vt 0.376311 0.413189
vt 0.300515 0.367710
vt 0.381432 0.437083
vt 0.102625 0.525896
vt 0.103510 0.525923
vt 0.103511 0.525923
vt 0.106417 0.525949
vt 0.115631 0.525914
vt 0.232781 0.521970
vt 0.507095 0.081711
vt 0.524858 0.417973
vt 0.384716 0.005444
vt 0.385540 0.005444
vt 0.385652 0.066800
vt 0.503104 0.010937
vt 0.523770 0.417648
vt 0.577518 0.377056
vt 0.642606 0.336273
vt 0.655117 0.460385
vt 0.789560 0.493943
vt 0.790983 0.527830
vt 0.798046 0.527484
vt 0.657904 0.460600
vt 0.688711 0.485079
vt 0.783980 0.497581
vt 0.789559 0.493943
vt 0.789560 0.493943
vt 0.237464 0.585220
vt 0.243205 0.588849
vt 0.342996 0.576786
vt 0.375515 0.552554
vt 0.383836 0.429075
vt 0.237464 0.585220
vt 0.523578 0.618870
vt 0.383831 -0.201373
vt 0.383831 0.619090
vt 0.237469 0.619089
vt 0.237469 -0.201373
vt 0.524858 -0.202568
vt 0.524858 0.618869
vt 0.655116 -0.204379
vt 0.523770 0.619019
vt 0.523770 -0.204370
vt 0.805388 -0.183338
vt 0.918325 -0.183338
vt 0.918325 -0.182863
vt 0.918325 -0.182647
vt 0.237468 0.619096
vt 0.237468 -0.185723
vt 0.383832 -0.185723
vt 0.383832 0.619095
vt 0.797646 -0.186105
vt 0.798003 -0.187373
vt 0.798046 -0.187445
vt 0.657904 -0.187816
vt 0.657950 -0.188243
vt 0.668046 -0.187850
vt 0.231646 0.599040
vt 0.102625 -0.199789
vt 0.232781 -0.190007
vt 0.232773 0.605483
vt 0.232781 0.605482
vt 0.102625 0.605249
vt 0.104955 0.605260
vt 0.232781 -0.199395
vt 0.524858 -0.202568
vt 0.387670 0.603045
vt 0.524858 0.601864
vt 0.384716 0.603111
vt 0.384804 0.603114
vt 0.524858 0.600637
vt 0.654758 0.585934
vt 0.655117 0.585835
vt 0.523770 0.600750
vt 0.651180 0.603107
vt 0.653562 0.603083
vt 0.654424 0.602899
vt 0.653358 -0.211190
vt 0.653561 -0.221031
vt 0.653394 -0.211389
vt 0.652125 0.603046
vt 0.526270 0.600796
vt 0.523770 -0.221031
vt 0.529376 -0.174820
vt 0.542599 0.483625
vt 0.645618 0.549818
vt 0.647066 -0.175803
vt 0.657904 0.586067
vt 0.658979 0.585910
vt 0.259856 0.690273
vt 0.260233 0.687645
vt 0.332754 0.641298
vt 0.347052 0.629700
vt 0.347255 0.626159
vt 0.347676 0.626496
vt 0.347668 0.628266
vt 0.419932 0.688892
vt 0.425451 0.693304
vt 0.427116 0.694448
vt 0.362535 0.797618
vt 0.245678 0.762798
vt 0.258223 0.700245
vt 0.383836 0.530803
vt 0.377277 0.619115
vt 0.343388 0.632044
vt 0.343682 0.626847
vt 0.257393 0.690386
vt 0.257941 0.690598
vt 0.384716 0.618870
vt 0.384716 0.530458
vt 0.415881 0.094863
vt 0.384716 -0.202568
vt 0.524858 -0.202568
vt 0.524858 0.584936
vt 0.521095 0.618870
vt 0.523770 0.619023
vt 0.655116 -0.204376
vt 0.655117 0.619023
vt 0.523781 0.618957
vt 0.523782 -0.204301
vt 0.655111 -0.204344
vt 0.655111 0.618991
vt 0.158132 0.761470
vt 0.394927 0.867123
vt 0.393706 0.956657
vt 0.403491 -0.202568
vt 0.524841 -0.202451
vt 0.384716 0.618870
vt 0.655024 0.602572
vt 0.655117 -0.202554
vt 0.523770 -0.204371
vt 0.525557 0.604308
vt 0.613441 0.604400
vt 0.798046 -0.203802
vt 0.657904 -0.202426
vt 0.657904 -0.203747
vt 0.657919 -0.203656
vt 0.670379 0.536691
vt 0.782952 0.534389
vt 0.782975 0.534385
vt 0.798046 -0.203838
vt 0.456533 0.820129
vt 0.534894 0.852764
vt 0.534897 0.852765
vt 0.535086 0.852731
vt 0.536471 0.853456
vt 0.536476 0.853452
vt 0.536472 0.853490
vt 0.541256 0.953429
vt 0.524858 -0.186347
vt 0.524758 0.618870
vt 0.384723 0.618827
vt 0.524748 0.618814
vt 0.524848 -0.186839
vt 0.384726 -0.186840
vt 0.383836 -0.200828
vt 0.237464 -0.200932
vt 0.237828 0.604328
vt 0.383786 0.604566
vt 0.383836 0.604565
vt 0.175308 0.805363
vt 0.110802 0.706509
vt 0.110788 0.706596
vt 0.154582 0.752648
vt 0.154609 0.752666
vt 0.154646 0.752652
vt 0.154665 0.752699
vt 0.154579 0.752739
vt 0.384725 0.618817
vt 0.524846 -0.157473
vt 0.524635 0.618799
vt 0.918117 0.589428
vt 0.918325 0.589461
vt 0.805388 0.571912
vt 0.811484 0.571772
vt 0.808198 0.571870
vt 0.918096 0.570530
vt 0.102625 0.590845
vt 0.104144 0.590971
vt 0.232781 0.590973
vt 0.523651 0.586028
vt 0.524858 0.585854
vt 0.472655 0.618870
vt 0.384727 0.618808
vt 0.441830 -0.219180
vt 0.523199 -0.219180
vt 0.523770 0.619026
vt 0.523770 0.585932
vt 0.652639 0.585157
vt 0.653417 0.585001
vt 0.653561 -0.221031
vt 0.653798 0.602350
vt 0.655117 0.602700
vt 0.649920 0.584983
vt 0.529764 0.585813
vt 0.523770 -0.221031
vt 0.247687 0.763289
vt 0.247686 0.763288
vt 0.247501 0.763352
vt 0.246602 0.763625
vt 0.255794 0.700270
vt 0.295019 0.660977
vt 0.311758 0.649237
vt 0.409968 0.769268
vt 0.409889 0.769227
vt 0.328455 0.817769
vt 0.328362 0.817716
vt 0.328402 0.817801
vt 0.328348 0.817832
vt 0.327545 0.818321
vt 0.255434 0.768475
vt 0.523773 0.619012
vt 0.523770 -0.204373
vt 0.655117 -0.204372
vt 0.655117 0.619017
vt 0.341421 0.810237
vt 0.328388 0.818004
vt 0.327632 0.818468
vt 0.327613 0.818479
vt 0.523770 0.570825
vt 0.523770 -0.204379
vt 0.523770 -0.204188
vt 0.523802 -0.204166
vt 0.798046 -0.197021
vt 0.658065 0.619262
vt 0.657904 -0.196542
vt 0.798036 -0.198541
vt 0.626966 0.808957
vt 0.626960 0.809417
vt 0.708075 0.876663
vt 0.709015 0.877418
vt 0.709184 0.877382
vt 0.524856 -0.195704
vt 0.524570 0.618853
vt 0.657904 -0.204188
vt 0.658634 0.619262
vt 0.658599 0.600225
vt 0.661351 0.600231
vt 0.797304 0.600407
vt 0.798046 -0.202161
vt 0.798043 -0.204233
vt 0.657907 -0.204233
vt 0.657904 -0.203861
vt 0.257809 0.689204
vt 0.257980 0.687709
vt 0.259744 0.686626
vt 0.340664 0.629820
vt 0.345231 0.626150
vt 0.345251 0.625746
vt 0.345743 0.625401
vt 0.345740 0.625960
vt 0.426095 0.690543
vt 0.427380 0.691520
vt 0.427795 0.691392
vt 0.245681 0.763002
vt 0.258448 0.686880
vt 0.344988 0.626048
vt 0.425284 0.690359
vt 0.425656 0.690665
vt 0.425149 0.693380
vt 0.408601 0.769326
vt 0.409240 0.769703
vt 0.257906 0.687214
vt 0.258051 0.687137
vt 0.426898 0.690329
vt 0.427048 0.690278
vt 0.408789 0.768199
vt 0.425656 0.690665
vt 0.426109 0.690547
vt 0.424610 0.689804
vt 0.345615 0.625605
vt 0.345620 0.625488
vt 0.427006 0.690244
vt 0.523199 -0.191754
vt 0.523023 0.618869
vt 0.384716 -0.191500
vt 0.384743 -0.191482
vt 0.440313 0.309064
vt 0.481444 0.384103
vt 0.918325 -0.212845
vt 0.805388 0.604936
vt 0.807382 0.604929
vt 0.917163 0.604553
vt 0.918325 -0.212483
vt 0.910161 0.557592
vt 0.815050 0.553218
vt 0.805388 -0.212845
vt 0.917093 0.604551
vt 0.515781 0.546732
vt 0.524858 -0.216551
vt 0.384716 -0.216551
vt 0.385783 0.604958
vt 0.385814 0.604958
vt 0.387100 0.604968
vt 0.409147 0.605097
vt 0.601924 0.765019
vt 0.383832 -0.201378
vt 0.383832 0.619094
vt 0.237468 0.619094
vt 0.237468 -0.201378
vt 0.410588 0.768897
vt 0.383833 -0.201382
vt 0.383832 0.619097
vt 0.237468 0.619097
vt 0.237467 -0.201381
vt 0.040036 0.796893
vt 0.046179 0.730122
vt 0.384716 0.618870
vt 0.392276 0.571158
vt 0.516037 0.568302
vt 0.524834 -0.200846
vt 0.384721 -0.202538
vt 0.524853 -0.202537
vt 0.384731 0.618785
vt 0.384730 -0.202480
vt 0.524843 -0.202480
vt 0.524843 0.618785
vt 0.533239 0.851874
vt 0.473694 0.828190
vt 0.534804 0.853538
vt 0.534932 0.853592
vt 0.535023 0.853503
vt 0.535666 0.852880
vt 0.536444 0.853203
vt 0.536329 0.853295
vt 0.536329 0.853297
vt 0.535049 0.854330
vt 0.535158 0.856895
vt 0.539374 0.952044
vt 0.539488 0.953915
vt 0.539855 0.954136
vt 0.231492 0.619785
vt 0.102625 0.498249
vt 0.120311 0.497539
vt 0.229404 0.494446
vt 0.231240 -0.213894
vt 0.232781 -0.213894
vt 0.232781 0.266365
vt 0.231045 0.615210
vt 0.801878 0.822817
vt 0.801900 0.822668
vt 0.722717 0.874727
vt 0.722763 0.874697
vt 0.410192 0.769134
vt 0.346047 0.625188
vt 0.427864 0.691078
vt 0.427371 0.691220
vt 0.279263 0.381904
vt 0.341031 0.378602
vt 0.805388 0.608344
vt 0.918325 0.608395
vt 0.524853 -0.212756
vt 0.524858 -0.212602
vt 0.384716 -0.212785
vt 0.405037 0.498584
vt 0.405041 0.498586
vt 0.503266 0.499626
vt 0.657904 -0.214493
vt 0.766654 0.609229
vt 0.796295 0.609209
vt 0.797566 0.609206
vt 0.797590 0.609205
vt 0.798046 0.609216
vt 0.918324 0.417973
vt 0.918325 0.417973
vt 0.918325 0.534204
vt 0.805388 0.415794
vt 0.269777 0.619115
vt 0.248363 0.746202
vt 0.245651 0.762967
vt 0.245804 0.762278
vt 0.383817 -0.201289
vt 0.383816 0.619008
vt 0.237484 0.619008
vt 0.237483 -0.201289
vt 0.605740 0.702664
vt 0.606243 0.702477
vt 0.599974 0.787718
vt 0.600028 0.787683
vt 0.598417 0.788713
vt 0.511727 0.640917
vt 0.602772 0.701798
vt 0.603684 0.702366
vt 0.604732 0.703012
vt 0.237464 0.222537
vt 0.237464 0.158895
vt 0.239277 0.500135
vt 0.374162 0.497500
vt 0.383836 0.497462
vt 0.237464 0.521330
vt 0.238612 0.521342
vt 0.392572 0.497293
vt 0.386376 -0.216551
vt 0.384716 0.497080
vt 0.392556 0.497292
vt 0.386657 0.592104
vt 0.384716 -0.229254
vt 0.384738 -0.229201
vt 0.524858 -0.229334
vt 0.384716 0.592145
vt 0.646604 0.618313
vt 0.534103 0.402196
vt 0.646722 0.401616
vt 0.657904 0.417386
vt 0.692661 0.418619
vt 0.797406 0.422456
vt 0.797428 0.401509
vt 0.798046 0.401488
vt 0.222587 0.619785
vt 0.102625 0.599302
vt 0.103117 0.599308
vt 0.106995 0.599259
vt 0.222937 0.599186
vt 0.257483 0.689829
vt 0.344909 0.625986
vt 0.344612 0.634042
vt 0.258075 0.690099
vt 0.258075 0.690099
vt 0.258068 0.690096
vt 0.258075 0.690099
vt 0.258076 0.690099
vt 0.252069 0.767327
vt 0.257067 0.709005
vt 0.259548 0.689364
vt 0.345010 0.625915
vt 0.422535 0.695883
vt 0.425655 0.698079
vt 0.426358 0.697862
vt 0.426263 0.698292
vt 0.425477 0.698535
vt 0.420097 0.726067
vt 0.104177 0.500492
vt 0.102625 -0.217088
vt 0.232781 -0.217088
vt 0.102625 0.500483
vt 0.232517 0.517027
vt 0.232477 0.619785
vt 0.102625 -0.199941
vt 0.105164 0.515058
vt 0.109443 0.515557
vt 0.119921 0.515524
vt 0.452104 0.823507
vt 0.456440 0.820200
vt 0.456438 0.820201
vt 0.523770 0.619026
vt 0.523770 0.596635
vt 0.527405 0.596661
vt 0.634087 0.597334
vt 0.651854 0.564746
vt 0.653189 -0.030233
vt 0.655117 0.247411
vt 0.652304 -0.158926
vt 0.605141 0.112815
vt 0.572235 0.113093
vt 0.554290 0.430608
vt 0.523770 -0.204379
vt 0.653562 -0.204379
vt 0.657904 0.247598
vt 0.710030 0.065342
vt 0.789002 0.218641
vt 0.797150 -0.097788
vt 0.791667 0.523638
vt 0.798046 0.523537
vt 0.257845 0.687592
vt 0.283453 0.669089
vt 0.339353 0.632013
vt 0.339686 0.629649
vt 0.340286 0.629229
vt 0.340073 0.631275
vt 0.412270 0.687781
vt 0.421402 0.694667
vt 0.427431 0.693027
vt 0.427326 0.693500
vt 0.424286 0.694367
vt 0.420051 0.695506
vt 0.419259 0.699219
vt 0.403303 0.773252
vt 0.246368 0.758531
vt 0.263174 0.691501
vt 0.263420 0.689668
vt 0.805388 0.185865
vt 0.857666 0.190034
vt 0.883199 0.191309
vt 0.890487 0.191828
vt 0.918325 -0.225551
vt 0.892250 0.237419
vt 0.918325 0.236927
vt 0.427754 0.691576
vt 0.426967 0.691822
vt 0.426365 0.691998
vt 0.426189 0.692555
vt 0.404672 0.760536
vt 0.404271 0.762834
vt 0.411121 0.766500
vt 0.395295 0.490415
vt 0.384716 -0.229334
vt 0.384716 0.490541
vt 0.390860 0.490497
vt 0.102625 0.146257
vt 0.105376 0.146420
vt 0.105375 0.146509
vt 0.176572 0.153085
vt 0.805388 0.260435
vt 0.857029 0.255618
vt 0.891569 0.253088
vt 0.898927 0.252485
vt 0.918325 0.250713
vt 0.346687 0.625732
vt 0.346689 0.625704
vt 0.257857 0.687519
vt 0.258184 0.687356
vt 0.652890 0.388908
vt 0.523770 -0.216776
vt 0.655116 -0.216776
vt 0.647990 0.388549
vt 0.102625 0.494748
vt 0.122870 0.494407
vt 0.232781 0.496620
vt 0.260956 0.692142
vt 0.260723 0.692016
vt 0.351584 0.632111
vt 0.351667 0.631618
vt 0.425151 0.690339
vt 0.427256 0.692052
vt 0.427675 0.691928
vt 0.427497 0.692730
vt 0.426942 0.692894
vt 0.409540 0.769524
vt 0.253819 0.712479
vt 0.260584 0.693273
vt 0.237464 0.453658
vt 0.239247 0.453600
vt 0.239688 0.582451
vt 0.383836 0.581253
vt 0.414454 0.688303
vt 0.426402 0.697665
vt 0.347128 0.626056
vt 0.346538 0.635172
vt 0.805388 0.503494
vt 0.822251 0.503077
vt 0.918325 0.500734
vt 0.103271 0.501874
vt 0.103176 0.402734
vt 0.104474 0.402648
vt 0.127693 0.402699
vt 0.232781 0.401609
vt 0.102625 0.501849
vt 0.524835 0.618745
vt 0.384716 -0.219751
vt 0.524836 -0.219611
vt 0.523770 -0.221603
vt 0.655116 -0.221603
vt 0.653548 0.499198
vt 0.655117 0.499189
vt 0.253091 0.716976
vt 0.256328 0.703316
vt 0.258128 0.691984
vt 0.260284 0.690899
vt 0.270392 0.684620
vt 0.346837 0.633082
vt 0.346910 0.632146
vt 0.416615 0.688512
vt 0.424175 0.694565
vt 0.426680 0.696412
vt 0.245649 0.762980
vt 0.524858 -0.202568
vt 0.384716 -0.202568
vt 0.916467 0.515354
vt 0.918325 0.515455
vt 0.805388 0.413516
vt 0.839386 0.411429
vt 0.915846 0.410077
vt 0.915543 0.470043
vt 0.455563 0.825093
vt 0.455087 0.821232
vt 0.394833 0.874029
vt 0.397311 0.872083
vt 0.403741 0.866936
vt 0.523770 0.044911
vt 0.578443 0.165424
vt 0.648128 0.184417
vt 0.644811 0.430750
vt 0.655117 0.429032
vt 0.918325 0.163018
vt 0.259539 0.688116
vt 0.259371 0.689168
vt 0.259748 0.686720
vt 0.259751 0.686692
vt 0.259755 0.686661
vt 0.259173 0.686411
vt 0.317342 0.648434
vt 0.317118 0.650828
vt 0.369876 0.681997
vt 0.403313 0.705524
vt 0.415264 0.702331
vt 0.426027 0.699353
vt 0.257855 0.687527
vt 0.258212 0.688513
vt 0.246799 0.763594
vt 0.247648 0.763447
vt 0.247712 0.763427
vt 0.232781 0.208161
vt 0.232781 0.208168
vt 0.322660 0.641591
vt 0.321573 0.652068
vt 0.918325 0.157686
vt 0.805388 0.541885
vt 0.825007 0.541479
vt 0.896430 0.540030
vt 0.913243 0.539338
vt 0.955337 0.748806
vt 0.968749 0.744629
vt 0.808445 0.736237
vt 0.817426 0.732394
vt 0.895066 0.694793
vt 0.902549 0.674914
vt 0.903244 0.674564
vt 0.895989 0.693804
vt 0.929708 0.723123
vt 0.955019 0.748541
vt 0.918325 0.544429
vt 0.805388 0.567559
vt 0.912113 0.572111
vt 0.914410 0.572051
vt 0.914663 0.545035
vt 0.102625 0.545676
vt 0.118698 0.545526
vt 0.232781 0.543125
vt 0.364770 0.619115
vt 0.246592 0.542406
vt 0.237464 0.156648
vt 0.237464 0.542381
vt 0.426994 0.691779
vt 0.427764 0.691528
vt 0.256342 0.696880
vt 0.261965 0.693328
vt 0.288740 0.672394
vt 0.330980 0.642600
vt 0.332639 0.634592
vt 0.344456 0.626304
vt 0.343835 0.630482
vt 0.399817 0.682006
vt 0.404873 0.685953
vt 0.416675 0.694929
vt 0.415820 0.745330
vt 0.412476 0.760396
vt 0.410226 0.769114
vt 0.257853 0.687538
vt 0.258148 0.687394
vt 0.318090 0.647782
vt 0.337478 0.635905
vt 0.337307 0.637194
vt 0.412685 0.687651
vt 0.424548 0.696793
vt 0.425111 0.696656
vt 0.102625 0.487377
vt 0.102737 0.487387
vt 0.106740 0.416588
vt 0.117451 0.417875
vt 0.146007 0.421898
vt 0.232781 0.430264
vt 0.242580 0.479610
vt 0.259431 0.479010
vt 0.288696 0.478010
vt 0.382894 0.474885
vt 0.382598 0.619115
vt 0.237464 0.429412
vt 0.242079 0.429234
vt 0.242613 0.477642
vt 0.345626 0.626518
vt 0.345728 0.625412
vt 0.352059 0.630019
vt 0.351366 0.635826
vt 0.401759 0.682347
vt 0.422198 0.696212
vt 0.422946 0.696643
vt 0.404625 0.769084
vt 0.407885 0.770513
vt 0.257840 0.687623
vt 0.258196 0.687430
vt 0.259267 0.686745
vt 0.259269 0.686743
vt 0.883878 0.384847
vt 0.102625 0.385859
vt 0.108576 0.386099
vt 0.146475 0.387070
vt 0.284234 0.872523
vt 0.284455 0.872718
vt 0.290509 0.869444
vt 0.334398 0.845839
vt 0.334488 0.845038
vt 0.653869 0.543120
vt 0.655117 0.543077
vt 0.805388 0.417063
vt 0.841371 0.416009
vt 0.908558 0.414648
vt 0.918325 0.413693
vt 0.145452 0.458218
vt 0.232781 0.458683
vt 0.102625 0.414544
vt 0.105769 0.414396
vt 0.105962 0.457235
vt 0.137327 0.457993
vt 0.338908 0.631317
vt 0.409413 0.687263
vt 0.410638 0.688262
vt 0.426002 0.699464
vt 0.259045 0.688769
vt 0.335043 0.634100
vt 0.338375 0.630998
vt 0.337784 0.632121
vt 0.338331 0.631733
vt 0.346781 0.625777
vt 0.348842 0.627433
vt 0.348092 0.636616
vt 0.798024 -0.022573
vt 0.798038 -0.022502
vt 0.776888 0.417463
vt 0.657908 -0.022514
vt 0.657928 -0.022507
vt 0.657955 -0.022443
vt 0.657955 -0.022466
vt 0.383831 0.003006
vt 0.366790 0.619115
vt 0.237464 0.440460
vt 0.257967 0.441340
vt 0.237472 0.003018
vt 0.237487 0.002947
vt 0.383782 0.003053
vt 0.383782 0.003076
vt 0.383810 0.003012
vt 0.246171 0.763334
vt 0.257085 0.696113
vt 0.259508 0.697284
vt 0.262767 0.695666
vt 0.284107 0.682722
vt 0.342928 0.644291
vt 0.344157 0.626513
vt 0.411323 0.687411
vt 0.422604 0.696268
vt 0.257813 0.687790
vt 0.258375 0.688046
vt 0.669821 0.619262
vt 0.668307 0.573511
vt 0.667208 0.512931
vt 0.672809 0.512520
vt 0.784647 0.509491
vt 0.786119 0.453570
vt 0.798046 0.453618
vt 0.682245 0.512181
vt 0.779561 0.453542
vt 0.918203 0.552990
vt 0.918325 0.557471
vt 0.805388 0.234339
vt 0.807364 0.140950
vt 0.806725 0.106214
vt 0.918325 0.106214
vt 0.897670 0.480991
vt 0.894518 0.553652
vt 0.910550 0.549548
vt 0.918204 0.548688
vt 0.102625 0.558758
vt 0.102625 0.549937
vt 0.105686 0.549698
vt 0.102625 0.106174
vt 0.102625 0.106147
vt 0.155197 0.421389
vt 0.185425 0.396763
vt 0.232781 0.106132
vt 0.229325 0.563262
vt 0.111467 0.568568
vt 0.104957 0.568992
vt 0.102874 0.569295
vt 0.116508 0.568390
vt 0.228847 0.619785
vt 0.257920 0.687128
vt 0.267229 0.690107
vt 0.258080 0.687186
vt 0.657904 0.535781
vt 0.687912 0.541659
vt 0.751259 0.555863
vt 0.798046 0.232344
vt 0.256955 0.693092
vt 0.260471 0.691239
vt 0.327378 0.645666
vt 0.342570 0.634027
vt 0.410203 0.686000
vt 0.423398 0.694772
vt 0.426446 0.693569
vt 0.409982 0.766038
vt 0.409475 0.769563
vt 0.270535 0.684832
vt 0.343037 0.627299
vt 0.358663 0.529739
vt 0.272460 0.509856
vt 0.807955 0.723347
vt 0.809964 0.722426
vt 0.912358 0.672346
vt 0.962942 0.731302
vt 0.965590 0.734157
vt 0.965591 0.734158
vt 0.969397 0.737940
vt 0.971341 0.737530
vt 0.660257 0.619262
vt 0.399235 0.685968
vt 0.400183 0.686851
vt 0.417921 0.700512
vt 0.424712 0.705277
vt 0.345295 0.635211
vt 0.393651 0.682137
vt 0.421568 0.702919
vt 0.425565 0.701433
vt 0.657904 0.137063
vt 0.798046 0.137063
vt 0.676743 0.619262
vt 0.280366 0.683754
vt 0.345029 0.645773
vt 0.346969 0.625928
vt 0.346995 0.625949
vt 0.345273 0.643762
vt 0.406193 0.689880
vt 0.418593 0.699557
vt 0.424984 0.704054
vt 0.256291 0.697197
vt 0.262369 0.694248
vt 0.269336 0.690185
vt 0.280367 0.683710
vt 0.754081 0.574768
vt 0.237464 0.179795
vt 0.271123 0.619115
vt 0.248476 0.745503
vt 0.255644 0.703951
vt 0.257463 0.704796
vt 0.265436 0.700423
vt 0.295415 0.680994
vt 0.348377 0.645791
vt 0.348519 0.644458
vt 0.398852 0.684914
vt 0.418566 0.700073
vt 0.424945 0.704229
vt 0.548506 0.873356
vt 0.549482 0.873947
vt 0.576946 0.858063
vt 0.630290 0.826596
vt 0.630958 0.817351
vt 0.703841 0.875311
vt 0.707712 0.878473
vt 0.708934 0.879301
vt 0.631345 0.812353
vt 0.700829 0.872663
vt 0.657904 0.157124
vt 0.657904 0.157097
vt 0.657907 0.157092
vt 0.663423 0.599926
vt 0.662149 0.599945
vt 0.657916 0.158211
vt 0.658436 0.157123
vt 0.798046 0.157141
vt 0.795142 0.598065
vt 0.383836 0.179836
vt 0.379301 0.619115
vt 0.237468 0.179854
vt 0.383280 0.179835
vt 0.383832 0.179805
vt 0.655117 0.465265
vt 0.523770 0.609832
vt 0.527121 0.609865
vt 0.653951 0.611524
vt 0.654395 0.611463
vt 0.653412 0.183588
vt 0.653561 0.178159
vt 0.523770 0.178159
vt 0.652031 0.611472
vt 0.657904 0.465481
vt 0.658255 0.526154
vt 0.757199 0.305767
vt 0.685061 0.597173
vt 0.797765 0.594049
vt 0.798046 0.539038
vt 0.798015 0.619173
vt 0.670037 0.619173
vt 0.798016 0.205826
vt 0.388125 0.874420
vt 0.388128 0.874417
vt 0.388120 0.874435
vt 0.388124 0.874424
vt 0.388037 0.874495
vt 0.894367 0.415491
vt 0.894372 0.415402
vt 0.918325 0.416039
vt 0.805388 0.418138
vt 0.874534 0.415646
vt 0.918325 0.004503
vt 0.918262 0.005581
vt 0.894367 0.415491
vt 0.889603 0.415441
vt 0.248181 0.414880
vt 0.237467 0.002852
vt 0.383836 0.002852
vt 0.334922 0.632990
vt 0.334701 0.635752
vt 0.409945 0.687304
vt 0.415328 0.691482
vt 0.425181 0.688777
vt 0.402612 0.681592
vt 0.805388 0.182055
vt 0.232781 -0.118336
vt 0.102625 -0.118340
vt 0.102625 0.480167
vt 0.124174 0.480987
vt 0.232781 0.480596
vt 0.237464 0.479792
vt 0.241110 0.479188
vt 0.237464 -0.099263
vt 0.241363 0.513255
vt 0.372133 0.513792
vt 0.383836 0.512820
vt 0.427870 0.690951
vt 0.427882 0.690947
vt 0.401049 0.774599
vt 0.420829 0.697991
vt 0.422369 0.692467
vt 0.342574 0.627624
vt 0.409761 0.683216
vt 0.417380 0.688901
vt 0.402509 0.763050
vt 0.427847 0.690920
vt 0.411066 0.683753
vt 0.918325 0.471644
vt 0.818564 0.618313
vt 0.805388 0.004519
vt 0.805389 0.004579
vt 0.839696 0.583345
vt 0.914169 0.580142
vt 0.914991 0.580066
vt 0.915570 0.471905
vt 0.427885 0.690950
vt 0.418655 0.693398
vt 0.417384 0.700161
vt 0.400909 0.774683
vt 0.403297 0.763339
vt 0.383825 0.179973
vt 0.237464 0.179973
vt 0.237469 0.591964
vt 0.383836 0.591704
vt 0.237464 0.179939
vt 0.383836 0.179939
vt 0.383836 0.179952
vt 0.335756 0.632406
vt 0.653811 0.562409
vt 0.655117 0.562327
vt 0.523770 0.561624
vt 0.526743 0.561642
vt 0.649268 0.543265
vt 0.652279 0.545048
vt 0.506061 0.553854
vt 0.524858 0.613447
vt 0.384716 0.314034
vt 0.422187 0.313067
vt 0.385909 0.602573
vt 0.232781 0.516606
vt 0.102625 0.564634
vt 0.230466 0.564664
vt 0.252076 0.858402
vt 0.274436 0.847316
vt 0.275774 0.848259
vt 0.262370 0.854863
vt 0.243800 0.950397
vt 0.244999 0.951414
vt 0.182260 0.811765
vt 0.344817 0.628024
vt 0.345002 0.625921
vt 0.345041 0.625893
vt 0.425574 0.690293
vt 0.424882 0.690456
vt 0.424184 0.694285
vt 0.408055 0.769149
vt 0.409139 0.769764
vt 0.257867 0.687454
vt 0.258159 0.687308
vt 0.258979 0.686790
vt 0.826837 0.489325
vt 0.918325 0.537419
vt 0.805388 0.549761
vt 0.805573 0.548113
vt 0.383836 0.425379
vt 0.383485 0.433637
vt 0.383836 0.436084
vt 0.383836 0.333211
vt 0.238313 0.338915
vt 0.237811 0.354974
vt 0.378898 0.354471
vt 0.383836 0.354384
vt 0.522189 0.618870
vt 0.384716 0.435632
vt 0.387355 0.454919
vt 0.387929 0.454894
vt 0.389586 0.454876
vt 0.523110 0.451115
vt 0.523770 0.450823
vt 0.530324 0.450648
vt 0.523770 0.411664
vt 0.523770 0.135576
vt 0.524255 0.039503
vt 0.523770 0.004132
vt 0.638807 -0.066635
vt 0.640712 0.003782
vt 0.655117 0.537162
vt 0.969316 0.736586
vt 0.947091 0.800040
vt 0.903931 0.674217
vt 0.902904 0.677035
vt 0.961758 0.736506
vt 0.970509 0.734851
vt 0.971551 0.736247
vt 0.384716 0.586871
vt 0.387529 0.586798
vt 0.399952 0.586194
vt 0.506596 0.583277
vt 0.505400 0.618869
vt 0.805388 0.522915
vt 0.822796 0.522628
vt 0.915826 0.521083
vt 0.916200 0.521065
vt 0.917992 0.505496
vt 0.917815 0.585351
vt 0.918325 0.585355
vt 0.523770 0.497063
vt 0.644019 0.479943
vt 0.650702 0.480778
vt 0.650703 0.480780
vt 0.655117 0.520015
vt 0.418092 0.683187
vt 0.417835 0.688639
vt 0.416730 0.701467
vt 0.412025 0.742404
vt 0.406145 0.767544
vt 0.328316 0.817316
vt 0.327303 0.817856
vt 0.326939 0.818023
vt 0.416124 0.681499
vt 0.418188 0.683158
vt 0.418189 0.683159
vt 0.347431 0.806296
vt 0.406082 0.767881
vt 0.409349 0.769638
vt 0.410625 0.768734
vt 0.407186 0.766928
vt 0.426624 0.692073
vt 0.427680 0.691910
vt 0.332634 0.809987
vt 0.328116 0.812210
vt 0.323457 0.814374
vt 0.323361 0.815600
vt 0.341689 0.628244
vt 0.341604 0.629223
vt 0.413026 0.687284
vt 0.419720 0.692913
vt 0.408115 0.473525
vt 0.384716 0.037230
vt 0.524858 0.037237
vt 0.524858 0.037261
vt 0.841079 0.008018
vt 0.918325 0.408224
vt 0.918211 0.409525
vt 0.918325 0.409528
vt 0.805388 0.497263
vt 0.841079 0.008022
vt 0.841083 0.008038
vt 0.805395 0.618274
vt 0.918086 0.408846
vt 0.918202 0.407566
vt 0.918316 0.008064
vt 0.841083 0.008038
vt 0.841079 0.008018
vt 0.237464 0.250147
vt 0.383836 0.341052
vt 0.377389 0.403380
vt 0.382346 0.449944
vt 0.383836 0.449950
vt 0.237464 0.306316
vt 0.375284 0.304033
vt 0.382224 0.304139
vt 0.375025 0.250062
vt 0.361298 0.250707
vt 0.325026 0.251649
vt 0.795653 0.520517
vt 0.795971 0.520437
vt 0.795987 0.520433
vt 0.798046 0.497284
vt 0.658826 0.619262
vt 0.658626 0.519098
vt 0.681262 0.519260
vt 0.416828 0.682065
vt 0.419826 0.684474
vt 0.419267 0.689000
vt 0.403552 0.765627
vt 0.410613 0.768788
vt 0.335943 0.632274
vt 0.407077 0.685492
vt 0.102625 0.106132
vt 0.232781 0.106142
vt 0.223609 0.517735
vt 0.409235 0.689323
vt 0.393997 0.772860
vt 0.397732 0.774913
vt 0.325997 0.817385
vt 0.322071 0.642004
vt 0.353335 0.661150
vt 0.389163 0.687849
vt 0.413833 0.679658
vt 0.421338 0.685689
vt 0.426311 0.689686
vt 0.426061 0.690584
vt 0.410256 0.740988
vt 0.406776 0.766011
vt 0.321810 0.813536
vt 0.321789 0.814535
vt 0.410978 0.767143
vt 0.407889 0.765454
vt 0.384716 -0.141373
vt 0.388757 0.576755
vt 0.394889 0.577199
vt 0.518368 0.577312
vt 0.518050 0.618870
vt 0.384716 0.590346
vt 0.387440 0.590400
vt 0.778401 0.578058
vt 0.733699 0.551723
vt 0.793081 0.575882
vt 0.792074 0.586024
vt 0.794893 0.619262
vt 0.657904 0.600040
vt 0.662279 0.597261
vt 0.217910 0.411284
vt 0.143131 0.408886
vt 0.102625 0.407753
vt 0.102625 -0.111176
vt 0.232781 -0.111176
vt 0.232781 -0.111179
vt 0.232434 0.604222
vt 0.232781 0.604276
vt 0.232781 0.313747
vt 0.102625 0.314615
vt 0.159079 0.314270
vt 0.208298 0.313919
vt 0.102625 -0.097916
vt 0.232780 -0.097916
vt 0.208298 0.313919
vt 0.277212 0.849273
vt 0.276576 0.849655
vt 0.276076 0.849960
vt 0.254729 0.947378
vt 0.254858 0.947553
vt 0.329406 0.815103
vt 0.325405 0.816984
vt 0.389591 -0.100331
vt 0.409267 0.401952
vt 0.426630 0.400646
vt 0.524858 0.390270
vt 0.384716 0.536252
vt 0.391394 0.535381
vt 0.405553 0.771907
vt 0.401379 0.769662
vt 0.342285 0.809721
vt 0.415412 0.688331
vt 0.415044 0.691411
vt 0.384716 -0.022998
vt 0.389591 -0.022998
vt 0.392724 0.594292
vt 0.396172 0.594264
vt 0.405363 0.594549
vt 0.524858 0.595483
vt 0.384716 0.594418
vt 0.387744 0.594378
vt 0.524858 -0.022998
vt 0.384716 0.001907
vt 0.389591 0.001907
vt 0.399651 0.539279
vt 0.403561 0.539199
vt 0.428735 0.539778
vt 0.524858 0.540141
vt 0.384716 0.516513
vt 0.397645 0.516247
vt 0.655117 -0.038063
vt 0.655117 0.393009
vt 0.623313 0.392111
vt 0.570969 0.392303
vt 0.526672 0.392563
vt 0.523770 -0.038064
vt 0.655117 0.103073
vt 0.643335 0.504465
vt 0.523771 0.103072
vt 0.524858 0.082437
vt 0.384716 0.599692
vt 0.384782 0.599704
vt 0.384781 0.515173
vt 0.524858 0.082456
vt 0.523770 0.219744
vt 0.655117 0.219744
vt 0.523770 0.619026
vt 0.523770 0.601576
vt 0.529605 0.601545
vt 0.647288 0.600312
vt 0.652624 0.600181
vt 0.654533 0.600108
vt 0.655117 0.219769
vt 0.578064 0.455587
vt 0.523770 0.219823
vt 0.384716 0.499157
vt 0.502426 0.498977
vt 0.523770 0.604827
vt 0.653959 0.604924
vt 0.655116 0.000586
vt 0.232781 0.222300
vt 0.230935 0.619785
vt 0.229411 0.619785
vt 0.907850 0.618313
vt 0.918325 0.207943
vt 0.908071 0.618313
vt 0.383836 0.173145
vt 0.237464 0.559083
vt 0.378957 0.559083
vt 0.232781 -0.199461
vt 0.102625 0.604878
vt 0.105124 0.604890
vt 0.232404 0.604697
vt 0.134572 0.418256
vt 0.232781 0.418446
vt 0.102625 -0.217084
vt 0.105737 0.417422
vt 0.125730 0.418236
vt 0.918325 -0.198933
vt 0.805388 0.523317
vt 0.902055 0.518228
vt 0.913772 0.517365
vt 0.918108 0.517131
vt 0.918325 -0.198923
vt 0.524367 0.536237
vt 0.523770 0.013093
vt 0.544111 0.408076
vt 0.545441 0.425215
vt 0.655117 0.422316
vt 0.523770 0.536222
vt 0.657904 0.157082
vt 0.798046 0.157082
vt 0.662303 0.619262
vt 0.662326 0.608746
vt 0.798046 0.157141
vt 0.798043 0.157092
vt 0.237464 0.497845
vt 0.241205 0.497767
vt 0.237464 -0.119711
vt 0.237464 -0.119714
vt 0.242011 0.459203
vt 0.383836 0.456893
vt 0.918325 0.106225
vt 0.918321 0.106312
vt 0.900174 0.515695
vt 0.918325 0.515745
vt 0.838852 0.618313
vt 0.805388 0.106214
vt 0.102625 -0.097896
vt 0.102627 -0.097908
vt 0.232781 -0.097916
vt 0.384716 -0.100331
vt 0.524858 -0.100331
vt 0.419727 0.312416
vt 0.836122 0.618313
vt 0.798046 0.610385
vt 0.785298 0.619262
vt 0.384716 0.609835
vt 0.393072 0.612552
vt 0.523770 0.610094
vt 0.655117 0.610171
vt 0.111114 0.706692
vt 0.156929 0.758428
vt 0.104488 0.708816
vt 0.523770 0.610389
vt 0.655117 0.610359
vt 0.346513 0.625562
vt 0.426102 0.699017
vt 0.337052 0.631497
vt 0.523770 0.610182
vt 0.655117 0.610265
vt 0.523770 0.610108
vt 0.655117 0.610052
vt 0.523770 0.609926
vt 0.655117 0.610223
vt 0.353433 0.631122
vt 0.256648 0.694991
vt 0.346703 0.625715
vt 0.427891 0.690955
vt 0.336763 0.631699
vt 0.524858 0.609959
vt 0.509506 0.618869
vt 0.524858 0.001917
vt 0.524858 0.001924
vt 0.512984 0.520352
vt 0.524858 0.520898
vt 0.336396 0.631957
vt 0.426127 0.698904
vt 0.523770 0.520820
vt 0.649939 0.424884
vt 0.655117 0.424650
vt 0.798046 0.420733
vt 0.672196 0.619262
vt 0.657904 0.610406
vt 0.657904 0.424860
vt 0.661535 0.424624
vt 0.654703 0.547112
vt 0.655117 0.547176
vt 0.655117 0.610132
vt 0.523770 0.610151
vt 0.523770 0.514409
vt 0.644454 0.511279
vt 0.653898 0.509586
vt 0.655117 0.000586
vt 0.816876 0.515209
vt 0.918325 0.004498
vt 0.917092 0.618313
vt 0.816585 0.618313
vt 0.805388 0.609504
vt 0.805388 0.514479
vt 0.657904 0.001296
vt 0.658597 0.518989
vt 0.682136 0.518203
vt 0.798046 0.514631
vt 0.657904 0.595821
vt 0.658051 0.595815
vt 0.046592 0.732935
vt 0.046978 0.730266
vt 0.047017 0.729958
vt 0.046885 0.729863
vt 0.108755 0.849750
vt 0.108609 0.849677
vt 0.108550 0.849637
vt 0.043769 0.798997
vt 0.043759 0.799285
vt 0.041077 0.796899
vt 0.411804 0.771908
vt 0.600774 0.779876
vt 0.591274 0.793279
vt 0.511354 0.844361
vt 0.510851 0.844058
vt 0.413913 0.771561
vt 0.798046 0.548638
vt 0.673522 0.619262
vt 0.657904 0.610367
vt 0.657904 0.547402
vt 0.664306 0.548982
vt 0.674974 0.548583
vt 0.686652 0.548080
vt 0.524858 0.609940
vt 0.510090 0.618870
vt 0.524858 -0.100331
vt 0.515010 0.514421
vt 0.524858 0.515588
vt 0.329056 0.817627
vt 0.329070 0.817375
vt 0.328475 0.817006
vt 0.251419 0.765929
vt 0.245748 0.762365
vt 0.412379 0.760831
vt 0.655117 0.609970
vt 0.523770 0.610076
vt 0.523770 0.515497
vt 0.544354 0.515574
vt 0.655117 0.515993
vt 0.524858 -0.100055
vt 0.524573 0.523005
vt 0.524858 0.522946
vt 0.524858 0.610253
vt 0.510643 0.618870
vt 0.384719 -0.100317
vt 0.431620 0.385078
vt 0.512520 0.482509
vt 0.524855 -0.100317
vt 0.337111 0.631455
vt 0.426113 0.698968
vt 0.655098 0.520182
vt 0.655117 0.520181
vt 0.523770 0.522874
vt 0.657904 -0.101719
vt 0.660097 0.520300
vt 0.661125 0.520260
vt 0.677218 0.519711
vt 0.798046 0.515667
vt 0.672311 0.619262
vt 0.657904 0.610594
vt 0.657904 0.520404
vt 0.655117 0.610101
vt 0.523770 0.610139
vt 0.523770 0.442931
vt 0.655117 0.442000
vt 0.328889 0.817727
vt 0.328901 0.817626
vt 0.328354 0.817310
vt 0.326502 0.816112
vt 0.250583 0.764286
vt 0.247515 0.762101
vt 0.245694 0.762698
vt 0.245736 0.762440
vt 0.249266 0.761268
vt 0.260855 0.691559
vt 0.261689 0.686280
vt 0.261966 0.684159
vt 0.524858 0.443195
vt 0.524858 0.610004
vt 0.510549 0.618869
vt 0.391113 0.618870
vt 0.389451 0.469103
vt 0.503769 0.469646
vt 0.505026 0.443954
vt 0.659681 0.544572
vt 0.665478 0.544656
vt 0.798046 0.543161
vt 0.672400 0.619262
vt 0.657904 0.610336
vt 0.657904 0.442213
vt 0.659401 0.442243
vt 0.524858 0.104144
vt 0.524858 0.104208
vt 0.522747 0.525685
vt 0.524858 0.525756
vt 0.524858 0.610046
vt 0.506755 0.618870
vt 0.524855 0.104156
vt 0.384716 0.104161
vt 0.246262 0.759191
vt 0.334666 0.633170
vt 0.426223 0.698470
vt 0.411290 0.765739
vt 0.356028 0.798760
vt 0.338951 0.809695
vt 0.338793 0.811808
vt 0.337522 0.812567
vt 0.337656 0.810794
vt 0.333626 0.808508
vt 0.317926 0.799340
vt 0.247666 0.758616
vt 0.523770 0.525690
vt 0.661864 0.542739
vt 0.666954 0.542894
vt 0.793247 0.542670
vt 0.792367 0.619262
vt 0.671416 0.619262
vt 0.657904 0.610500
vt 0.657904 0.517156
vt 0.661648 0.517268
vt 0.907534 0.672399
vt 0.969282 0.743169
vt 0.870434 0.842109
vt 0.870732 0.840474
vt 0.815632 0.792340
vt 0.812612 0.789598
vt 0.810397 0.787555
vt 0.523770 0.490182
vt 0.527360 0.490479
vt 0.524858 0.490333
vt 0.524858 0.609972
vt 0.509929 0.618870
vt 0.384716 -0.036651
vt 0.389964 0.492114
vt 0.414121 0.491205
vt 0.672888 0.619262
vt 0.657904 0.610287
vt 0.657904 0.393215
vt 0.662909 0.393296
vt 0.664277 0.484845
vt 0.667974 0.485224
vt 0.798046 0.477964
vt 0.524858 0.536605
vt 0.524858 0.609791
vt 0.509724 0.618870
vt 0.384716 0.536380
vt 0.395229 0.536213
vt 0.408619 0.536248
vt 0.520908 0.536301
vt 0.246453 0.761838
vt 0.245801 0.762040
vt 0.336533 0.631861
vt 0.426049 0.699255
vt 0.385610 0.783826
vt 0.330913 0.815645
vt 0.328665 0.816729
vt 0.327843 0.817124
vt 0.326596 0.816289
vt 0.546764 0.537157
vt 0.653940 0.537097
vt 0.672828 0.619262
vt 0.657904 0.610458
vt 0.657904 0.537223
vt 0.370498 0.390914
vt 0.383836 0.392026
vt 0.383836 0.610170
vt 0.368407 0.619115
vt 0.237464 0.378137
vt 0.281550 0.382357
vt 0.389852 0.391758
vt 0.395547 0.391859
vt 0.461462 0.395393
vt 0.465634 0.135354
vt 0.384716 -0.242285
vt 0.524858 -0.242285
vt 0.524858 0.609885
vt 0.384716 0.609915
vt 0.384716 0.391526
vt 0.655117 -0.244191
vt 0.535622 0.619026
vt 0.523770 0.610020
vt 0.523770 -0.244191
vt 0.384716 0.516083
vt 0.427852 0.691134
vt 0.400059 0.775191
vt 0.417480 0.682589
vt 0.657904 0.608016
vt 0.798046 0.608045
vt 0.427811 0.691318
vt 0.400059 0.775191
vt 0.417504 0.682608
vt 0.427837 0.691202
vt 0.400162 0.775129
vt 0.418789 0.683641
vt 0.384716 0.607637
vt 0.524858 0.607637
vt 0.175225 0.804713
vt 0.166611 0.811164
vt 0.149016 0.746657
vt 0.205395 0.798652
vt 0.275500 0.861170
vt 0.194057 0.804511
vt 0.664395 0.605040
vt 0.795742 0.605036
vt 0.523770 0.607776
vt 0.655117 0.607572
vt 0.657904 0.608268
vt 0.798046 0.608251
vt 0.657904 0.608126
vt 0.798046 0.608164
vt 0.523770 0.607814
vt 0.655117 0.607816
vt 0.523770 0.607938
vt 0.655117 0.607938
vt 0.427030 0.690263
vt 0.425695 0.700847
vt 0.334866 0.633030
vt 0.798046 0.434449
vt 0.798046 0.608081
vt 0.657904 0.608081
vt 0.657904 0.434450
vt 0.247131 0.763984
vt 0.247122 0.763978
vt 0.247713 0.763773
vt 0.328155 0.818166
vt 0.327903 0.818013
vt 0.645436 0.536685
vt 0.647418 0.434215
vt 0.655117 0.434238
vt 0.655117 0.607847
vt 0.638408 0.619026
vt 0.642856 0.536728
vt 0.813903 0.434907
vt 0.805388 0.024524
vt 0.917830 0.434906
vt 0.917599 0.618313
vt 0.819721 0.618313
vt 0.805388 0.607217
vt 0.805388 0.434907
vt 0.257891 0.687307
vt 0.417376 0.682505
vt 0.399799 0.775346
vt 0.255383 0.702809
vt 0.257178 0.697188
vt 0.258567 0.687568
vt 0.258251 0.687451
vt 0.678251 0.517083
vt 0.655117 0.607782
vt 0.638241 0.619026
vt 0.523770 0.516238
vt 0.918325 -0.097218
vt 0.820074 0.618313
vt 0.805388 0.607181
vt 0.805388 0.518209
vt 0.522234 0.414061
vt 0.522234 0.607841
vt 0.505564 0.619026
vt 0.493431 0.414061
vt 0.258210 0.686793
vt 0.247900 0.764504
vt 0.248052 0.764442
vt 0.259404 0.689642
vt 0.259643 0.687315
vt 0.258456 0.686889
vt 0.798046 0.414271
vt 0.798046 0.608076
vt 0.657904 0.608076
vt 0.657904 0.414271
vt 0.538275 0.414882
vt 0.647040 0.414882
vt 0.548437 0.618313
vt 0.534103 0.607212
vt 0.534103 0.414882
vt 0.534103 0.004498
vt 0.510245 0.244052
vt 0.522234 0.244196
vt 0.522234 0.607831
vt 0.507627 0.619026
vt 0.390888 -0.181724
vt 0.522234 -0.181724
vt 0.259859 0.686978
vt 0.259462 0.686824
vt 0.312202 0.648925
vt 0.316564 0.810997
vt 0.250220 0.765780
vt 0.247985 0.764207
vt 0.247986 0.764207
vt 0.259406 0.689160
vt 0.798046 0.608081
vt 0.657904 0.608066
vt 0.657904 0.244383
vt 0.725319 0.246781
vt 0.764020 0.248164
vt 0.798046 -0.181593
vt 0.784479 0.470081
vt 0.798046 0.469009
vt 0.819580 0.618313
vt 0.805388 0.607217
vt 0.805388 0.469204
vt 0.885655 0.459289
vt 0.907441 0.457666
vt 0.914418 0.456856
vt 0.917289 -0.003836
vt 0.918325 0.585892
vt 0.393709 0.956382
vt 0.394772 0.878486
vt 0.466731 0.824304
vt 0.453186 0.997865
vt 0.453212 0.997727
vt 0.395530 0.955022
vt 0.524858 0.220542
vt 0.384716 0.220542
vt 0.383836 0.221234
vt 0.383836 0.607895
vt 0.365259 0.619115
vt 0.237913 0.619115
vt 0.237464 0.221234
vt 0.681065 0.616097
vt 0.664395 0.604838
vt 0.664395 0.216815
vt 0.795741 0.216815
vt 0.795742 0.216994
vt 0.798046 0.536811
vt 0.798046 0.608161
vt 0.657904 0.608076
vt 0.657904 0.536403
vt 0.693536 0.536856
vt 0.041196 0.784276
vt 0.046116 0.730808
vt 0.046351 0.730474
vt 0.046935 0.730247
vt 0.046935 0.730247
vt 0.047029 0.729905
vt 0.046944 0.729842
vt 0.109269 0.849407
vt 0.109215 0.849381
vt 0.048792 0.802738
vt 0.041732 0.797264
vt 0.041731 0.797263
vt 0.041731 0.797263
vt 0.041958 0.793946
vt 0.655117 0.536178
vt 0.655117 0.607841
vt 0.638312 0.619026
vt 0.820287 0.618313
vt 0.805388 0.607296
vt 0.805388 0.536489
vt 0.916984 0.618313
vt 0.524858 0.197110
vt 0.524858 0.607993
vt 0.508047 0.618870
vt 0.384716 0.197110
vt 0.795741 0.193326
vt 0.795742 0.605248
vt 0.664395 0.605194
vt 0.664395 0.193326
vt 0.798046 0.196437
vt 0.674615 0.619262
vt 0.657904 0.608412
vt 0.657904 0.196437
vt 0.334801 0.633076
vt 0.425694 0.700855
vt 0.795741 0.215107
vt 0.664395 0.215107
vt 0.524858 0.218838
vt 0.524858 0.607839
vt 0.506969 0.618869
vt 0.675704 0.619262
vt 0.657904 0.608201
vt 0.657904 0.218220
vt 0.247788 0.763219
vt 0.259510 0.689452
vt 0.259949 0.686519
vt 0.259037 0.686213
vt 0.334172 0.633517
vt 0.425365 0.702335
vt 0.524858 0.607646
vt 0.505968 0.618870
vt 0.524858 0.104144
vt 0.512497 0.518732
vt 0.524858 0.519212
vt 0.653661 0.570687
vt 0.655117 0.570728
vt 0.672364 0.570591
vt 0.798046 0.565542
vt 0.798046 0.584675
vt 0.797996 0.588910
vt 0.798046 0.591717
vt 0.678366 0.619262
vt 0.657904 0.607807
vt 0.657904 0.570958
vt 0.382653 0.870338
vt 0.386976 0.955111
vt 0.385248 0.953366
vt 0.337550 0.972691
vt 0.371311 0.961407
vt 0.657904 0.522508
vt 0.658617 0.522482
vt 0.681090 0.522262
vt 0.681692 0.522255
vt 0.798046 0.519234
vt 0.655117 0.608033
vt 0.638835 0.619026
vt 0.523770 0.420523
vt 0.566537 0.419957
vt 0.630023 0.419048
vt 0.641260 0.418624
vt 0.655117 0.000590
vt 0.655116 0.000598
vt 0.648291 0.522644
vt 0.655117 0.522285
vt 0.245649 0.762980
vt 0.416534 0.681829
vt 0.399833 0.775325
vt 0.657904 0.565536
vt 0.533638 0.567856
vt 0.654106 0.565254
vt 0.655117 0.565307
vt 0.655117 0.607892
vt 0.636890 0.619026
vt 0.523770 0.568007
vt 0.524861 0.568065
vt 0.567198 0.567162
vt 0.569252 0.567119
vt 0.820028 0.618313
vt 0.805388 0.607300
vt 0.805388 0.564681
vt 0.805894 0.564691
vt 0.805920 0.586344
vt 0.810346 0.586367
vt 0.918325 0.586586
vt 0.524858 0.496995
vt 0.524858 0.607684
vt 0.507066 0.618870
vt 0.384716 0.496995
vt 0.193445 0.804887
vt 0.275254 0.862411
vt 0.655117 0.516488
vt 0.523770 0.496859
vt 0.527535 0.496858
vt 0.527729 0.516542
vt 0.676419 0.619262
vt 0.657904 0.608050
vt 0.657904 0.516711
vt 0.674010 0.516253
vt 0.334865 0.633030
vt 0.655117 0.205550
vt 0.524858 0.607808
vt 0.507072 0.618870
vt 0.384716 0.206382
vt 0.675691 0.619262
vt 0.657904 0.608172
vt 0.795742 0.604942
vt 0.664395 0.604942
vt 0.524858 0.607741
vt 0.507072 0.618870
vt 0.657904 0.608106
s 0
usemtl RockMat
f 12/1/1 3/2/1 6/3/1 7/4/1 8/5/1 9/6/1
f 1260/29/72 1259/30/72 1261/485/72 4773/486/72 4772/487/72
f 4773/488/73 1255/489/73 1253/107/73 1252/108/73
f 4772/490/74 4773/491/74 1252/50/74 1251/51/74 4771/492/74
f 4716/493/75 1221/494/75 4755/495/75 1211/496/75 4696/497/75 4698/498/75 4692/499/75 4690/500/75 4691/501/75 4717/502/75 4715/503/75
f 1215/508/77 4744/509/77 4748/510/77 4746/511/77 4745/512/77 4685/513/77 4684/514/77 1213/9/77 4751/515/77 4753/516/77 4752/517/77
f 4696/518/78 1211/16/78 1212/17/78 1213/33/78 4684/519/78 4679/520/78 4705/521/78 4699/522/78 4697/523/78
f 4636/524/80 4637/525/80 4631/526/80 4634/527/80 4734/528/80 4738/529/80 4737/530/80 4741/531/80 1688/532/80 1681/533/80 4742/534/80 4739/535/80 1190/17/80 4725/536/80 4728/537/80 4727/538/80 4643/539/80
f 4734/540/81 4634/541/81 4635/542/81 4733/543/81 4732/544/81 4731/545/81 4735/546/81
f 4642/547/82 1186/548/82 1187/549/82 1179/550/82 1178/551/82 4623/552/82 4618/553/82 4620/554/82 4617/555/82 4639/556/82 1753/557/82 1743/558/82
f 4726/559/83 4724/560/83 1186/50/83 4642/561/83 4643/562/83 4727/563/83 4725/564/83 4723/565/83
f 4712/566/84 1172/17/84 1173/33/84 4596/567/84 4597/568/84 4598/569/84 4614/570/84 4613/571/84 4612/572/84 4615/573/84 4710/574/84
f 4699/583/90 4697/584/90 1168/585/90 4702/586/90 4700/587/90 4704/588/90 1728/589/90 4705/590/90
f 4681/595/94 4686/596/94 4687/597/94
f 4687/597/95 1163/29/95 1162/30/95 4681/595/95
f 4679/600/97 4678/601/97 1728/602/97 4704/603/97 4680/604/97 4682/605/97 4683/606/97 4685/607/97 4684/608/97
f 4676/614/100 4677/615/100 1162/354/100 1163/355/100 1091/437/100 4573/616/100 4589/617/100 4586/618/100 4583/619/100 4671/620/100 4675/621/100
f 4665/622/101 1154/107/101 4663/623/101 4664/624/101 4670/625/101 4668/626/101 4666/627/101
f 4563/628/102 1148/494/102 1149/495/102 1150/496/102 1079/609/102 4554/629/102 4566/630/102 4567/631/102 4560/632/102
f 4643/639/105 4641/640/105 1127/641/105 4640/642/105 1114/643/105 4617/644/105 4639/645/105 1753/646/105 1743/647/105 4642/648/105
f 4631/651/107 1124/50/107 1123/51/107 4629/652/107 4633/653/107 4635/654/107 4634/655/107
f 1115/32/110 1116/16/110 1117/17/110 4606/659/110 4605/660/110 4526/661/110 4518/662/110 4519/663/110 4513/664/110 4512/665/110
f 1108/50/112 4525/668/112 4526/669/112 4606/670/112 1107/671/112
f 4595/674/114 1101/675/114 4599/676/114 4600/677/114 1093/678/114 4580/679/114 4602/680/114
f 4580/679/115 1094/29/115 1099/30/115 4595/674/115 4601/681/115
f 1858/682/116 1101/683/116 4596/684/116 4597/685/116 4598/686/116
f 1099/107/117 4593/687/117 4598/686/117 4596/684/117 1101/683/117 4594/688/117 4595/689/117
f 4593/690/118 1099/354/118 1094/355/118 4499/691/118 4500/692/118 4511/693/118 4509/694/118 4510/695/118 4508/696/118 4507/697/118 4590/698/118 4591/699/118 4592/700/118
f 4583/701/119 4586/702/119 1095/107/119 1094/108/119 4580/703/119 4584/704/119 4581/705/119 1093/682/119 4585/706/119 4587/707/119
f 4503/708/120 4501/709/120 4498/710/120 4499/711/120 1094/179/120 1095/165/120 1096/166/120 1097/384/120 4505/712/120 4504/713/120
f 4565/714/122 4554/715/122 4555/716/122 1087/29/122 1086/30/122 4560/717/122 4567/718/122 4566/719/122
f 1086/107/124 1085/108/124 4557/722/124 4563/723/124 4560/724/124
f 4464/725/125 1077/32/125 1078/16/125 4554/726/125 4555/727/125 4552/728/125 4551/729/125 4466/730/125
f 4468/731/126 4470/732/126 4467/733/126 4466/730/126 4551/733/126 4555/727/126 4553/734/126 4554/726/126 1079/17/126 1080/33/126 1081/34/126 4454/735/126 4455/736/126 4452/737/126 4451/738/126 4473/739/126 4472/737/126 1975/740/126 1976/741/126 1978/742/126 1980/743/126 4469/744/126
f 4436/745/127 1070/746/127 4458/747/127 4459/748/127 4461/749/127 4462/750/127 4441/751/127 4435/752/127
f 4440/753/128 1064/494/128 1065/495/128 1066/496/128 1069/609/128 4450/754/128 4449/755/128 4444/756/128
f 4520/759/130 4521/760/130 1056/29/130 1055/30/130 4518/761/130 4526/762/130 4525/763/130 4523/764/130 4527/765/130 1904/766/130 1897/767/130 4522/768/130
f 4502/769/131 1036/770/131 4492/771/131 4490/772/131 4406/773/131 4405/774/131 1043/9/131 4503/775/131 4504/776/131 4505/772/131
f 1043/29/132 1042/30/132 4498/777/132 4501/778/132 4503/779/132
f 4401/780/133 4397/781/133 4396/782/133 4411/783/133 4412/784/133 4410/785/133 4409/786/133 4408/787/133 4497/788/133 1042/17/133 1043/33/133 4405/789/133 4399/790/133 4400/791/133
f 1037/107/134 4490/792/134 4492/793/134 1036/794/134 1039/795/134 4491/796/134 4493/797/134
f 4477/798/135 1040/34/135 4384/799/135 4385/800/135 4391/801/135 4402/802/135 4403/803/135 4406/804/135 4490/805/135 1037/17/135 1038/33/135 4481/806/135 4475/807/135
f 4488/808/136 1032/809/136 1030/29/136 1029/30/136 1031/810/136 4489/811/136 4487/812/136
f 1964/813/137 4482/814/137 4478/815/137 4480/816/137
f 4387/817/138 1027/194/138 1028/179/138 1029/165/138 1030/166/138 4372/818/138 4364/819/138 4363/820/138 4365/821/138 4366/822/138 4394/823/138 4393/824/138 4388/825/138
f 4471/826/139 4472/827/139 4469/828/139 1975/829/139 1976/830/139 1978/831/139 1980/832/139 4470/833/139 4467/834/139 4465/835/139 1075/836/139
f 4461/837/140 4460/838/140 4463/839/140 4462/840/140
f 1998/841/141 4453/842/141 4454/843/141 4455/844/141 4452/845/141 4471/846/141
f 2038/847/142 2033/848/142 2039/849/142 2032/850/142 2015/851/142 4471/852/142 2014/853/142 2007/854/142 2027/855/142
f 4449/856/143 4444/857/143 4442/858/143 4447/859/143 4448/860/143
f 4429/861/144 4428/862/144 1002/107/144 1001/108/144 4426/863/144
f 1000/295/145 999/296/145 4413/864/145 2054/865/145 2048/866/145 2046/867/145 2047/868/145 4416/869/145 4417/870/145 4418/871/145 4414/872/145 4415/873/145
f 4316/874/146 993/16/146 994/17/146 985/33/146 984/34/146 4294/875/146 4293/876/146 4310/877/146 4314/878/146
f 983/186/147 984/32/147 985/16/147 4407/16/147 1044/16/147 986/17/147 987/33/147 989/34/147
f 4379/879/148 4380/880/148 982/8/148 980/9/148 4383/881/148
f 980/29/149 979/30/149 4399/882/149 4405/883/149 4406/884/149 4404/885/149 4403/886/149 4402/887/149 968/888/149 4382/889/149 4381/890/149 4383/891/149
f 4355/892/150 4356/893/150 974/8/150 972/9/150 4359/894/150 4358/895/150
f 4392/896/151 4388/897/151 4393/898/151
f 4395/899/152 963/900/152 4394/901/152 4393/898/152 4388/897/152 4390/902/152
f 971/107/153 4382/903/153 968/904/153 4391/905/153 4384/906/153 4386/907/153 4389/908/153 4387/909/153 4388/910/153
f 4281/911/154 969/611/154 4376/912/154 4380/913/154 4379/914/154 4383/915/154 4381/916/154 4382/917/154 971/495/154 972/496/154 974/609/154 4291/918/154 4287/919/154 4290/920/154 4289/921/154 4282/922/154
f 4371/923/155 4370/924/155 965/29/155 964/30/155 4364/925/155 4372/926/155 966/927/155 4373/928/155 4367/929/155
f 964/107/156 4357/930/156 4361/931/156 4360/932/156 4366/933/156 4365/934/156 966/935/156 4363/936/156 4364/937/156
f 4357/938/157 964/17/157 965/33/157 4263/939/157 4266/940/157 4269/941/157 4278/942/157 4277/943/157 4276/944/157 4275/945/157 4274/946/157 4353/947/157 4356/945/157 4354/948/157 4359/949/157
f 4349/950/158 4348/951/158 4351/952/158 4350/953/158
f 961/29/159 960/30/159 4346/954/159 4349/950/159 4350/953/159
f 960/107/160 959/108/160 4369/955/160 4347/956/160 4345/957/160 2071/957/160 2065/957/160 4346/958/160
f 4337/959/161 4341/960/161 4338/961/161 4339/962/161 4336/963/161 949/964/161 2072/965/161
f 952/107/162 951/108/162 4336/963/162 4338/961/162 4341/960/162 4340/966/162
f 2337/967/163 2338/968/163 3763/969/163 3761/970/163 3759/971/163 3766/972/163 942/34/163 888/34/163 4242/973/163 938/186/163 940/32/163 4319/974/163 4320/975/163 4321/976/163 4322/977/163 3687/978/163 3689/979/163 3696/980/163 3770/981/163
f 928/982/164 927/107/164 926/108/164 924/983/164
f 4311/984/165 4310/985/165 4293/986/165 932/29/165 937/30/165 991/987/165 931/988/165 4292/989/165 4312/990/165 4313/991/165 4315/992/165 4316/993/165 4314/994/165
f 882/995/166 932/996/166 933/997/166 926/998/166 925/999/166 4220/1000/166 4219/1001/166 4218/1002/166
f 932/50/167 882/51/167 883/52/167 931/53/167 4292/1003/167 2089/1004/167 2092/1005/167 2093/1006/167
f 2764/1007/168 2763/1008/168 2762/1009/168 4226/1010/168 925/611/168 926/494/168 927/495/168 921/496/168 920/609/168 2768/1011/168 2765/1012/168
f 948/1013/169 950/295/169 947/296/169 946/1014/169
f 955/437/170 947/438/170 950/352/170 951/353/170 952/354/170 953/355/170
f 4289/1015/171 4290/1016/171 2099/1017/171 2098/1018/171
f 4369/1019/172 959/50/172 958/51/172 957/1020/172
f 962/384/173 956/193/173 958/194/173 959/179/173 960/165/173 961/166/173
f 4261/29/174 915/29/174 914/30/174 4275/1021/174 4276/1022/174 4278/1023/174 4269/1024/174
f 982/433/175 975/62/175 977/68/175 978/69/175 979/70/175 980/432/175
f 4272/1025/176 4273/1026/176 914/17/176 915/33/176 916/34/176 4215/1027/176 4214/1028/176 4216/1029/176 4217/1030/176 4213/1031/176 4270/1032/176
f 4260/1033/177 916/1033/177 915/179/177 4261/179/177 909/165/177 904/166/177 4201/1034/177 4203/1035/177 4211/1036/177 4209/1037/177 4208/1038/177
f 4201/1039/178 904/179/178 905/165/178 906/166/178 907/384/178 4205/1040/178 4207/1041/178 4202/1042/178
f 1005/34/179 999/186/179 1000/32/179 1001/16/179 1002/17/179 1003/33/179
f 4245/1043/180 893/354/180 894/355/180 895/437/180 4181/1044/180 4180/1045/180 4246/1046/180 4244/1047/180
f 3822/1048/181 3823/1049/181 824/8/181 889/9/181 3824/1050/181
f 2344/1051/182 3756/1052/182 2348/1053/182 2349/1054/182 2350/1055/182 2343/1056/182
f 3744/1057/183 3762/1058/183 889/1059/183 824/1060/183 4171/1061/183 4169/1062/183 4170/1063/183 2141/1064/183 4173/1065/183 4164/1066/183 4163/1067/183 886/1068/183 887/1069/183 888/1070/183 2343/1056/183 2350/1055/183 2349/1054/183 2348/1053/183 3756/1052/183 3755/1071/183 3743/1072/183
f 4239/1073/184 4241/1074/184 4240/1075/184 4238/1076/184
f 4232/1077/185 881/16/185 882/17/185 4218/1078/185 4223/1079/185 4221/1080/185 4149/1081/185 4150/1082/185 4151/1083/185 4146/1084/185 4143/1085/185 4235/1086/185 4236/1087/185 4229/1088/185 4230/1089/185 4234/1090/185
f 7/29/186 874/30/186 876/1091/186 5/1092/186 4227/1093/186 4226/1094/186 2762/1095/186
f 871/1096/187 876/1097/187 874/107/187 873/108/187 4220/1098/187 4225/1099/187 4224/1100/187
f 4219/1101/188 4220/1102/188 873/50/188 817/51/188 819/1103/188 871/1104/188 4222/1105/188 4221/1106/188 4223/1107/188 4218/1108/188
f 4213/1109/189 4216/1110/189 4214/1111/189
f 857/29/190 865/30/190 4213/1109/190 4214/1111/190 4215/1112/190 856/1113/190
f 867/982/191 4212/1114/191 4213/1115/191 865/107/191 2121/1116/191 2124/1117/191 2122/1118/191
f 2134/1119/192 2143/1119/192 2136/1119/192 2133/1119/192 4201/1120/192 4202/1121/192 850/107/192 849/108/192 2131/1119/192
f 849/353/193 850/354/193 851/355/193 852/437/193 783/438/193 782/1122/193 4200/1123/193 4194/1124/193
f 4197/1125/194 4195/1126/194 4199/1127/194
f 4185/1128/195 843/1129/195 844/1130/195 771/1131/195 4100/1132/195 4116/1133/195 4118/1134/195 4184/1135/195 4186/1136/195 4187/1137/195
f 4171/1138/196 4169/1139/196 4170/1140/196 4172/1141/196 834/1142/196
f 4171/1138/197 4154/1138/197 4155/1143/197 832/29/197 831/30/197 4164/1144/197 4173/1145/197 2141/1146/197 4170/1140/197 4168/1147/197 4169/1139/197
f 4159/1148/198 831/1129/198 832/1130/198 835/1131/198 4091/1149/198 4092/1150/198 4093/1151/198 4094/1152/198 4090/1153/198 4158/1154/198 2144/1155/198 4161/1156/198
f 3861/1157/199 3863/1158/199 826/8/199 825/9/199 3865/1159/199
f 1136/1160/200 1134/634/200 1133/635/200 1135/1161/200
f 4154/1162/201 824/354/201 825/355/201 826/437/201 4084/1163/201 4082/1164/201 4081/1165/201 4079/1166/201 4152/1167/201 4153/1168/201 4155/1169/201
f 1144/622/202 1142/107/202 1141/108/202 1139/488/202
f 1145/1170/203 1143/29/203 1142/30/203 1144/1171/203
f 1139/1172/204 1150/634/204 1149/635/204 1151/658/204
f 4146/1173/205 816/50/205 815/51/205 4139/1174/205 4145/1175/205 4144/1176/205 4143/1177/205
f 783/29/206 782/30/206 784/1178/206 776/988/206 4113/1179/206 4114/1180/206
f 4098/1181/207 4099/1182/207 778/8/207 777/9/207 4102/1183/207 4101/1184/207
f 777/29/208 4112/1185/208 4118/1186/208 4115/1187/208 4100/1188/208 4102/1189/208
f 4114/1190/209 4112/1191/209 777/1130/209 778/1131/209 710/1192/209 4039/1193/209 4038/1194/209 4110/1195/209
f 1202/1196/210 1200/1197/210 1199/1198/210 1201/1199/210
f 1151/1200/211 1203/8/211 1200/9/211 1202/1201/211
f 702/1202/212 701/1203/212 4029/1204/212 4027/1205/212 4028/1206/212 4095/1207/212 4099/1205/212 4098/1208/212 4101/1209/212 4102/1210/212 4100/1211/212 771/1212/212 772/1213/212
f 4094/1214/213 4093/1215/213 2192/1216/213 2197/1217/213
f 4093/1215/214 4092/1218/214 4091/1219/214 752/1220/214 765/29/214 764/30/214 4090/1221/214 4094/1214/214 2197/1217/214 2192/1216/214
f 4088/1222/215 764/1129/215 765/1130/215 692/1131/215 4008/1223/215 4019/1224/215 4018/1225/215 4085/1226/215 4086/1227/215 4089/1228/215 4087/1229/215
f 4083/1230/216 4082/1231/216 4084/1232/216
f 3925/1233/217 3926/1234/217 3922/1235/217 3921/1236/217 749/1237/217 683/308/217 750/8/217 2260/1238/217 2261/1239/217
f 1240/1240/218 1238/107/218 1237/108/218 1235/1241/218
f 3913/1242/219 3911/1243/219 3909/1244/219 3907/1245/219 4003/1246/219 4001/1247/219 3998/1248/219 4075/1249/219 4076/1250/219 4077/1251/219 4078/1252/219 3927/1253/219
f 1241/1254/220 1243/50/220 1242/51/220 1208/1255/220
f 4061/1256/221 4062/1257/221 739/17/221 740/33/221 742/34/221 2800/1258/221 2806/1259/221 2807/1260/221 2797/1261/221 2805/1262/221 738/32/221 4058/1263/221 4060/1264/221
f 1241/1265/222 1247/634/222 1246/635/222 1248/1266/222
f 2228/1267/223 721/1268/223 720/1269/223 733/8/223 732/9/223 4048/1270/223 4041/1271/223 4040/1272/223 2223/1273/223
f 1256/1172/224 1254/634/224 1253/635/224 1255/1274/224
f 1261/1275/225 1259/107/225 1258/108/225 1257/1276/225
f 719/438/226 722/352/226 2228/1277/226 2223/1278/226 4040/1279/226 4041/1280/226 4048/1281/226 4047/1282/226 4045/1283/226 724/355/226 726/437/226 2858/1284/226 2857/1285/226 2853/1286/226 2854/1287/226 2855/1288/226 2847/1289/226 2848/1290/226 2852/1291/226 2850/1292/226
f 1270/1293/227 1268/107/227 1267/108/227 1266/1276/227
f 4040/1294/228 2228/1295/228 721/1296/228
f 4022/1299/230 4025/1300/230 718/8/230 717/9/230 4026/1301/230 4023/1302/230
f 709/1113/231 4024/1303/231 4026/1304/231 717/29/231 716/30/231 4038/1305/231 4039/1306/231 2229/1307/231
f 2878/1310/233 714/1192/233 4031/1311/233 4033/1312/233 4032/1313/233 4035/1314/233 4036/1315/233 4034/1316/233 716/1129/233 717/1130/233 718/1131/233 2876/1317/233 2887/1318/233 2882/1319/233 2884/1320/233 2877/1321/233
f 714/296/235 2880/1324/235 2875/1325/235 2874/1326/235 2885/1327/235 2865/1328/235 2866/1329/235 2862/1330/235 2863/1331/235 2883/1332/235 2886/1333/235 715/1334/235 4031/1335/235
f 699/1336/236 4013/1337/236 4014/1338/236 4017/1339/236 712/29/236 711/30/236 4027/1340/236 4030/1341/236 4029/1342/236 2234/1343/236
f 707/231/237 713/232/237 698/1344/237 2904/1345/237 2903/1346/237 2899/1347/237 2900/1348/237 2901/1349/237
f 4013/1350/238 701/1351/238 702/1352/238 703/1353/238 706/1354/238 697/746/238 4010/1355/238 4016/1356/238 4017/1357/238 4014/1358/238
f 2697/1359/239 2910/1360/239 2909/1361/239 2916/1362/239 2917/1363/239 698/1364/239 4010/1365/239 697/296/239 2915/1366/239 2714/1367/239 2704/1368/239
f 4007/1369/240 4008/1370/240 692/17/240 693/33/240 695/34/240 2935/1371/240 2933/1372/240 2937/1373/240 4004/1374/240 4006/1375/240 4009/1376/240
f 688/107/241 4000/1377/241 689/106/241 3999/1378/241 3998/1379/241
f 2958/1380/242 2960/1381/242 685/1382/242 686/295/242 684/296/242 2954/1383/242 2952/1384/242 2957/1385/242 2943/1386/242 2944/1387/242 2941/1388/242 2942/1389/242
f 682/29/243 681/30/243 3919/1390/243 3918/1391/243 3904/1392/243 3906/1393/243 3968/1394/243 3972/1395/243
f 681/107/244 3996/1396/244 2238/1397/244 680/1398/244 3910/1399/244 3908/1400/244 3919/1401/244
f 2982/1402/245 2978/1403/245 2965/1404/245 2964/1405/245 2966/1406/245 3993/1407/245 3994/1408/245 3995/1409/245 3996/1410/245 681/17/245 682/33/245 3974/1411/245 3973/1412/245 3969/1413/245 3970/1414/245 3975/1415/245 3963/1416/245 3962/1417/245 3964/1418/245 3958/1419/245 3959/1420/245
f 3970/1414/246 3969/1413/246 3971/1421/246 3974/1411/246 3965/1422/246 3967/1423/246 3959/1420/246 3958/1419/246 3964/1418/246 3962/1417/246 3961/1424/246 3963/1416/246 2252/1425/246 2256/1426/246 3975/1415/246 2255/1427/246 2249/1428/246 2251/1429/246
f 2764/2438/471 2765/2439/471 8/107/471 7/108/471 2762/2440/471
f 4/2445/477 6/295/477 3/296/477 1/2446/477
f 2767/2447/478 9/29/478 8/30/478 2765/2448/478 2768/2449/478 10/2450/478 11/2451/478 2766/2452/478
f 11/10/479 2/7/479 12/8/479 9/9/479 2767/2453/479
f 2939/3761/815 2919/3762/815 2920/3763/815 2922/3764/815 690/3765/815 4004/3766/815 2937/3767/815
f 697/231/816 706/232/816 690/3768/816 2921/3769/816 2918/3770/816 2913/3771/816 2912/3772/816 2914/3773/816 2915/3774/816
f 4010/1365/817 698/1364/817 700/295/817
f 4011/3775/818 699/3776/818 4013/3777/818 700/51/818 698/3778/818 4012/3779/818
f 4008/3780/819 4007/3781/819 4009/3782/819 703/29/819 702/30/819 4018/3783/819 4019/3784/819 4020/3785/819
f 4006/3786/820 4005/3787/820 4004/3788/820 690/3789/820 706/8/820 703/9/820 4009/3790/820
f 2902/3791/821 708/3792/821 4021/3793/821 707/296/821 2901/3794/821 2897/3795/821 2896/3796/821
f 4024/3797/822 710/1831/822 711/1129/822 712/1130/822 713/1131/822 707/1192/822 4021/3798/822 4025/3799/822 4022/3800/822 4023/3801/822 4026/3802/822
f 698/3803/823 713/8/823 712/9/823 4017/3804/823 4015/3805/823 4016/3806/823 4010/3807/823
f 2856/3808/824 720/3809/824 722/295/824 719/296/824 2851/3810/824 2849/3811/824
f 4050/3812/825 4049/3813/825 723/107/825 4043/3814/825 721/3815/825 4052/3816/825 4051/3817/825 725/3818/825
f 4053/3819/826 4034/3820/826 4036/3821/826 724/29/826 4045/3822/826 4055/3823/826 4054/3824/826
f 4033/3825/827 726/8/827 724/9/827 4036/3826/827 4035/3827/827 4037/3828/827 4032/3829/827
f 2825/3830/828 730/1830/828 731/1831/828 4056/3831/828 732/1130/828 733/1131/828 727/1192/828 2820/3832/828 2819/3833/828 2822/3834/828 2823/3835/828 2826/3836/828 2827/3837/828 2828/3838/828
f 732/29/829 4057/3839/829 788/3840/829 721/3841/829 4044/3842/829 4042/3843/829 4048/3844/829
f 2800/1258/830 742/34/830 735/186/830 2799/3845/830
f 2809/3846/831 2800/1258/831 2799/3845/831 2798/3847/831 2807/1260/831 2806/1259/831
f 728/2475/832 742/8/832 740/9/832 729/2471/832
f 748/232/833 736/3848/833 2775/3849/833 2772/3850/833
f 744/193/834 4068/3851/834 4069/3852/834 4073/3853/834 4071/3854/834 4072/3855/834 4070/3856/834 745/165/834 746/166/834 748/384/834 2772/3857/834 2773/3858/834 2774/3859/834 2778/3860/834 2788/3861/834
f 736/7/835 748/8/835 746/9/835 4061/3862/835 4060/3863/835 4058/3864/835 4059/3865/835 737/10/835
f 692/232/836 694/3866/836 691/3867/836 4008/3868/836
f 766/3869/837 752/1220/837 4091/1219/837 4092/1218/837 4093/1215/837 4094/1214/837 4090/1221/837
f 694/2314/838 692/8/838 765/9/838 752/2313/838
f 4030/3870/839 4029/1204/839 4028/1206/839 4027/1205/839
f 4088/3871/840 4087/3872/840 4089/3873/840 772/29/840 771/30/840 4103/3874/840 4105/3875/840 4108/3876/840 4109/3877/840
f 4018/3878/841 702/8/841 772/9/841 4089/3879/841 4086/3880/841 4085/3881/841
f 4089/3879/842 762/3882/842 704/3789/842 4018/3878/842 4085/3881/842 4086/3880/842
f 775/1344/843 709/3883/843 710/231/843 778/232/843 4099/3884/843 4095/3885/843 4096/3886/843
f 4123/3887/844 782/17/844 783/33/844 716/34/844 4034/3888/844 4053/3889/844 4054/3890/844 4055/3891/844 4122/3892/844 4121/3893/844
f 4038/3894/845 716/8/845 783/9/845 4114/3895/845 4111/3896/845 4110/3897/845
f 4124/3898/846 791/50/846 790/51/846 788/2595/846 4126/3899/846 4127/3900/846 789/2594/846 4125/3901/846
f 4128/3902/847 792/107/847 791/108/847 4124/3903/847 4130/3904/847 4129/3905/847
f 781/1268/848 4119/3906/848 4120/3907/848 725/1269/848 4122/3908/848 4121/3909/848 4123/3910/848
f 729/3911/849 796/231/849 804/232/849 788/3912/849
f 799/295/850 796/296/850 729/3913/850 4065/3914/850 4066/3915/850 741/3916/850
f 804/1/851 796/2/851 799/3/851 3/4/851 12/5/851 802/6/851
f 4137/3917/852 802/29/852 12/30/852 2/2459/852 4135/3918/852 4136/3919/852
f 789/10/853 4127/3920/853 4126/3921/853 788/7/853 804/8/853 802/9/853 4137/3922/853 4138/3923/853
f 746/231/854 799/232/854 741/3924/854 4063/3925/854 4064/3926/854 737/3927/854
f 747/3928/855 745/295/855 746/296/855 737/3929/855
f 809/4/856 6/5/856 3/6/856 799/1/856 746/2/856 745/3/856
f 1/3930/857 3/29/857 6/30/857 4/3931/857
f 741/7/858 799/8/858 3/9/858 1/10/858
f 745/232/859 747/3932/859 4074/3933/859 4070/3934/859
f 4141/3935/860 815/194/860 816/179/860 817/165/860 809/166/860 745/384/860 4070/3936/860 4147/3937/860 4148/3938/860
f 4149/3939/861 819/3940/861 817/107/861 816/108/861 4146/3941/861 4151/3942/861 4150/3943/861
f 747/7/862 745/8/862 809/9/862 808/10/862
f 4077/3944/863 4084/3945/863 826/232/863 3863/3946/863 3858/3947/863 3855/3948/863 4078/3949/863
f 825/29/864 824/30/864 3823/3950/864 3820/3951/864 3821/3952/864 3813/3953/864 3815/3954/864 3865/3955/864
f 831/107/865 4159/3956/865 830/3957/865 4166/3958/865 4165/3959/865 833/3960/865 4167/3961/865 4163/3962/865 4164/3963/865
f 4153/3964/866 835/8/866 832/9/866 4155/3965/866 4156/3966/866
f 4157/3967/867 766/2520/867 762/3968/867 4088/3969/867 764/232/867 4090/3970/867
f 773/3971/868 4104/3972/868 763/296/868 762/2821/868 4107/3973/868 4106/3974/868
f 773/3975/869 770/3976/869 4097/3977/869 4117/3978/869 4100/3979/869 771/232/869 4103/3980/869 4174/3981/869
f 843/107/870 4185/3982/870 4190/3983/870 4183/3984/870 842/3985/870 845/3986/870 4189/3987/870 4188/3988/870
f 844/29/871 843/30/871 4188/3989/871 4191/3990/871 4193/3991/871 4192/3992/871 4179/3993/871 4178/3994/871
f 4178/3995/872 4177/3996/872 4176/3997/872 4175/3998/872 4103/3999/872 771/8/872 844/9/872
f 783/231/873 852/232/873 4184/4000/873 4118/4001/873 4112/4002/873 4114/4003/873
f 4190/4004/874 4185/4005/874 4187/4006/874 851/29/874 850/30/874 4202/4007/874 4204/4008/874 4207/4009/874 4205/4010/874 4206/4011/874
f 4184/4012/875 852/8/875 851/9/875 4187/4013/875 4186/4014/875
f 856/53/876 857/50/876 4134/4015/876 793/52/876
f 863/3590/877 864/548/877 865/549/877 857/550/877 4134/4016/877 4128/4017/877 4129/4018/877 4130/4019/877 4124/4020/877 4125/4021/877 4138/4022/877 4137/4023/877 4136/4024/877
f 857/9/878 856/2102/878 793/2103/878 4134/4025/878
f 819/4026/879 817/295/879 809/296/879 808/1810/879
f 873/16/880 874/17/880 7/33/880 6/34/880 809/186/880 817/32/880
f 889/29/881 3762/4027/881 3742/4028/881 3745/4029/881 3824/4030/881
f 4181/4031/882 895/232/882 833/4032/882 4165/4033/882 4166/4034/882 830/4035/882
f 891/438/883 4243/4036/883 4180/1045/883 4182/4037/883 4181/1044/883
f 4250/4038/884 4247/4039/884 4248/4040/884 4249/4041/884
f 901/29/885 900/30/885 4252/4042/885 4253/4043/885 4254/4044/885 4255/4045/885 4256/4046/885
f 4267/4047/886 957/4048/886 909/107/886 4261/4049/886 4269/4050/886 4266/4051/886 4263/4052/886 4262/4053/886 4264/4054/886 4265/4055/886 4268/4056/886
f 919/4057/887 921/29/887 927/30/887 928/4058/887
f 10/2103/888 920/8/888 921/9/888 919/2102/888
f 4292/4059/889 931/2608/889 934/2611/889 933/107/889 932/108/889 4293/4060/889 4294/4061/889
f 926/29/890 933/30/890 934/987/890 4298/4062/890 4297/4063/890 4296/4064/890 4295/4065/890 924/988/890
f 4304/4066/891 4305/4067/891 936/50/891 935/51/891 4302/4068/891 4306/4069/891 4307/4070/891
f 4308/4071/892 4301/4072/892 935/32/892 936/16/892 937/17/892 932/33/892 882/34/892 881/186/892 4300/4073/892 4309/4074/892
f 3769/4075/893 3770/981/893 941/33/893 3766/972/893 3759/971/893 3760/4076/893 3761/970/893 3763/969/893 3771/4077/893
f 3687/4078/894 4322/4079/894 4324/4080/894 4323/4081/894 3691/4082/894
f 939/4083/895 892/4084/895 4258/4085/895 4257/4086/895 4259/4087/895 945/232/895 4320/4088/895 4319/4089/895
f 943/4090/896 946/4091/896 947/231/896 955/232/896 4326/4092/896 4325/4093/896
f 4335/4094/897 4336/4095/897 951/50/897 950/51/897 948/4096/897 949/4097/897
f 953/29/898 952/30/898 4340/4098/898 4343/4099/898 4342/4100/898
f 4344/4101/899 944/4102/899 943/4103/899 4326/4104/899 4327/4105/899 4328/4106/899 4329/4107/899 4333/4108/899
f 4326/4104/900 955/8/900 953/9/900 4342/4109/900 4333/4108/900 4329/4107/900 4328/4106/900 4327/4105/900
f 4363/936/901 4362/4110/901 966/935/901 4364/937/901
f 970/50/902 4376/4111/902 4377/4112/902 922/1020/902 4378/4113/902 4375/4114/902 968/1019/902
f 4382/903/903 970/108/903 968/904/903
f 4357/4115/904 4359/4116/904 972/29/904 971/30/904 4388/897/904 4392/896/904 4393/898/904 4394/901/904 4361/4117/904
f 4284/4118/905 4280/4119/905 4279/4120/905 4285/4121/905 919/4122/905 975/231/905 982/232/905 4380/4123/905 4376/4124/905 4377/4125/905 922/4126/905
f 978/50/906 977/51/906 928/4127/906 976/4128/906 4396/4129/906 4398/4130/906 4397/4131/906
f 4399/4132/907 979/107/907 978/108/907 4397/4133/907 4401/4134/907 4400/4135/907
f 4400/4135/908 4401/4134/908 4397/4133/908 976/4136/908 981/4137/908 4399/4132/908
f 4410/4138/909 987/29/909 986/30/909 4408/4139/909 4409/4140/909
f 988/4141/910 976/4142/910 4410/4138/910 4409/4140/910 4408/4139/910
f 4294/4143/911 984/232/911 934/2834/911 931/2835/911 4312/4144/911 4292/4145/911
f 4422/4146/912 4424/4147/912 4421/4148/912 4419/4149/912 4425/4150/912 4420/4151/912 4426/4152/912 1001/50/912 1000/51/912 4415/4153/912 4423/4154/912
f 991/2103/913 1005/8/913 1003/9/913 992/2102/913
f 4317/4155/914 4318/4156/914 1007/438/914 1009/352/914 4432/4157/914 4433/4158/914 4331/4159/914 4332/4160/914 4334/4161/914 4324/4162/914
f 4434/4163/915 1010/354/915 1011/355/915 4323/4164/915 4324/4162/915 4334/4161/915 4332/4160/915 4331/4159/915
f 3618/4165/916 3617/4166/916 3694/4167/916 1011/29/916 1010/30/916 3625/4168/916 3626/4169/916 3622/4170/916
f 1011/9/917 3694/4171/917 3693/4172/917 3695/4173/917 3688/4174/917 3691/4175/917 4323/4176/917
f 4330/4177/918 1016/34/918 4344/4178/918 4333/4179/918
f 4438/4180/919 1013/17/919 1014/33/919 4330/4177/919 4333/4179/919 4342/4181/919 4343/4182/919 4340/4183/919 4341/4184/919 4437/4185/919
f 1013/107/920 4438/4186/920 4441/4187/920 4439/4188/920 4445/4189/920 4440/4190/920 4444/4191/920
f 4445/4189/921 4443/4192/921 4442/4193/921 4444/4191/921 4440/4190/921
f 1014/29/922 1013/30/922 4444/857/922 4446/4194/922 4449/856/922
f 4448/4195/923 1008/4196/923 4434/4197/923 4331/4198/923 4330/4199/923 1014/9/923 4449/4200/923 4450/4201/923
f 4345/4202/924 1023/609/924 4347/4203/924
f 4373/4204/925 1020/494/925 1021/495/925 1022/496/925 4345/4202/925 4347/4203/925 4374/4205/925 4370/4206/925 4371/4207/925 4368/4208/925 4367/4209/925
f 1022/29/926 1021/30/926 4467/834/926 4470/833/926 4468/4210/926 4469/828/926 4472/827/926
f 4477/4211/927 4475/4212/927 1028/50/927 1027/51/927 4474/4213/927 4476/4214/927
f 4372/818/928 1033/384/928 4363/820/928 4364/819/928
f 1030/9/929 1032/770/929 966/4215/929 4372/4216/929
f 1038/29/930 1037/30/930 4493/4217/930 4496/4218/930 4494/4219/930 4495/4220/930
f 1042/107/931 4497/4221/931 4500/4222/931 4499/4223/931 4498/4224/931
f 1044/186/932 994/32/932 1047/16/932 1048/17/932 1049/33/932 986/34/932
f 4508/4225/933 1048/107/933 1047/108/933 1045/4226/933 1050/4227/933 4506/4228/933 4507/4229/933
f 1049/29/934 1048/30/934 4508/4230/934 4510/4231/934 4509/4232/934 4511/4233/934
f 4497/4234/935 4408/4235/935 986/8/935 1049/9/935 4511/4236/935 4500/4237/935
f 992/2376/936 1003/231/936 1058/232/936 996/4238/936
f 4516/4239/937 1052/4240/937 4514/4241/937 4512/4242/937 4513/4243/937 1054/50/937 1002/51/937 4428/4244/937 4515/4245/937
f 1003/269/938 1002/79/938 1054/270/938 1055/83/938 1056/271/938 1058/268/938
f 4518/4246/939 1055/107/939 1054/108/939 4513/4247/939 4519/4248/939 4517/4249/939
f 4522/4250/940 1045/4251/940 996/4252/940 1058/8/940 1056/9/940 4521/4253/940 4528/4254/940
f 1059/295/941 4532/4255/941 4534/4256/941 4533/4257/941
f 4625/4258/942 1060/50/942 1059/51/942 4533/4259/942 4536/4260/942 4535/4261/942
f 4532/4262/943 1059/32/943 1060/16/943 1061/17/943 4516/4263/943 4515/4264/943 4428/4265/943 4429/4266/943 4431/4267/943 4426/4268/943 4420/4269/943 4537/4270/943
f 1062/610/944 1063/611/944 4440/753/944 4444/756/944 4446/4271/944 4449/755/944 4450/754/944
f 1065/107/945 1064/108/945 4539/4272/945 4540/4273/945 1067/622/945
f 1066/29/946 1065/30/946 1067/3105/946 3631/4274/946 3629/4275/946 3630/4276/946
f 3631/4274/947 1068/3104/947 3630/4276/947 3629/4275/947
f 3628/4277/948 1069/8/948 1066/9/948 3630/4278/948 3627/4279/948
f 4458/747/949 1071/2093/949 1072/1351/949 1073/1352/949 1074/1353/949 4439/4280/949 4441/751/949 4462/750/949 4463/4281/949 4460/4282/949 4461/749/949 4459/748/949
f 1074/29/950 1073/30/950 4546/4283/950 4548/4284/950 4547/4285/950
f 4471/4286/951 4457/4287/951 4453/4288/951 4454/4289/951 1081/232/951 1019/592/951 1075/4290/951
f 4467/733/952 4470/732/952 4468/731/952 4469/744/952 4472/4291/952 4473/739/952 1076/186/952 4549/4292/952 4466/730/952
f 4451/738/953 4452/737/953 4455/736/953 4454/735/953
f 4543/4293/954 4541/4294/954 4544/4295/954 4542/4296/954
f 4557/4297/955 1085/50/955 1084/51/955 1031/3012/955 1083/3013/955 4559/4298/955 4558/4299/955
f 4489/4300/956 1084/352/956 1085/353/956 1086/354/956 1087/355/956 1088/437/956 1082/438/956 4487/4301/956 4486/4302/956
f 4553/4303/957 4554/715/957 4550/4304/957 4555/716/957
f 4551/4305/958 1088/8/958 1087/9/958 4555/4306/958 4552/4307/958
f 4573/4308/959 1091/17/959 1092/33/959 4480/4309/959 4478/4310/959 4482/4311/959 4483/4312/959 4495/4313/959 4494/4314/959 4496/4315/959 4493/4316/959 4491/4317/959 4568/4318/959 4571/4319/959 4569/4320/959 4570/4321/959 4572/4322/959
f 1092/29/960 1091/30/960 4575/4323/960 4576/4324/960 4577/4325/960
f 4588/4326/961 4580/703/961 1093/682/961 4582/4327/961 4581/705/961 4584/704/961
f 4589/4328/962 1096/29/962 1095/30/962 4586/4329/962
f 4586/4329/963 4585/675/963 1089/678/963 4589/4328/963
f 4571/4330/964 1097/8/964 1096/9/964 4589/4331/964 4573/4332/964 4572/4333/964 4570/4334/964 4569/4335/964
f 1050/4336/965 1045/4337/965 1105/231/965 1111/232/965 4591/4338/965 4590/4339/965
f 1107/671/966 4606/670/966 4605/4340/966 4526/669/966 4524/4341/966 1106/4342/966
f 4604/4343/967 1120/34/967 1113/186/967 4512/665/967 4513/664/967 4519/663/967 4517/4344/967 4518/662/967 4526/661/967 4603/4345/967
f 4618/4346/968 1117/107/968 1116/108/968 4617/4347/968 4620/4348/968 4619/4349/968
f 4622/4350/969 4621/4351/969 1107/2723/969 4606/4352/969 1117/30/969 4618/4353/969 4623/4354/969 4624/4355/969 1118/4141/969
f 4626/4356/970 4629/4357/970 1123/295/970 1122/296/970 4625/4358/970 4630/4359/970 4627/4360/970 4628/4361/970
f 1124/69/971 1125/70/971 1116/432/971 1115/433/971 1122/62/971 1123/68/971
f 4636/4362/972 1125/107/972 1124/108/972 4631/4363/972 4637/4364/972
f 4638/4365/973 1127/4048/973 4636/4362/973 4637/4364/973 4631/4363/973 4632/4366/973
f 4617/644/974 1116/29/974 1125/30/974 4636/4367/974 4643/639/974 4642/648/974 4639/645/974
f 4648/4368/975 1133/17/975 1134/33/975 4540/4369/975 4539/4370/975 4538/4371/975 4547/4372/975 4548/4373/975 4546/4374/975 4545/4375/975 4645/4376/975 4647/4377/975
f 4644/4378/976 1145/4379/976 1135/4380/976 1133/107/976 4648/4381/976
f 4648/4381/977 1132/108/977 4644/4378/977
f 1134/9/978 1136/4382/978 1067/4383/978 4540/4384/978
f 4649/4385/979 4651/4386/979 4650/4387/979 4652/4388/979
f 1146/437/980 1072/438/980 1140/352/980 1141/353/980 1142/354/980 1143/355/980
f 4647/4389/981 1146/8/981 1143/9/981 1145/4390/981 1137/4391/981 4646/4392/981 4644/4393/981 4648/4394/981
f 4656/4395/982 4653/4396/982 4654/4397/982 4655/4398/982
f 4651/4399/983 4649/4400/983 4652/4401/983 4650/4402/983
f 4561/4403/984 1157/34/984 4559/4404/984 4558/4405/984 4557/4406/984 4564/4407/984 4562/4408/984
f 4578/4409/985 1152/186/985 1153/32/985 4657/4410/985 4575/4411/985 4576/4412/985 4577/4413/985 4579/4414/985
f 4663/4415/986 1154/17/986 1155/33/986 4561/4403/986 4562/4408/986 4564/4407/986 4557/4406/986 4558/4405/986 4559/4404/986 4578/4409/986 4579/4414/986 4577/4413/986 4576/4412/986 4575/4411/986 4661/4416/986 4662/4417/986
f 4573/616/987 1090/438/987 1160/352/987 4583/619/987 4586/618/987 4589/617/987
f 4671/620/988 1161/353/988 4677/615/988 4676/614/988 4674/4418/988 4675/621/988
f 4685/607/989 4681/4419/989 1162/107/989 4677/4420/989 4679/600/989 4684/608/989
f 4575/4421/990 1091/8/990 1163/9/990 4687/4422/990 4670/4423/990 4664/4424/990 4663/4425/990 4662/4426/990 4661/4427/990
f 4660/4428/991 4658/4429/991 4574/4430/991 4575/4421/991 4661/4427/991 4662/4426/991 4663/4425/991 4664/4424/991 4670/4423/991 4689/4431/991 4688/4432/991 4659/4433/991
f 1166/4434/992 4691/4435/992 4690/4436/992 4692/4437/992 1167/50/992 4594/4438/992 1101/4439/992 4693/4440/992 4694/4441/992
f 4704/4442/993 4673/4443/993 4672/4444/993 4585/4445/993 4675/4446/993 4674/4447/993 4676/4448/993 4677/4449/993 4679/4450/993 4706/4451/993
f 4713/4452/994 1172/107/994 4712/4453/994 4714/4454/994
f 4715/4455/995 1173/29/995 1172/30/995 4713/4456/995 4716/4457/995
f 4610/4458/996 4611/4459/996 1178/32/996 1179/16/996 1180/17/996 1181/33/996 4616/4460/996 4609/4461/996 4608/4462/996 4607/4463/996
f 4720/4464/997 1181/29/997 1180/30/997 1182/1943/997 4721/4465/997 4719/4466/997
f 4616/4467/998 4615/4468/998 4711/4469/998 1184/8/998
f 4712/4470/999 4710/4471/999 4709/4472/999 4615/4468/999 4616/4467/999 1181/9/999 4720/4473/999 4714/4474/999
f 4729/4475/1000 1187/107/1000 1186/108/1000 4724/4476/1000 4730/4477/1000
f 1118/4478/1001 1178/8/1001 1179/9/1001 1177/4479/1001
f 4743/4480/1002 1191/622/1002 1190/107/1002 4739/4481/1002
f 4653/4482/1003 4654/4483/1003 1203/232/1003 1151/4484/1003 1156/4485/1003 1155/231/1003 4655/4486/1003 4656/4487/1003
f 1196/1254/1004 1198/50/1004 1154/51/1004 4665/1255/1004
f 1203/34/1005 1155/186/1005 1154/32/1005 1198/16/1005 1199/17/1005 1200/33/1005
f 4748/4488/1006 1206/17/1006 1207/33/1006 4666/4489/1006 4667/4490/1006 4668/4491/1006 4670/4492/1006 4687/4493/1006 4686/4494/1006 4681/4495/1006 4685/4496/1006 4745/4497/1006 4746/4498/1006 4747/4499/1006
f 4684/519/1007 1216/34/1007 4706/4500/1007 4679/520/1007
f 1213/29/1008 1212/30/1008 4749/4501/1008 4751/4502/1008
f 4696/497/1009 1210/609/1009 4691/501/1009 4690/500/1009 4692/499/1009 4698/498/1009 4695/4503/1009
f 4717/502/1010 1218/610/1010 1220/611/1010 4716/493/1010 4715/503/1010 4718/4504/1010
f 4755/107/1011 1221/108/1011 4754/4505/1011 4756/4506/1011 4757/4507/1011
f 1220/384/1012 1224/193/1012 4722/4508/1012 4714/4509/1012 4713/4510/1012 4716/4511/1012
f 4708/4512/1013 4707/4513/1013 1227/194/1013 4721/4514/1013 4719/4515/1013 4720/4516/1013 4714/4509/1013
f 4721/4514/1014 1228/179/1014 1229/165/1014 1221/166/1014 4716/4511/1014 4713/4510/1014 4714/4509/1014 4720/4516/1014 4719/4515/1014
f 4754/4517/1015 1221/29/1015 1229/30/1015 1230/3105/1015 4758/4518/1015
f 1177/4519/1016 1179/231/1016 1180/232/1016 1182/4520/1016
f 4760/4521/1017 4762/4522/1017 4761/4523/1017 1234/50/1017 1187/51/1017 4729/4524/1017
f 1191/4525/1018 1236/295/1018 4726/4526/1018 4723/4527/1018
f 1235/4528/1019 1237/50/1019 1236/51/1019 1191/4529/1019
f 4760/4530/1020 1239/33/1020 4759/4531/1020 4729/4532/1020
f 4730/4533/1021 4724/4534/1021 4726/4535/1021 1236/32/1021 1237/16/1021 1238/17/1021 4760/4530/1021 4729/4532/1021
f 4760/4536/1022 1238/30/1022 1240/4537/1022 4768/4538/1022 4762/4539/1022
f 1196/4540/1023 1198/231/1023 1199/232/1023 1201/592/1023
f 1208/306/1024 1242/295/1024 1198/296/1024 1196/4541/1024
f 4752/4542/1025 4753/4543/1025 1249/232/1025 1208/4544/1025 1215/4545/1025
f 1246/1352/1026 1247/1353/1026 1249/1354/1026 4753/4546/1026 4751/4547/1026 4749/4548/1026 4770/4549/1026
f 4769/4550/1027 1256/4551/1027 1248/4552/1027 1246/107/1027 4770/4553/1027
f 1208/4554/1028 1249/8/1028 1247/9/1028 1241/4555/1028
f 1254/355/98 1212/437/98 1211/438/98 1222/352/98 4755/352/98 1251/352/98 1252/353/98 1253/354/98
f 4749/4556/1029 1212/8/1029 1254/9/1029 1256/1201/1029 1214/1200/1029 4750/4557/1029 4769/4558/1029 4770/4559/1029
f 1257/4560/1030 1258/50/1030 4758/4561/1030 1230/4562/1030
f 4758/4563/98 1258/16/98 1259/17/98 1260/33/98 4756/4564/98 4754/4565/98
f 1226/2177/1031 1228/231/1031 1229/232/1031 1230/592/1031
f 1262/1254/1032 1264/50/1032 4765/4566/1032 4766/4567/1032 4774/4568/1032
f 4764/4569/98 4767/4570/98 1263/32/98 4765/4571/98
f 1266/4560/1033 1267/50/1033 4768/4572/1033 1240/4562/1033
f 4763/4573/98 4761/4574/98 4762/4575/98 4768/4576/98 1267/16/98 1268/17/98 4774/4577/98 4766/4578/98
f 1269/634/1034 4774/4579/1034 1262/4580/1034
f 1268/635/1035 1270/4581/1035 1262/4580/1035 4774/4579/1035
f 1858/8488/1904 4614/8489/1904 4613/8490/1904 4612/8491/1904 4615/8492/1904 1109/8493/1904
f 4550/8494/1905 4556/8495/1905 4554/715/1905 4566/719/1905 4567/718/1905 4560/717/1905 1882/8496/1905
f 1031/8497/1906 1029/107/1906 1028/108/1906 4475/8498/1906 4481/8499/1906 4483/8500/1906 4482/814/1906 1964/813/1906 4480/816/1906 4479/8501/1906
f 4451/8521/1911 4471/8522/1911 4473/8523/1911
f 6672/8573/1924 6673/8/1924 6674/8574/1924
f 6703/1119/192 6704/8575/192 6705/8576/192
f 6668/8577/1925 6671/8578/1925 6670/29/1925 6669/30/1925
f 6672/8579/1926 6676/1130/1926 6675/8580/1926 6673/8581/1926
f 6679/8582/1927 6682/8583/1927 6681/29/1927 6680/30/1927
f 6683/8584/1928 6686/33/1928 6685/8585/1928 6684/8586/1928
f 6687/8587/1929 6690/8588/1929 6689/29/1929 6688/30/1929
f 6691/8589/1930 6694/8590/1930 6693/29/1930 6692/30/1930
f 6695/8591/1931 6698/8592/1931 6697/29/1931 6696/30/1931
f 6677/8595/1933 6704/33/1933 6703/8596/1933 6678/8597/1933
f 6668/8598/1934 6669/8599/1934 754/108/1934 752/105/1934 755/8600/1934 4080/8601/1934 4079/8602/1934 4081/8603/1934
f 693/186/1935 753/32/1935 754/16/1935 6669/8604/1935 6670/8605/1935 688/34/1935
f 6671/8578/1936 6668/8577/1936 4081/8606/1936 4083/1230/1936 4084/1232/1936 4077/8607/1936 4076/8608/1936
f 3998/8609/1937 688/8/1937 6670/8610/1937 6671/8611/1937 4076/8612/1937 4075/8613/1937
f 4159/8614/1938 4161/8615/1938 6676/8616/1938 6672/8617/1938 4180/8618/1938 4182/8619/1938 4181/8620/1938 830/8621/1938
f 4243/8622/1939 838/2520/1939 837/8623/1939 4179/8624/1939 6673/8625/1939 6672/8626/1939 4180/8627/1939
f 4257/8628/1940 892/2313/1940 4245/8629/1940 4246/8630/1940 4180/8631/1940 6672/8573/1940 6674/8574/1940 901/9/1940 4256/8632/1940 4259/8633/1940
f 4175/8634/1941 4177/8635/1941 4178/8636/1941 4179/8637/1941 6673/8581/1941 6675/8580/1941 764/1131/1941 4088/8638/1941 4109/8639/1941 2176/8640/1941 2181/8641/1941 4105/8642/1941 4103/8643/1941
f 4189/8644/1942 898/194/1942 899/179/1942 900/165/1942 901/166/1942 6674/8645/1942 6673/8646/1942 4179/8647/1942 4192/8648/1942 4188/8649/1942
f 4090/8650/1943 764/8/1943 6675/8651/1943 6676/8652/1943 4161/8653/1943 4160/8654/1943 4162/8655/1943 4158/8656/1943
f 6677/8657/1944 6678/8658/1944 857/108/1944 856/138/1944 4210/8659/1944 4208/8660/1944 4209/8661/1944
f 782/34/1945 4123/8662/1945 4131/8663/1945 4132/8664/1945 4133/8665/1945 4134/8666/1945 857/16/1945 6678/8597/1945 6703/8596/1945 4198/8596/1945 4196/33/1945 4194/8667/1945
f 6704/8668/1946 6677/8669/1946 4209/8670/1946 4211/8671/1946 4203/8672/1946
f 922/982/1947 4283/8673/1947 4281/8674/1947 4282/8675/1947 6679/8676/1947 6680/8677/1947 921/108/1947 919/983/1947 4285/8678/1947 4279/8679/1947 4280/8680/1947 4284/8681/1947
f 864/186/1948 920/32/1948 921/16/1948 6680/8682/1948 6681/8683/1948 865/34/1948
f 4286/8684/1949 4287/8685/1949 6682/8583/1949 6679/8582/1949 4282/8686/1949 4289/1015/1949 2098/1018/1949 2099/1017/1949 4290/1016/1949
f 4288/8687/1950 913/2102/1950 4273/8688/1950 4272/8689/1950 4271/8690/1950 4213/8691/1950 865/8/1950 6681/8692/1950 6682/8693/1950 4287/8694/1950 4291/8688/1950
f 6686/8695/1951 6683/8696/1951 4332/8697/1951 4334/8698/1951
f 6684/8586/1952 6685/8585/1952 945/34/1952 4259/8699/1952 4256/8700/1952 4255/8701/1952 4254/8702/1952 4253/8703/1952 4252/8704/1952 4251/8705/1952 4325/8706/1952 4326/8707/1952 4327/8708/1952 4328/8709/1952 4329/8710/1952
f 4332/8711/1953 6683/8712/1953 6684/8713/1953 4329/8714/1953 4333/8715/1953 4330/8716/1953 4331/8717/1953
f 4322/8718/1954 4321/8719/1954 4320/8720/1954 945/8/1954 6685/8721/1954 6686/8722/1954 4334/8723/1954 4324/8724/1954
f 1075/794/1955 1019/8725/1955 4456/8726/1955 4458/8727/1955 4459/8728/1955 6687/8729/1955 6688/8730/1955 1018/108/1955 4452/845/1955 4455/844/1955 4454/843/1955 4453/842/1955 4457/8731/1955 4471/8732/1955
f 2065/8733/1956 1018/16/1956 6688/8734/1956 6689/8735/1956 4338/8736/1956 4339/8737/1956 4336/8738/1956 4335/8739/1956 4352/8740/1956 4350/8741/1956 4351/8742/1956 4348/8743/1956 4346/8744/1956
f 6690/8588/1957 6687/8587/1957 4459/8745/1957 4461/837/1957 4462/840/1957
f 4438/8746/1958 4437/8747/1958 4341/8748/1958 4338/8749/1958 6689/8750/1958 6690/8751/1958 4462/8752/1958 4441/8753/1958
f 1108/996/1959 6692/8754/1959 6693/8755/1959 1111/999/1959 1105/5657/1959 4528/8756/1959 4521/8757/1959 4520/8758/1959 4523/8759/1959 4525/8760/1959
f 4612/8491/1960 4613/8490/1960 4614/8489/1960 6694/8590/1960 6691/8589/1960 4609/8761/1960 4616/8762/1960 4615/8492/1960
f 4609/8763/1961 6691/8764/1961 6692/8765/1961 1108/108/1961 1107/8766/1961 4611/8767/1961 4607/8768/1961
f 6693/8769/1962 6694/8770/1962 4614/8771/1962 4598/8772/1962 4593/8773/1962 4592/8774/1962 4591/8775/1962 1111/8/1962
f 4697/8776/1963 6695/8777/1963 6696/8778/1963 1167/108/1963 4692/8779/1963 4698/8780/1963 4695/8781/1963 4696/8782/1963
f 4595/8783/1964 4594/8784/1964 1167/16/1964 6696/8785/1964 6697/8786/1964 1169/34/1964 4581/8787/1964 4584/8788/1964 4588/8789/1964 4580/8790/1964 4602/8791/1964
f 6698/8592/1965 6695/8591/1965 4697/584/1965 4703/8792/1965 4699/583/1965 4701/8793/1965 4705/590/1965
f 6697/8794/1966 6698/8795/1966 4705/8796/1966 4679/4450/1966 4677/4449/1966 4676/4448/1966 4675/4446/1966 1169/8/1966
f 6705/8576/192 6704/8575/192 4203/8816/192 4201/1120/192
f 6742/8840/1980 6745/8841/1980 6744/8/1980 6743/9/1980
f 6746/8842/1981 6749/8843/1981 6748/8/1981 6747/9/1981
f 6750/8844/1982 6753/8845/1982 6752/29/1982 6751/30/1982
f 6754/8846/1983 6757/8847/1983 6756/29/1983 6755/30/1983
f 6758/17/1984 6761/8848/1984 6760/8849/1984 6759/8850/1984
f 684/269/2019 686/79/2019 687/270/2019 688/83/2019 6743/9025/2019 6744/9026/2019 2961/9026/2019 2959/9027/2019 2956/9028/2019 2955/9029/2019
f 6745/8841/2020 6742/8840/2020 3995/9030/2020 3994/9031/2020 3997/9032/2020 3992/9033/2020 3993/9034/2020
f 6742/9035/2021 6743/9036/2021 688/30/2021 3998/9037/2021 4002/9038/2021 4001/9039/2021 4003/9040/2021 680/9041/2021 2238/9042/2021 3996/9043/2021 3995/9044/2021
f 2217/9045/2022 790/9045/2022 791/16/2022 792/17/2022 6747/9046/2022 6748/9047/2022 732/186/2022 2208/9045/2022 2212/9045/2022 2211/9045/2022
f 4122/3908/2023 6749/8843/2023 6746/8842/2023 4131/9048/2023 4123/3910/2023 4121/3909/2023
f 4133/9049/2024 4132/9050/2024 4131/9051/2024 6746/9052/2024 6747/9053/2024 792/30/2024 4128/9054/2024 4134/9055/2024 2166/9056/2024 2171/9057/2024
f 732/231/2025 6748/9058/2025 6749/9059/2025 4122/9060/2025 4055/9061/2025 4045/9062/2025 4046/9063/2025 4048/9064/2025
f 4763/9065/2026 6750/9066/2026 6751/9067/2026 1234/108/2026 4761/9068/2026
f 1179/62/2027 1187/68/2027 1234/69/2027 6751/9069/2027 6752/9070/2027 1180/433/2027
f 4764/9071/2028 6753/8845/2028 6750/8844/2028 4763/9072/2028 4766/9073/2028 4765/9074/2028
f 1182/1901/2029 1180/8/2029 6752/9075/2029 6753/9076/2029 4764/9077/2029 4767/9078/2029 1226/1900/2029
f 6756/8849/98 1199/34/98 1198/186/98 1242/32/98 1243/16/98 6755/9079/98
f 1245/9080/2030 6757/8847/2030 6754/8846/2030 1244/3105/2030
f 1244/656/2031 6754/9081/2031 6755/9082/2031 1243/108/2031 1241/9083/2031
f 1201/1200/2032 1199/8/2032 6756/9084/2032 6757/9085/2032 1245/1201/2032
f 4765/4571/98 1264/16/98 6759/8850/98 6760/8849/98 1229/34/98 1228/186/98 4767/4570/98 4764/4569/98
f 1257/1172/2033 6761/9086/2033 6758/9087/2033 1265/1274/2033
f 1265/656/1171 6758/9088/1171 6759/9089/1171 1264/108/1171 1262/488/1171
f 1230/1200/2034 1229/8/2034 6760/9084/2034 6761/9090/2034 1257/1201/2034
usemtl RockMat.016
f 15/7/2 16/8/2 18/9/2 17/10/2
f 122/34/21 116/186/21 118/32/21 119/16/21 120/17/21 121/33/21
f 140/220/27 139/29/27 138/30/27 89/221/27
f 171/268/34 166/269/34 167/79/34 168/270/34 169/83/34 170/271/34
f 185/304/42 187/231/42 192/232/42 186/305/42
f 178/306/43 188/295/43 187/296/43 185/307/43
f 186/308/44 192/8/44 190/9/44 191/309/44
f 252/384/57 247/193/57 248/194/57 249/179/57 250/165/57 251/166/57
f 270/34/61 265/186/61 266/32/61 267/16/61 268/17/61 269/33/61
f 281/437/64 276/438/64 277/352/64 278/353/64 279/354/64 280/355/64
f 295/445/66 297/231/66 302/232/66 296/446/66
f 296/456/68 302/8/68 300/9/68 301/457/68
f 340/504/76 342/505/76 345/506/76 341/507/76
f 374/384/79 369/193/79 370/194/79 371/179/79 372/165/79 373/166/79
f 403/575/85 405/231/85 408/232/85 404/576/85
f 409/577/86 411/505/86 417/506/86 410/578/86
f 417/34/87 411/186/87 412/32/87 413/16/87 414/17/87 415/33/87
f 410/579/88 417/8/88 415/9/88 416/580/88
f 423/581/89 425/505/89 430/506/89 424/582/89
f 430/268/91 425/269/91 426/79/91 427/270/91 428/83/91 429/271/91
f 431/591/92 433/231/92 435/232/92 432/592/92
f 436/593/93 438/505/93 441/506/93 437/594/93
f 440/50/317 439/51/317 432/1779/317 422/1780/317 3551/1781/317 3547/1782/317 3548/1783/317 3549/1784/317
f 3548/1785/319 3547/1786/319 435/551/319 433/1787/319 3541/1788/319 3545/1789/319 434/548/319 3529/1790/319 3531/1791/319 3549/1792/319
f 3545/1793/320 3546/1794/320 3544/1795/320 434/50/320
f 399/1796/321 403/1797/321 429/29/321 428/30/321 3509/1798/321 3507/1799/321
f 3508/1800/322 3511/1801/322 3510/1802/322 3509/1803/322 428/107/322 427/108/322 3538/1804/322 3537/1805/322 398/1806/322
f 3517/1811/326 419/32/326 3520/1812/326 3525/1813/326 3526/1814/326 3528/1815/326 3484/1816/326 2398/1817/326 2394/1818/326 3486/1819/326 3500/1820/326 3494/1821/326 3495/1822/326 420/33/326 421/34/326 3515/1823/326 3522/1824/326 3524/1825/326 3527/1826/326
f 415/29/327 414/30/327 3478/1827/327 3477/1828/327 416/1829/327
f 3472/1832/329 3474/1833/329 3473/1834/329 408/34/329 405/186/329 406/32/329 3451/1835/329 3450/1836/329 3453/1837/329 3464/1838/329
f 3501/1843/333 400/16/333 401/17/333 3457/1844/333 3455/1845/333 3454/1846/333 3456/1847/333 2402/1848/333 2408/1849/333 3449/1850/333 3447/1851/333 3446/1852/333 402/34/333 3507/1853/333 3509/1854/333 3511/1855/333 3508/1856/333 3505/1857/333 3506/1858/333 3503/1859/333 3502/1860/333
f 3497/1861/335 393/1862/335 3495/1863/335 3494/1864/335 395/231/335 397/232/335 3499/1865/335 3498/1866/335
f 3489/1867/336 3429/1868/336 3421/1869/336 3420/1870/336 3423/1871/336 3434/1872/336 355/271/336 392/268/336 391/269/336 3488/1873/336 3490/1874/336 3491/1875/336 3492/1876/336
f 3486/1877/337 390/1878/337 3485/1879/337 3484/1880/337 2398/1881/337 2394/1882/337
f 385/32/98 381/1883/98 380/16/98 386/16/98 387/17/98 388/33/98 389/34/98 383/186/98
f 385/51/338 384/1255/338 325/1254/338 386/50/338 3476/50/338
f 3478/1884/339 384/1885/339 385/295/339 383/296/339 3477/1886/339
f 383/231/340 389/232/340 382/592/340 416/1887/340 3477/1888/340
f 3458/1889/341 3406/1890/341 3404/1891/341 3405/1892/341 3411/1893/341 386/33/341 3476/33/341 385/34/341 376/186/341 3465/1894/341 3461/1895/341 3459/1891/341 3460/1896/341
f 3465/1897/342 3461/1898/342 3459/1899/342 320/1900/342 368/1901/342 3463/1902/342 3464/1903/342
f 3465/1897/343 3466/1904/343 3461/1898/343
f 374/8/344 373/9/344 3459/1899/344 3466/1904/344 3465/1897/344 3464/1903/344 3453/1905/344
f 2403/1906/345 3454/1907/345 3455/1908/345 370/295/345 369/296/345 3449/1909/345 2408/1910/345 2402/1911/345 3456/1912/345 2399/1913/345
f 3453/1914/346 368/1915/346 367/1916/346 3451/1917/346 3450/1918/346
f 3451/1917/347 367/1916/347 3448/1919/347 3446/1920/347 3447/1921/347 3449/1922/347 369/231/347 374/232/347 3453/1914/347 3452/1923/347
f 3438/1924/348 3395/1925/348 3394/1926/348 3388/1927/348 3389/1928/348 3390/1929/348 3397/1930/348 3402/1931/348 3399/1932/348 3398/1933/348 3401/1934/348 3400/1935/348 366/34/348 363/186/348 3439/1936/348 3440/1937/348 3436/1938/348 3437/1939/348
f 360/8/349 359/9/349 3436/1940/349 3441/1941/349 3439/1942/349 354/1901/349
f 359/29/350 358/30/350 307/1943/350 3393/1944/350 3391/1945/350 3392/1946/350 310/1947/350 3438/1948/350 3437/1949/350 3436/1950/350
f 3426/1951/351 3424/1952/351 3425/1953/351 3427/1954/351 348/295/351 347/296/351 3421/1955/351 3429/1956/351 3430/1957/351
f 3421/1958/352 3420/1959/352 3423/1960/352 346/1961/352 3422/1962/352 3419/1963/352
f 3421/1958/353 3418/1964/353 3420/1959/353
f 347/231/354 352/232/354 3423/1960/354 3418/1964/354 3421/1958/354
f 3412/1965/355 327/296/355 3413/1966/355 321/1967/355
f 3332/1970/358 3331/1971/358 324/34/358 322/186/358 319/32/358 3317/1972/358 3321/1973/358 3318/1974/358 3322/1975/358 3323/1976/358 3329/1977/358 3342/1978/358 3340/1979/358 3341/1980/358 3333/1981/358
f 319/34/359 316/186/359 317/32/359 3309/1982/359 3298/1983/359 3299/1984/359 3304/1985/359 3324/1986/359 3325/1987/359 3316/1988/359 3317/1989/359
f 317/295/360 316/296/360 314/1990/360 3400/1991/360 3398/1992/360 3399/1993/360
f 3384/1994/362 3286/1995/362 3287/1996/362 3284/1997/362 3283/1998/362 3285/1999/362 3293/2000/362 3294/2001/362 309/34/362 308/186/362 3386/2002/362 3387/2003/362 3383/2004/362
f 297/296/363 295/2005/363 298/2006/363
f 3337/2007/364 3338/2008/364 3348/2009/364 3347/2010/364 3345/2011/364 228/2012/364 3349/2013/364
f 279/107/365 278/108/365 3326/2014/365 3245/2015/365 230/2016/365 3251/2017/365 3252/2018/365
f 3328/2019/366 3326/2020/366 278/50/366 277/51/366 3340/2021/366 3342/2022/366 3330/2023/366 3327/2024/366
f 277/295/369 276/296/369 3333/2027/369 3341/2028/369 3340/2029/369
f 3312/2030/370 3241/2031/370 222/354/370 3246/355/370 223/355/370 274/355/370 275/437/370 272/438/370 3301/2032/370 3302/2033/370 3315/2034/370 3313/2035/370
f 272/231/371 275/232/371 3323/2036/371 3322/2037/371 3318/2038/371 3320/2039/371 3321/2040/371 3317/2041/371 3316/2042/371
f 3304/2043/372 264/2044/372 263/2045/372 3298/2046/372 3299/2047/372
f 3229/2048/373 3231/2049/373 212/33/373 262/34/373 261/186/373 259/32/373 258/16/373 3227/2050/373
f 259/295/374 261/296/374 3291/2051/374 3294/2052/374 3293/2053/374 3285/2054/374
f 261/231/375 262/232/375 3292/2055/375 3289/2056/375 3288/2057/375 3291/2058/375
f 251/29/376 250/30/376 193/2059/376 3217/2060/376 3218/2061/376 3216/2062/376 199/2063/376
f 3281/2064/377 3202/2065/377 193/2066/377 250/107/377 249/108/377 3278/2067/377 3282/2068/377 2420/2069/377
f 3275/2070/380 248/295/380 247/296/380 3269/2071/380 3277/2072/380 3276/2073/380 3274/2074/380
f 3266/2075/381 3268/2076/381 3269/2077/381 247/231/381 252/232/381 246/2078/381 3273/2079/381 3270/2080/381 3271/2081/381 3265/2082/381 3267/2083/381
f 3156/2084/382 3157/2085/382 224/33/382 227/34/382 223/186/382 2422/186/382 2427/186/382 3247/186/382 222/32/382 221/16/382 3164/2086/382 3154/2087/382 3155/2088/382
f 222/295/383 2430/2089/383 2429/2090/383 3245/2091/383 218/2092/383
f 3143/2094/385 215/495/385 161/496/385 216/609/385 212/610/385 3231/2095/385 3232/2096/385 3239/2097/385 3237/2098/385 3144/2099/385
f 3239/2100/386 3237/2101/386 154/2102/386 206/2103/386 3232/2104/386
f 154/1113/387 3237/2105/387 3144/2106/387 3145/2107/387
f 3230/2108/388 206/2109/388 3228/2110/388 3227/2111/388 3229/2112/388 3231/2113/388 3233/2113/388
f 198/32/390 143/16/390 201/17/390 202/33/390 204/34/390 3216/2114/390 3219/2115/390 3218/2116/390
f 2524/16/392 2516/2117/392 2525/2118/392 3110/2119/392 197/17/392 143/33/392 198/34/392 194/186/392 3208/2120/392 3212/2121/392 3211/2122/392 3205/2123/392 195/32/392 196/16/392 2527/16/392
f 196/50/393 195/51/393 3204/2124/393 3210/2125/393 2442/2126/393 2446/2126/393
f 2495/2127/397 167/295/397 166/296/397 3154/2128/397 3164/2129/397 165/2130/397 3163/2131/397 3162/2132/397
f 3133/2133/398 3134/2134/398 3142/2135/398 3141/2136/398 3038/2137/398 3032/2136/398 3034/2138/398 158/432/398 159/433/398 3144/2139/398 3147/2134/398
f 138/107/399 3124/2140/399 2988/2141/399 2669/2142/399 2670/2143/399 2674/2144/399 2675/2145/399 89/2146/399
f 3125/2147/400 3126/2148/400 3124/2149/400 138/17/400 139/33/400 141/34/400 2541/2150/400 2515/2150/400 2533/2151/400 2509/2152/400 137/186/400 3116/2153/400 3123/2154/400 2503/2155/400 2506/2155/400 2504/2156/400
f 3116/2157/401 196/2158/401 3113/2159/401 3121/2160/401 3117/2161/401
f 3112/231/402 2533/2162/402 2541/2163/402 3114/2164/402
f 134/29/403 2971/2165/403 2973/2166/403 3107/2167/403 3105/2168/403 3108/2169/403 3109/2170/403
f 2924/2182/409 73/17/409 124/33/409 125/34/409 123/186/409 3063/2183/409 3062/2184/409 3070/2185/409 3069/2186/409 3068/2187/409
f 3086/2192/411 2590/2193/411 2591/2194/411 2592/2195/411 3064/2196/411 3084/2197/411 3088/2198/411 3087/2199/411 3085/2200/411 3089/2201/411 2602/2202/411 2608/2203/411
f 3082/2208/414 3083/2209/414 3077/2210/414 3073/2211/414 3076/2212/414 3075/2213/414 3079/2214/414 3080/2215/414
f 2616/2219/417 3062/2220/417 3070/2221/417 3069/2222/417 3068/2223/417 2642/2224/417 3071/2225/417
f 122/8/421 121/9/421 3068/2223/421 3072/2229/421 3070/2221/421 3062/2220/421
f 121/29/422 120/30/422 2930/2230/422 2931/2231/422 2929/2232/422 2924/2233/422 3068/2234/422
f 3066/2235/423 3067/2236/423 3065/2237/423
f 3059/2238/424 116/231/424 122/232/424 3062/2239/424 3063/2240/424 2649/2240/424 2648/2240/424 2650/2241/424 3061/2240/424
f 2870/2246/427 2871/2247/427 55/33/427 113/34/427 110/186/427 3035/2248/427 3036/2249/427 3040/2250/427 2869/2251/427
f 107/8/428 48/9/428 2869/2252/428 3040/2253/428 3036/2254/428
f 107/34/429 106/186/429 3023/2255/429 3024/2256/429 3031/2257/429 3029/2258/429 2838/2259/429 2839/2260/429 48/33/429
f 3035/2261/430 105/2262/430 3034/2261/430 3033/2263/430 3032/2264/430 106/231/430 107/232/430 3036/2265/430
f 2814/2266/431 37/17/431 102/33/431 103/34/431 100/186/431 3017/2267/431 3018/2268/431 3016/2269/431
f 98/29/432 28/30/432 22/2270/432 2816/2271/432 2817/2272/432 2818/2273/432 2814/2274/432 3016/2275/432
f 2995/2280/436 2994/2281/436 3002/2282/436 3003/2283/436 3001/2284/436 92/1129/436 93/1130/436 94/1131/436 2987/2285/436 2997/2286/436 2996/2287/436 2999/2288/436 2998/2289/436
f 2989/2290/437 90/1830/437 91/1831/437 3001/2284/437 3003/2283/437 3002/2282/437 2995/2280/437 2998/2291/437 2999/2292/437 3000/2292/437
f 2978/2293/438 86/107/438 2962/2294/438 2965/2295/438
f 2962/2296/439 86/17/439 87/33/439 88/34/439 85/186/439 2947/2297/439 2949/2298/439 2967/2299/439 2963/2300/439
f 2976/2301/440 84/2302/440 2974/2303/440 2975/2304/440 75/2305/440 2947/2306/440 85/296/440 2969/2307/440
f 85/231/441 88/232/441 2972/2308/441 2973/2309/441 2971/2310/441 2969/2311/441
f 2963/2312/442 82/2313/442 75/2314/442 2949/2315/442 2967/2316/442
f 83/8/443 81/9/443 2963/2312/443 2968/2317/443 2949/2315/443
f 2955/2318/444 2954/2319/444 2952/2320/444 2956/2321/444
f 2947/2322/445 75/2323/445 2948/2324/445 2945/2325/445 76/231/445 83/232/445 2949/2326/445
f 2935/2327/446 2933/2328/446 70/17/446 2936/2329/446
f 2931/2330/447 2932/2331/447 2929/2332/447
f 68/32/448 67/32/448 2923/2333/448 69/16/448 2933/2328/448 2934/2334/448 2935/2327/448 2936/2329/448 71/33/448 73/34/448 2924/2335/448 2929/2332/448 2932/2331/448 2931/2330/448 2930/2336/448 2926/2337/448
f 64/9/452 66/2313/452 59/2314/452 2905/8/452 2722/2340/452
f 60/186/453 61/32/453 62/16/453 2909/2341/453 2697/2342/453 2704/2343/453 2714/2344/453 2915/2345/453 2914/2346/453 2913/2347/453 64/33/453 2722/2348/453 67/34/453
f 2900/2349/454 2898/2350/454 2899/2351/454
f 2899/2351/455 56/33/455 57/34/455 55/186/455 2871/2352/455 2873/2353/455 2892/2354/455 2888/2355/455 2889/2356/455 2890/2357/455 2896/2358/455 2901/2359/455 2900/2349/455
f 2872/2360/456 55/296/456 47/2361/456
f 52/34/457 48/186/457 2839/2362/457 2840/2363/457 2867/2364/457 2868/2365/457 2860/2366/457 2864/2367/457 2874/2368/457 2881/2369/457 2880/2370/457 2879/2371/457 50/33/457
f 2839/2372/458 48/296/458 39/2373/458
f 2872/2374/459 47/2375/459 46/2376/459 2869/2377/459 2870/2378/459 2871/2379/459
f 48/231/460 52/232/460 2873/2380/460 2871/2379/460 2870/2378/460 2869/2377/460
f 2831/2381/461 41/1831/461 2849/2382/461 2851/2383/461 2850/2384/461 2848/2385/461 2847/2386/461 42/1129/461 43/1130/461 45/1131/461 2834/2387/461 2844/2388/461 2845/2389/461 2815/2390/461 2833/2391/461 2830/2392/461
f 2834/2393/462 45/232/462 2840/2394/462 2839/2395/462 2838/2396/462
f 2826/2397/463 33/107/463 32/108/463 27/2398/463 2829/2399/463 2825/2400/463 2828/2401/463
f 2817/2402/464 2813/2403/464 2812/2404/464 32/2405/464 33/1212/464 2823/2406/464 2822/2407/464 2820/2408/464 2821/2409/464 2824/2410/464 34/1213/464 37/1202/464 2814/2411/464 2818/2412/464
f 2802/2413/465 2801/2414/465 26/1130/465 28/1131/465 23/1192/465 24/1830/465 25/1831/465 2797/2415/465 2796/2416/465 2803/2417/465 2804/2418/465
f 2788/2419/466 2778/2420/466 20/17/466 18/33/466 16/34/466 2770/2421/466 2780/2422/466 2783/2423/466 2784/2424/466 2781/2425/466 2789/2426/466 2785/2427/466 2786/2428/466 2776/2429/466 2777/2430/466 2787/2431/466
f 2769/2432/468 2770/2433/468 16/232/468 15/1808/468 2742/2434/468 2739/2435/468 2737/2436/468 2771/2437/468
f 136/7/474 141/8/474 139/9/474 140/10/474
f 2771/2437/480 13/1807/480 14/231/480 2770/2433/480 2769/2432/480
f 17/2454/481 18/29/481 20/30/481 2774/2455/481 2773/2456/481 2772/2457/481 2775/2458/481
f 19/2459/482 2775/2458/482 2772/2457/482 2773/2456/482 2774/2455/482
f 2774/2460/483 20/107/483 2778/2461/483
f 2778/2420/484 2788/2419/484 2787/2431/484 2777/2430/484
f 17/2462/485 25/50/485 24/51/485 15/2463/485
f 2805/2464/486 2797/2465/486 25/108/486 17/2466/486 2808/2467/486
f 27/2468/487 26/29/487 2801/2469/487 2810/2470/487
f 28/8/488 26/9/488 27/2471/488 2811/2472/488 2812/2473/488 2813/2474/488 22/2475/488
f 2825/2400/489 2829/2399/489 35/2476/489 2826/2397/489 2827/2477/489 2828/2401/489
f 2831/2478/490 2830/2479/490 34/29/490 2824/2480/490 2832/2481/490 36/2482/490
f 2815/2483/491 37/8/491 34/9/491 2830/2484/491 2833/2485/491
f 38/2486/492 30/2487/492 2841/2488/492 40/296/492 2835/2489/492 2843/2490/492 2842/2491/492
f 2853/2492/493 42/107/493 2847/2493/493 2855/2494/493 2854/2495/493
f 2847/2493/494 2849/2496/494 2856/2497/494 44/2498/494 2853/2492/494 2854/2495/494 2855/2494/494
f 43/29/495 42/30/495 2853/2499/495 2857/2500/495 2858/2501/495 2859/2502/495 2865/2503/495 2863/2504/495 2861/2505/495 2864/2506/495 2860/2507/495
f 2840/2508/496 45/8/496 43/9/496 2860/2509/496 2868/2510/496 2867/2511/496
f 2889/2512/497 2888/2513/497 50/29/497 2879/2514/497 2891/2515/497 51/1113/497 2890/2516/497
f 2873/2517/498 52/8/498 50/9/498 2888/2518/498 2892/2519/498
f 55/231/499 57/232/499 54/2520/499 2894/2521/499 2893/2522/499
f 58/2523/500 54/2524/500 61/295/500 60/296/500 2907/2525/500 2908/2526/500 2906/2527/500
f 2915/2345/501 2911/2528/501 2910/2529/501 2909/2341/501 63/17/501 2913/2347/501 2912/2530/501 2914/2346/501
f 2917/2531/502 65/2532/502 63/107/502 2909/2533/502 2916/2534/502
f 2919/2535/503 64/29/503 2913/2536/503 2918/2537/503 2920/2538/503
f 2937/2539/504 2939/2540/504 2940/2541/504 72/2532/504 70/107/504 2933/2542/504 2938/2543/504
f 74/2523/505 77/2524/505 78/295/505 76/296/505 2945/2544/505 2951/2545/505 2950/2546/505
f 2955/2318/506 2956/2321/506 80/17/506 81/33/506 83/34/506 76/186/506 78/32/506 79/16/506 2952/2320/506 2953/2547/506 2954/2319/506
f 2962/2548/507 2963/2549/507 81/29/507 80/30/507 2959/2550/507 2961/2551/507 2966/2552/507 2964/2553/507 2965/2554/507
f 2981/2555/508 2980/2556/508 87/29/508 86/30/508 2978/2557/508 2982/2558/508 2984/2559/508 2983/2560/508 2979/2561/508
f 2972/2562/509 88/8/509 87/9/509 2980/2563/509 2985/2564/509 2986/2565/509
f 3005/2566/510 3007/2567/510 93/29/510 92/30/510 15/2568/510 2794/2569/510 2795/2570/510 21/2571/510 3006/2572/510
f 94/8/511 93/9/511 3007/2573/511 3011/2574/511 3008/2575/511 3009/2576/511 3010/2577/511 89/2578/511
f 3006/2579/512 23/1831/512 28/1129/512 98/1130/512 99/1131/512 96/1192/512 97/1830/512 3009/2580/512 3008/2581/512 3011/2582/512 3007/2583/512 3005/2584/512
f 99/8/513 98/9/513 3016/2585/513 3019/2586/513 3018/2587/513 3017/2588/513 95/2475/513
f 3023/2589/514 3026/2590/514 3022/2591/514 3020/2592/514 100/231/514 103/232/514 3024/2593/514
f 29/2594/515 31/50/515 101/51/515 95/2595/515
f 2846/2596/516 2844/2597/516 2834/2598/516 2838/2599/516 3028/2600/516 3029/2601/516 102/29/516 37/30/516 2815/2602/516 2845/2603/516
f 3024/2604/517 103/8/517 102/9/517 3029/2605/517 3031/2606/517
f 49/107/518 3030/2607/518 38/2608/518 2836/2609/518 2837/2610/518 39/2611/518
f 3045/2612/519 3046/2613/519 109/2520/519 108/2614/519 110/231/519 113/232/519 3048/2615/519 3047/2616/519 3044/2617/519 3042/2618/519 3043/2619/519
f 3035/2248/520 111/32/520 112/16/520 3039/2620/520 2869/2251/520 3041/2621/520 3040/2250/520 3036/2249/520
f 3048/2622/521 113/8/521 55/9/521 2893/2623/521 3049/2624/521
f 3047/2625/522 3048/2626/522 3049/2627/522 2893/2628/522 2894/2629/522 2908/2630/522 2907/2631/522 115/437/522 3053/2632/522 3056/2633/522
f 53/2634/523 54/2635/523 114/107/523 2895/2636/523
f 3058/2637/524 58/2638/524 119/50/524 118/51/524 117/2639/524 3057/2640/524
f 120/107/525 119/108/525 58/2641/525 59/2642/525 2927/2643/525 2926/2644/525 2930/2645/525
f 2925/2646/526 2642/2647/526 2924/2233/526 2929/2232/526 2932/2648/526 2931/2231/526 2930/2230/526 2927/2649/526 59/2650/526 2928/2651/526
f 123/231/527 125/232/527 3081/2652/527 3080/2215/527 3079/2214/527 3078/2653/527 3074/2654/527 3075/2213/527
f 125/8/528 124/9/528 3091/2655/528 3081/2656/528
f 3095/2657/529 3093/2658/529 129/232/529 127/2659/529 3096/2660/529
f 2950/2661/530 2951/2662/530 2945/2663/530 2946/2664/530 2948/2665/530 128/33/530 129/34/530 3093/2666/530 3098/2667/530 3080/2668/530 3081/2669/530 3091/2670/530 3092/2671/530 3090/2672/530
f 84/678/531 128/29/531 2948/2673/531 75/2674/531 2975/2675/531 2974/2676/531
f 131/231/532 135/232/532 3102/2677/532 3101/2678/532 3100/2679/532
f 130/2680/533 127/2681/533 132/295/533 131/296/533 3100/2682/533 3103/2683/533
f 2971/2684/534 134/33/534 135/34/534 131/186/534 132/32/534 133/16/534 2976/2685/534 2977/2686/534 2969/2687/534 2970/2688/534
f 3102/2689/535 135/8/535 134/9/535 3109/2690/535
f 147/437/536 143/438/536 141/352/536 139/353/536 144/354/536 145/355/536
f 3015/2691/537 95/2146/537 144/107/537 139/108/537 140/2692/537 3012/2693/537 3014/2694/537 3013/2695/537
f 145/29/538 144/30/538 95/2696/538 146/220/538 3130/2697/538 3131/2698/538
f 3128/2699/539 147/8/539 145/9/539 3131/2700/539 3132/2701/539
f 3139/2702/540 3138/2703/540 3129/2704/540 3128/2702/540 3132/2705/540 3131/2706/540 3130/2707/540 3027/2708/540 3020/2709/540 3022/2710/540 152/33/540 153/34/540 150/186/540 3135/2711/540 3140/2712/540
f 3021/2713/541 3025/2714/541 151/107/541 3027/2715/541
f 3134/2716/542 153/8/542 152/9/542 3141/2717/542 3142/2718/542
f 3141/2717/543 104/2102/543 149/2103/543 3134/2716/543 3142/2718/543
f 3134/2134/544 3133/2133/544 3146/2719/544 156/68/544 157/69/544 3037/2720/544 3038/2137/544 3141/2721/544 3142/2135/544
f 105/2722/545 108/2723/545 158/29/545 3034/2724/545
f 155/2725/546 159/295/546 161/296/546 160/2726/546
f 159/32/547 158/16/547 162/17/547 163/33/547 164/34/547 161/186/547
f 3044/2727/548 3042/2728/548 3043/2729/548 3045/2730/548 3046/2731/548 3055/2732/548 3047/2733/548
f 168/50/549 167/51/549 2495/2734/549 3149/2735/549 3152/2736/549 3151/2737/549 3153/2738/549
f 3153/2739/550 3052/2740/550 3051/2741/550 3050/2742/550 3054/2743/550 117/2744/550 169/107/550 168/108/550
f 3159/2745/551 171/8/551 170/9/551 3165/2746/551 3167/2747/551 3166/2748/551
f 3059/2749/552 3060/2750/552 3061/2751/552 173/33/552 174/34/552 172/186/552 3160/2752/552 3159/2753/552 3166/2754/552 3167/2755/552 3165/2756/552 3067/2757/552
f 3169/2758/553 174/8/553 173/9/553 3171/2759/553
f 177/17/554 3079/2760/554 3078/2761/554 3074/2762/554 3075/2763/554 3088/2764/554 3172/2765/554 3170/2766/554
f 3079/2767/555 177/30/555 3099/2768/555 3080/2769/555
f 179/231/556 184/232/556 3192/2770/556 3190/2771/556 3189/2772/556
f 3178/2773/98 3177/2774/98 180/32/98 181/16/98 3097/2775/98 3094/2776/98 3095/2777/98 3188/2778/98
f 3096/2779/98 183/33/98 184/34/98 179/186/98 3177/2774/98 3178/2773/98 3188/2778/98 3095/2777/98
f 182/17/98 3096/2779/98 3095/2777/98 3187/2780/98
f 127/2781/557 130/2782/557 183/29/557 3096/2783/557
f 184/8/558 183/9/558 130/309/558 178/308/558 3191/2784/558 3194/2785/558 3192/2786/558
f 452/2787/98 3197/2788/98 190/33/98 192/34/98 187/186/98 188/32/98 189/16/98 3103/2789/98 3100/2790/98 3101/2791/98
f 3100/2790/98 3103/2789/98 3195/2792/98 3101/2791/98
f 142/2793/559 143/29/559 197/30/559 136/2794/559
f 204/232/560 200/1808/560 199/1807/560 3216/2795/560
f 3217/2796/561 193/2797/561 198/295/561 3218/2798/561
f 142/1104/562 143/50/562 198/51/562 193/1103/562
f 201/107/563 143/108/563 142/2799/563 203/2146/563 3137/2800/563 3138/2801/563 3139/2802/563
f 3221/2803/564 3220/2804/564 202/29/564 201/30/564 3139/2805/564 3140/2806/564 3135/2807/564 3136/2808/564 148/2793/564 3222/2809/564
f 204/8/565 202/9/565 3220/2810/565 3226/2811/565 3223/2812/565 3224/2813/565 3225/2814/565 200/7/565
f 3234/2815/566 200/2373/566 208/295/566 207/296/566 205/2816/566 3236/2817/566 3235/2818/566
f 3224/2819/567 208/51/567 200/52/567 3225/2820/567
f 212/296/568 210/2821/568 206/2725/568 3230/2822/568
f 3240/2823/569 3230/2822/569 206/2725/569
f 154/1019/570 214/50/570 213/51/570 206/1020/570
f 160/2824/571 161/29/571 215/30/571 155/2825/571
f 3242/2826/572 216/68/572 161/69/572 220/70/572 221/432/572 222/433/572 3241/2827/572 3243/2828/572 3244/2829/572
f 3161/2830/573 225/2831/573 226/2832/573 224/29/573 3157/2833/573
f 229/2834/574 228/2835/574 3248/2836/574 234/232/574 3250/2837/574 3249/2838/574
f 3251/2839/575 231/32/575 172/16/575 232/17/575 233/33/575 234/34/575 3248/2840/575 3252/2841/575
f 233/29/576 232/30/576 3186/2842/576 3185/2843/576 3173/2844/576 3175/2845/576 3254/2846/576
f 3173/2844/577 3185/2843/577 3186/2842/577 3180/2847/577 3182/2848/577 3181/2849/577 3184/2850/577 3253/2851/577 3175/2845/577
f 3250/2852/578 234/8/578 233/9/578 3254/2853/578
f 3260/2854/98 3249/2855/98 3250/2856/98 3254/2857/98 3175/2858/98 3176/2859/98 240/33/98 241/34/98 3257/2860/98 3356/2861/98
f 3249/2855/98 237/32/98 238/16/98 3183/2862/98 3174/2863/98 3175/2858/98 3254/2857/98 3250/2856/98
f 239/17/98 3176/2859/98 3175/2858/98 3253/2864/98
f 3259/2865/579 241/8/579 240/9/579 3261/2866/579
f 3193/2867/98 3189/2868/98 3190/2869/98 244/33/98 245/34/98 3263/2870/98 3364/2871/98 3264/2872/98 3258/2873/98 3259/2874/98 3261/2875/98 3262/2867/98
f 242/2876/580 245/8/580 244/9/580 185/457/580
f 249/50/581 248/51/581 3275/2877/581 3280/2878/581 3279/2879/581 3278/2880/581
f 246/2881/582 252/8/582 251/9/582 199/2882/582
f 255/231/583 259/232/583 3285/2883/583 3283/2884/583 3284/2885/583
f 3286/2886/584 253/2726/584 246/2887/584 256/295/584 255/296/584 3284/2888/584 3287/2889/584
f 255/186/585 256/32/585 257/16/585 3234/2890/585 3235/2891/585 258/33/585 259/34/585
f 257/108/586 199/2892/586 200/2893/586 3234/2894/586
f 254/1020/587 205/1019/587 258/50/587 259/51/587 3285/2895/587 3295/2896/587 3296/2897/587
f 3301/2898/588 3304/2043/588 3300/2899/588 3299/2047/588 3298/2046/588 265/231/588 270/232/588 3302/2900/588
f 3307/2901/589 3308/2902/589 3305/2903/589 3306/2904/589 266/295/589 265/296/589 3298/2905/589 3309/2906/589 263/2907/589
f 3311/2908/590 260/2909/590 210/2910/590 267/50/590 266/51/590 3306/2911/590 3310/2912/590
f 3242/2913/591 3244/2914/591 268/107/591 267/108/591 210/2915/591 211/2916/591
f 3243/2917/592 3241/2918/592 3312/2919/592 3313/2920/592 269/29/592 268/30/592 3244/2921/592
f 3302/2922/593 270/8/593 269/9/593 3313/2923/593 3315/2924/593
f 3314/2925/594 3303/2926/594 3302/2922/594 3315/2924/594 3313/2923/594 217/2927/594 264/2928/594
f 3324/2929/595 3304/2930/595 3301/2931/595 272/296/595 3316/2932/595 3325/2933/595
f 3301/2032/596 273/352/596 219/353/596 3241/2031/596 3312/2030/596 3313/2035/596 3315/2034/596 3302/2033/596
f 3327/2934/597 3330/2935/597 3329/2936/597 3323/2937/597 275/8/597 274/9/597 3326/2938/597 3328/2939/597
f 3334/2940/598 3331/2941/598 3332/2942/598 3333/2943/598 276/231/598 281/232/598 3338/2944/598 3336/2945/598 3337/2946/598 285/2947/598 3339/2948/598 3335/2949/598
f 3344/2950/599 3347/2951/599 280/29/599 279/30/599 3252/2952/599 3248/2953/599 228/2954/599 3345/2955/599 3346/2956/599 3343/2953/599
f 3338/2008/600 281/8/600 280/9/600 3347/2010/600 3350/2957/600 3348/2009/600
f 282/2958/601 285/2092/601 3349/2959/601 3337/2960/601 3336/2961/601 284/296/601 3351/2962/601 3355/2963/601
f 3337/2960/602 3349/2959/602 286/295/602 3336/2961/602
f 3346/2964/603 228/2965/603 229/2532/603 3260/2966/603 3356/2967/603 287/107/603 3343/2968/603
f 229/2969/604 235/2970/604 3257/2971/604 3356/2972/604
f 289/231/605 294/232/605 3361/2973/605 3360/2974/605 3359/2975/605
f 3354/2976/98 3353/2977/98 290/194/98 291/179/98 3357/2978/98 3358/2979/98
f 3357/2978/98 292/165/98 293/166/98 294/384/98 289/193/98 3353/2977/98 3354/2976/98 3358/2979/98
f 3264/2980/606 3364/2981/606 292/107/606 3357/2982/606 235/2983/606 3255/2984/606 3256/2985/606 236/489/606
f 3365/2986/607 293/29/607 292/30/607 3364/2987/607 3263/2988/607
f 294/8/558 293/9/558 3365/2866/558 3361/2865/558
f 245/17/98 300/33/98 302/34/98 297/186/98 3360/2989/98 3361/2990/98 3365/2991/98 3263/2992/98
f 3361/2990/98 3360/2989/98 299/32/98 243/16/98 3263/2992/98 3365/2991/98
f 301/2993/608 300/29/608 245/30/608 242/2994/608
f 312/231/609 313/232/609 3390/2995/609 3389/2996/609 3388/2997/609
f 311/592/610 310/591/610 3388/2997/610 3389/2996/610 3390/2995/610
f 3308/2998/611 313/34/611 312/186/611 3391/2999/611 3396/3000/611 3393/3001/611 309/32/611 3294/3002/611 3291/3003/611 3290/3004/611 3288/3005/611 3289/3006/611 3292/3007/611 3297/3008/611 3310/3009/611 3306/3010/611 3305/3011/611
f 311/3012/612 263/3013/612 3309/3014/612 317/51/612 3399/3015/612 3402/3016/612 3403/3017/612
f 322/231/613 324/232/613 3405/3018/613 3404/3019/613
f 321/3020/614 320/3021/614 3404/3019/614 3405/3018/614
f 319/51/615 315/3012/615 271/3013/615 3317/3022/615
f 318/108/616 271/794/616 3319/3023/616 3318/3024/616
f 321/3025/617 3411/3026/617 3405/3027/617 324/8/617 3331/3028/617 3334/3029/617 3410/3030/617 3412/3031/617
f 3331/3028/618 323/9/618 3409/3032/618 3334/3029/618
f 3408/3033/619 328/16/619 329/17/619 3339/3034/619 3335/3035/619 3334/3036/619 3409/3037/619
f 3335/3035/98 3339/3034/98 330/33/98 331/34/98 327/186/98 3412/3038/98 3410/3039/98 3334/3036/98
f 332/304/620 334/231/620 339/232/620 3415/2973/620 3414/3040/620 333/592/620
f 337/17/98 3352/3041/98 3351/3042/98 3355/3043/98
f 3352/3041/98 338/33/98 339/34/98 334/186/98 335/32/98 336/16/98 3355/3043/98 3351/3042/98
f 3415/2865/579 339/8/579 338/9/579 3416/2866/579
f 3414/3044/621 333/3045/621 343/2172/621
f 342/2173/621 340/3046/621 333/3045/621 3414/3044/621
f 288/3047/622 344/50/622 343/51/622 333/3048/622
f 3415/3049/98 3414/3050/98 343/611/98 344/494/98 3417/3051/98 3416/3052/98
f 3363/3053/98 3359/3054/98 3360/3055/98 297/496/98 345/609/98 342/610/98 3414/3050/98 3415/3049/98 3416/3052/98 3417/3051/98
f 3360/3056/623 299/30/623 3366/3057/623 3362/3058/623
f 341/2876/580 345/8/580 297/9/580 295/457/580
f 3369/3059/624 349/3060/624 3385/3061/624 3373/3062/624 3371/3063/624 3370/3064/624
f 3373/3062/625 3385/3061/625 350/3065/625 351/3066/625 352/3067/625 347/3068/625 348/3069/625 3369/3059/625 3370/3064/625 3371/3063/625
f 303/3070/626 350/107/626 3385/3071/626
f 306/2832/627 351/29/627 350/30/627 303/3072/627
f 3434/3073/628 3423/3074/628 352/8/628 351/9/628 306/3075/628 3435/3076/628
f 355/296/629 353/3077/629 346/3078/629 3434/3079/629
f 360/609/630 355/610/630 3434/3080/630 3435/3081/630 357/494/630 358/495/630 359/496/630
f 3434/3080/631 356/611/631 3435/3081/631
f 307/3082/632 358/107/632 357/108/632 306/3083/632
f 3395/1925/633 364/16/633 365/17/633 3397/1930/633 3390/1929/633 3389/1928/633 3388/1927/633 3394/1926/633
f 362/3084/634 314/3085/634 371/50/634 370/51/634 3455/3086/634 3457/3087/634
f 315/3088/635 372/107/635 371/108/635 314/3089/635
f 3460/3090/636 3459/3091/636 373/29/636 372/30/636 315/3092/636 320/3093/636 3458/3094/636
f 377/295/637 3465/3095/637 3464/3096/637 3469/3097/637
f 3472/3098/638 3464/3096/638 3465/3095/638 376/296/638 375/2218/638 3473/3099/638 3474/3100/638 3475/3101/638
f 3469/3097/637 3464/3096/637 368/3102/637
f 3406/1890/639 378/16/639 379/17/639 3411/1893/639 3405/1892/639 3404/1891/639 3407/3103/639
f 332/3104/640 388/29/640 387/30/640 326/3105/640
f 382/3106/641 389/8/641 388/9/641 332/3107/641
f 391/231/642 392/232/642 3486/1877/642 3482/3108/642 3483/3109/642 3484/1880/642 3479/3110/642 3480/3111/642 3481/3112/642
f 392/295/643 395/296/643 3494/3113/643 3500/3114/643 3486/3115/643
f 393/1990/644 390/3116/644 3486/3115/644 3500/3114/644 3494/3113/644
f 392/32/645 355/16/645 360/17/645 396/33/645 397/34/645 395/186/645
f 396/29/646 360/30/646 354/3092/646 3444/3117/646 3445/3118/646 361/3093/646 3501/3119/646 3502/3120/646 3503/3121/646
f 3504/3122/647 3499/3123/647 397/8/647 396/9/647 3503/3124/647 3506/3125/647 3505/3126/647 394/1901/647
f 3506/3125/648 3503/3124/648 361/1900/648 394/1901/648 3505/3126/648
f 401/107/649 400/108/649 361/1634/649 3442/3127/649 3443/3128/649 362/1633/649
f 399/1200/650 402/8/650 3446/3129/650 3448/3130/650 367/1201/650 3513/3131/650 3512/3132/650
f 399/3133/651 406/295/651 405/296/651 403/3134/651
f 407/29/652 3463/3135/652 3462/3136/652 368/3137/652 3471/3138/652 3470/3139/652 375/3140/652
f 375/3141/653 404/3142/653 408/8/653 3473/3143/653
f 404/3144/654 412/2172/654 411/2173/654 409/3145/654
f 375/3146/655 413/50/655 412/51/655 404/3147/655
f 3478/3148/656 414/107/656 413/108/656 375/3149/656 3467/3150/656 3468/3151/656 384/3152/656
f 3515/3153/657 421/232/657 418/3154/657 3516/3155/657 3514/3156/657
f 3493/3157/658 3495/1822/658 3494/1821/658 3500/1820/658 3486/1819/658
f 3531/3158/659 3529/3159/659 418/3160/659 421/295/659 3530/3161/659
f 3536/3162/660 3530/3163/660 421/32/660 420/16/660 3498/3164/660 3496/3165/660 3499/3166/660 3504/3167/660 3537/3168/660 3538/3169/660 3539/3170/660 3535/3171/660 3533/3172/660 3532/3173/660 3534/3174/660 3540/3175/660
f 3504/3176/661 394/3177/661 398/3178/661 3537/3179/661
f 424/3180/662 430/8/662 429/9/662 403/3181/662
f 3541/3182/663 433/296/663 431/3183/663 3543/3184/663 3542/3185/663
f 3516/3186/664 418/656/664 3529/3187/664 434/108/664 3544/3188/664 3550/3189/664
f 432/3190/665 439/2172/665 438/2173/665 436/3191/665
f 440/353/666 426/354/666 425/355/666 441/437/666 438/438/666 439/352/666
f 3530/3192/667 3536/3193/667 3540/3194/667 3534/3195/667 3532/3196/667 426/107/667 440/108/667 3549/3197/667 3531/3198/667
f 437/3180/668 441/8/668 425/9/668 423/3181/668
f 163/29/1909 162/30/1909 3056/8515/1909 3053/8516/1909 3150/8517/1909
f 6706/8817/1971 6709/34/1971 6708/8818/1971 6707/8819/1971
f 6710/8820/1972 6713/8821/1972 6712/8/1972 6711/9/1972
f 6714/8822/1973 6717/34/1973 6716/8823/1973 6715/8824/1973
f 6718/8825/1974 6721/34/1974 6720/8826/1974 6719/8827/1974
f 3178/8851/1985 6709/8852/1985 6706/8853/1985 3188/8854/1985
f 3179/8855/1986 3168/8856/1986 3169/8857/1986 2473/2763/1986 2474/2763/1986 3075/2763/1986 3079/2760/1986 6707/8819/1986 6708/8818/1986 3173/8858/1986 3185/8859/1986 3186/8857/1986
f 3093/8860/1987 3095/8861/1987 3188/8862/1987 6706/8863/1987 6707/8864/1987 3079/2767/1987 3080/2769/1987 3098/8865/1987
f 3177/8866/1988 176/8867/1988 3176/8866/1988 3175/8868/1988 3173/8869/1988 6708/8870/1988 6709/8871/1988 3178/8872/1988
f 3222/8873/1989 150/16/1989 209/17/1989 6711/8874/1989 6712/8875/1989 207/186/1989 208/32/1989 3224/8876/1989 3223/8877/1989 3220/8878/1989 3221/8879/1989
f 6713/8821/1990 6710/8820/1990 3237/2101/1990 3238/8880/1990 3232/2104/1990
f 6710/8881/387 6711/8882/387 209/30/387 3147/8883/387 3144/2106/387 3237/2105/387
f 3229/2112/1991 3227/2111/1991 206/2109/1991 205/8884/1991 207/231/1991 6712/8885/1991 6713/8886/1991 3232/8887/1991 3231/2113/1991
f 3358/8888/604 6714/8889/604 6715/8890/604 287/1198/604 3356/2972/604 3257/8891/604 235/2970/604 3357/8891/604
f 3343/8892/1992 287/17/1992 6715/8824/1992 6716/8823/1992 284/186/1992 3336/8893/1992 3338/8894/1992 3348/8895/1992 3347/8896/1992 3344/8897/1992
f 3354/8898/1993 6717/8899/1993 6714/8900/1993 3358/8901/1993
f 3352/8902/1994 3351/8903/1994 284/505/1994 6716/8904/1994 6717/8905/1994 3354/8906/1994 3353/8902/1994 283/8907/1994
f 3384/8908/1995 3383/8909/1995 6718/8910/1995 6719/8911/1995 305/1198/1995 246/8912/1995 253/8913/1995
f 3381/8914/1996 3267/8915/1996 3271/8916/1996 305/17/1996 6719/8827/1996 6720/8826/1996 304/186/1996 3376/8917/1996 3378/8918/1996 3380/8919/1996 3379/8920/1996 3382/8921/1996
f 6721/8922/1997 6718/8923/1997 3383/8924/1997 3387/8925/1997 3386/8926/1997 303/8927/1997 3385/8928/1997 3373/8929/1997
f 304/231/1998 6720/8930/1998 6721/8931/1998 3373/8932/1998 3371/8933/1998 3370/8934/1998 3369/8935/1998 3367/8936/1998 3368/8937/1998
usemtl RockMat.015
f 442/598/96 444/231/96 451/232/96 443/599/96
f 451/609/98 444/610/98 445/611/98 446/494/98 447/495/98 448/496/98
f 443/612/99 451/8/99 448/9/99 450/613/99
f 3104/1737/305 2973/1738/305 2972/1739/305 2986/1740/305 2985/1741/305 2980/1742/305 2981/1743/305 2979/1744/305 3598/1745/305 3600/1746/305 3601/1747/305 3590/1748/305 469/355/305 468/437/305 3105/1749/305 3106/1750/305
f 3593/1751/306 3582/1752/306 3583/1753/306 469/29/306 3590/1754/306 3589/1755/306 3594/1756/306 3597/1757/306 3591/1758/306 2383/1759/306
f 464/296/310 3562/1764/310 3578/1765/310
f 3101/1770/314 3102/1771/314 3109/1772/314 3108/1773/314 3560/1774/314 455/33/314 457/34/314 3197/1775/314 3196/1776/314
f 444/296/669 442/3199/669 3553/3200/669 3552/3201/669 445/295/669
f 446/50/670 445/51/670 3552/3202/670 3557/3203/670
f 3555/3204/671 3554/3205/671 447/107/671 446/108/671 3557/3206/671 3556/3207/671 449/3208/671
f 3558/3209/672 450/3210/672 448/29/672 447/30/672 3554/3211/672
f 3553/592/673 3198/3212/673 3197/3213/673 457/232/673 3552/3214/673
f 3109/1772/674 3102/1771/674 3101/1770/674 3195/3215/674 453/32/674 454/16/674 3559/3216/674 3561/3217/674 3108/1773/674
f 3557/3218/675 3552/3219/675 457/8/675 455/9/675 3562/3220/675
f 3558/3221/673 450/2226/673 459/231/673
f 463/232/673 458/592/673 450/2226/673 3558/3221/673
f 3565/3222/98 3568/3223/98 3569/3224/98 461/33/98 463/34/98 3558/3225/98 3554/3226/98 3555/3227/98 3563/3228/98 3564/3229/98 3566/3230/98 3567/3231/98
f 3573/3232/676 3572/3233/676 461/29/676 3569/3234/676 3575/3235/676
f 3571/3236/677 462/309/677 458/308/677 463/8/677 461/9/677 3572/3237/677 3577/3238/677
f 3581/3239/678 466/33/678 467/34/678 464/186/678 3578/3240/678 3579/3241/678 3583/3242/678 3582/3243/678
f 3567/3244/679 3566/3245/679 466/29/679 3581/3246/679 3584/3247/679 460/3248/679
f 3564/3249/680 467/8/680 466/9/680 3566/3250/680
f 3560/3251/681 3108/3252/681 3105/3253/681 468/232/681 3579/3254/681 3578/3255/681 456/3256/681
f 3585/3257/682 465/3258/682 456/3259/682 3579/3260/682 3583/3261/682 3587/3262/682 3586/3263/682
f 3579/3260/683 468/8/683 469/9/683 3583/3261/683
usemtl RockMat.014
f 485/633/103 483/634/103 482/635/103 484/636/103
f 478/637/104 486/8/104 483/9/104 485/638/104
f 496/649/106 493/634/106 492/635/106 494/650/106
f 500/656/108 498/107/108 497/108/108 496/488/108
f 502/657/109 499/634/109 498/635/109 500/658/109
f 512/666/111 516/8/111 514/9/111 515/667/111
f 538/672/113 544/8/113 541/9/113 543/673/113
f 617/34/121 611/186/121 613/32/121 614/16/121 615/17/121 616/33/121
f 619/720/123 624/8/123 622/9/123 623/721/123
f 674/757/129 679/8/129 677/9/129 678/758/129
f 3956/1430/248 3597/1431/248 3591/1432/248 2383/1433/248 3593/1434/248 654/186/248
f 2255/1435/249 3975/1436/249 2256/1436/249 2252/1436/249 3963/1437/249 625/1438/249 3906/1439/249 3968/1440/249 3970/1441/249 2251/1442/249 2249/1443/249
f 3887/1444/250 3888/1445/250 643/354/250 644/355/250 645/437/250 3951/1446/250 3955/1447/250 3954/1448/250 641/352/250 3883/1449/250
f 638/34/251 3942/1450/251 3946/1451/251 3940/1452/251 3939/1453/251 3945/1454/251 3943/1455/251 3930/1456/251 3931/1457/251 3937/1458/251 3876/1459/251 3877/1460/251 3894/1461/251 3895/1462/251 3884/1463/251 3885/1464/251 3949/1465/251 3948/1466/251 3947/1467/251
f 3905/1468/252 630/1468/252 3917/1469/252 3915/1470/252 632/16/252 3875/1471/252 2283/1472/252 3871/1473/252 3872/17/252 608/33/252 633/34/252 3928/1474/252 3934/1475/252 3933/1476/252 3935/1477/252 3932/1478/252
f 3926/1479/253 3921/1480/253 3852/1481/253 3854/1482/253 603/432/253 3916/1483/253 3915/1484/253 630/433/253 3904/1485/253 3914/1486/253 3919/1487/253 3908/1488/253 628/68/253 629/69/253 3859/1489/253 3923/1490/253 3920/1491/253 3924/1492/253 2260/1493/253 2261/1494/253 3925/1495/253
f 629/50/254 628/51/254 3909/1496/254 3911/1497/254 3913/1498/254
f 3899/1499/255 610/1500/255 617/8/255 616/9/255 3896/1501/255 3898/1502/255
f 616/29/256 615/30/256 3845/1503/256 582/1504/256 590/1505/256 2296/1506/256 2298/1507/256 2297/1508/256 2293/1509/256 3851/1510/256 3850/1511/256 3849/1512/256 3896/1513/256
f 3893/1514/257 607/1515/257 613/295/257 611/296/257 3884/1516/257 3895/1517/257 3894/1518/257
f 3883/1519/258 3884/1520/258 611/231/258 617/232/258 610/1521/258 2266/1522/258 3888/1523/258 3887/1524/258 3886/1525/258
f 2276/1526/259 2748/1526/259 2749/1526/259 605/1131/259 3871/1527/259 3875/1528/259 2271/1192/259 603/1192/259 3854/1529/259 3853/1530/259 3868/1531/259 3869/1532/259 3830/1533/259 3832/1534/259 3840/1535/259 2304/1526/259 3839/1526/259
f 3870/1536/260 603/231/260 2283/1537/260 3871/1538/260 3872/1539/260 2281/1539/260 3874/1540/260 2285/1541/260 2280/1542/260 2295/1543/260
f 3853/1544/261 602/8/261 570/9/261 3830/1545/261 3869/1546/261
f 3858/1547/262 600/32/262 601/16/262 3819/1548/262 3814/1549/262 3815/1550/262 3865/1551/262 3861/1552/262 3863/1553/262
f 3815/1550/263 3818/1554/263 570/33/263 602/34/263 599/186/263 3858/1547/263 3863/1553/263 3862/1555/263 3865/1551/263
f 3832/1556/264 3833/1557/264 3836/1558/264 3834/1559/264 3835/1560/264 578/1129/264 3812/1561/264 3805/1562/264 3806/1563/264 579/1130/264 580/1131/264 577/1192/264 3840/1564/264 3841/1565/264
f 3818/1566/266 570/296/266 565/1567/266
f 3833/1568/267 569/1569/267 3832/1570/267
f 570/231/268 574/232/268 3833/1568/268 3832/1570/268 3830/1571/268
f 3817/1572/269 568/8/269 567/9/269 3826/1573/269 3828/1574/269
f 567/29/270 3751/1575/270 3748/1576/270 3783/1577/270 3775/1578/270 3776/1579/270 3827/1580/270 3826/1581/270
f 3823/1582/272 3822/1583/272 3825/1584/272 3824/1585/272 3745/1586/272 3751/1587/272 567/1130/272 568/1131/272 3813/1588/272 3821/1589/272 2313/1590/272 2309/1591/272 2305/1592/272 2312/1593/272 2310/1594/272
f 3805/1595/273 3806/1596/273 3809/1597/273 3807/1598/273 3808/1599/273
f 561/295/274 560/296/274 3801/1600/274 3810/1601/274 3800/1602/274 558/1603/274 3794/1604/274 3808/1599/274 3811/1605/274 3806/1596/274 3805/1595/274
f 3731/1606/275 3732/1607/275 556/29/275 555/30/275 3739/1608/275 3734/1609/275 3735/1610/275 3740/1611/275
f 3785/1612/276 3784/1613/276 555/1129/276 556/1130/276 557/1131/276 3789/1614/276 3797/1615/276 3798/1616/276
f 3785/1617/277 533/1618/277 547/1619/277 3779/1620/277 3787/1621/277 2327/1622/277
f 3773/1623/278 3704/1624/278 3709/1625/278 551/1130/278 552/1131/278 3775/1626/278 3781/1627/278 3748/1628/278 3749/1629/278 3774/1630/278
f 3721/1635/281 3723/1636/281 3730/1637/281 3728/1638/281 3729/1639/281 540/1129/281 541/1130/281 544/1131/281 3731/1640/281 3738/1641/281 3735/1642/281 3734/1643/281 3739/1644/281 3733/1645/281
f 535/29/284 3642/1650/284 3644/1651/284 3669/1652/284 3666/1653/284 3655/1654/284 3729/1654/284 3728/1655/284
f 3714/1656/285 3640/1657/285 3642/1658/285 535/355/285 537/437/285 3718/1659/285 3725/1660/285 3707/1661/285 3708/1662/285 3716/1663/285
f 3715/1664/286 3716/1665/286 3708/1666/286
f 3634/1667/287 3619/1668/287 3698/1669/287 487/1670/287
f 3681/1671/288 3660/1672/288 3682/1673/288
f 3672/1674/289 3674/1675/289 3671/1676/289 3670/1677/289 486/549/289 514/550/289 516/551/289 3676/1678/289 3682/1673/289 3660/1672/289 2356/1672/289 2351/1672/289
f 509/29/290 477/30/290 3604/1679/290 3612/1680/290 510/1681/290 3670/1680/290 3671/1682/290
f 507/186/292 3643/1684/292 3644/1685/292 3669/1686/292 3666/1687/292 3655/1688/292
f 3644/1685/293 3645/1689/293 3652/1690/293 3602/1691/293 477/17/293 509/33/293 511/34/293 3657/34/293 3665/1692/293 2352/1688/293 2355/1688/293 3655/1688/293 3668/1693/293 3669/1686/293
f 3658/1694/294 3654/1695/294 3656/1696/294 3663/1697/294 3659/1698/294 3662/1699/294 542/1700/294 2360/1701/294 2364/1702/294
f 3602/1703/296 470/309/296 501/308/296 3645/1704/296 3652/1705/296
f 3643/1708/299 3647/1709/299 3646/1710/299 3641/1711/299 3640/1712/299 3642/1713/299 3644/1714/299
f 3616/1715/300 3618/1716/300 3626/1717/300 3625/1718/300 3620/1719/300 3621/1720/300 3628/1718/300 3627/1721/300 3630/1722/300 3629/1723/300 492/17/300 493/33/300 3624/1724/300 3623/1725/300
f 479/186/301 480/32/301 3614/1727/301 3604/1728/301 3612/1729/301
f 478/1730/302 2378/1731/302 2379/1732/302 486/232/302
f 2378/1731/304 478/1730/304 510/1735/304 3612/1736/304 486/232/304 2379/1732/304
f 3604/3264/684 477/8/684 475/9/684 3608/3265/684 3611/3266/684 3610/3267/684
f 3604/1728/685 3610/3268/685 3611/3269/685 482/17/685 483/33/685 486/34/685 3612/1729/685 3615/3270/685
f 3604/1728/686 3603/1727/686 481/16/686 3611/3269/686 3610/3268/686
f 3609/3271/687 484/3272/687 482/107/687 3611/3273/687 3608/3274/687
f 3611/3273/687 481/108/687 3609/3271/687 3608/3274/687
f 488/186/688 3620/1719/688 3625/1718/688 3626/1717/688 3622/3275/688 3618/1716/688
f 3621/1720/689 490/32/689 491/16/689 3629/1723/689 3630/1722/689 3627/1721/689 3628/3276/689
f 3631/3277/690 494/3278/690 492/107/690 3629/3279/690
f 3629/3279/691 491/108/691 489/3280/691 3631/3277/691
f 3634/3281/692 3624/3282/692 493/9/692 496/3283/692 487/3284/692
f 496/1297/693 497/50/693 3635/3285/693 3634/3286/693 487/1706/693
f 3635/3287/98 497/3288/98 498/3289/98 499/3290/98 3637/3291/98 3700/3292/98 3699/3293/98 3636/3294/98
f 3633/3295/694 3637/3296/694 499/9/694 502/309/694 495/308/694
f 3640/1712/695 3638/3297/695 506/232/695 3645/3298/695 3644/1714/695 3642/1713/695
f 502/1297/696 503/50/696 3650/3299/696 3649/3300/696 495/1706/696
f 3650/3301/697 503/16/697 504/17/697 505/33/697 506/34/697 3638/3302/697 3651/3303/697
f 473/489/698 3607/3304/698 3605/3305/698
f 504/107/698 503/108/698 502/488/698 473/489/698 3605/3305/698 3607/3304/698
f 505/29/699 504/30/699 3607/3306/699 3606/3307/699
f 3645/1704/296 506/8/296 505/9/296 3606/3308/296 3602/1703/296 3653/3309/296 3652/1705/296
f 3664/3310/700 508/32/700 472/16/700 3602/1691/700 3653/3311/700 3652/1690/700 3645/1689/700 3644/1685/700 3667/3312/700
f 477/107/701 3602/3313/701 470/3314/701 471/3315/701 3613/3316/701 3614/3317/701 3604/3318/701
f 471/3319/702 510/1681/702 3612/1680/702 3615/3320/702 3604/1679/702
f 3661/3321/703 511/8/703 509/9/703 3671/3322/703 3674/3323/703 3672/3324/703 3673/3325/703
f 3675/3326/704 3676/3327/704 516/232/704 512/3328/704 543/3329/704
f 3676/3327/705 3675/3326/705 513/231/705
f 3662/3330/706 3677/3331/706 513/296/706 3675/3332/706 3678/3333/706 3679/3334/706 2366/3335/706
f 515/3336/707 514/29/707 486/30/707 478/3337/707
f 3687/3338/708 3689/3339/708 519/296/708 517/3340/708 3692/3341/708 3690/3342/708 3691/3343/708
f 3616/3344/709 3623/3345/709 521/50/709 520/51/709 3688/3346/709 3695/3347/709 3693/3348/709 3694/3349/709 3617/3350/709
f 520/352/710 521/353/710 522/354/710 523/355/710 525/437/710 3683/3351/710 3697/3352/710 3696/3353/710 3689/3354/710
f 519/438/711 3689/3354/711 3696/3353/711 3697/3352/711 3683/3351/711
f 3635/3355/712 3634/3356/712 487/1670/712 3636/3357/712
f 523/29/713 522/30/713 3636/3358/713 3699/3359/713
f 3686/3360/714 525/8/714 523/9/714 3699/3361/714 3700/3362/714 3701/3363/714
f 3704/3364/715 3703/3365/715 532/232/715 3708/3366/715 3707/3367/715 3709/3368/715
f 3685/3369/716 528/32/716 529/16/716 3701/3370/716 3686/3371/716
f 3686/3371/717 3701/3370/717 530/17/717 531/33/717 532/34/717 3703/3372/717 3712/3373/717
f 530/107/718 3701/3374/718 3700/3375/718 3637/3376/718 3633/3377/718 3632/3378/718 524/3379/718 495/3380/718 3648/3381/718 3649/3382/718 3650/3376/718 3651/3383/718
f 3632/3378/718 3633/3377/718 3637/3376/718 3700/3375/718
f 531/29/719 530/30/719 3651/3384/719 3638/3385/719 3640/3386/719 3714/3387/719
f 3638/3385/719 3651/3384/719 3648/3388/719 3639/3389/719 3641/3390/719 3713/3391/719 3640/3386/719
f 3708/1666/720 532/8/720 531/9/720 3714/3392/720 3716/1665/720 3715/1664/720
f 3723/3393/721 537/8/721 535/9/721 3728/3394/721 3730/3395/721
f 3728/3394/722 536/3396/722 534/3397/722 3723/3393/722 3730/3395/722
f 3731/3398/723 544/232/723 538/3399/723 3732/3400/723
f 3736/3401/724 3735/3402/724 539/296/724 3732/3403/724 534/3404/724 3722/3405/724 3737/3406/724
f 3746/3407/725 3752/3408/725 3747/3409/725 3750/3410/725 3745/3411/725 3751/3412/725 3748/3413/725
f 3758/3414/726 3753/3415/726 3754/3416/726 3756/3417/726 3755/3418/726 3743/3419/726 3741/3420/726 3757/3421/726
f 3760/3422/727 3761/3423/727 3759/3424/727
f 517/3013/728 519/50/728 3761/3423/728 3760/3422/728 3759/3424/728 546/51/728 545/3012/728
f 525/107/729 3683/3425/729 3684/3426/729 518/3427/729 3710/3428/729 3686/3429/729
f 3703/3430/730 3712/3431/730 3686/3432/730 518/3433/730 526/678/730 3706/3434/730 3772/3435/730 3704/3436/730
f 3780/3437/731 548/1830/731 549/1831/731 3711/3438/731 3702/3439/731 3704/1624/731 3773/1623/731 3774/1630/731 3749/1629/731 3748/1628/731 3782/3440/731
f 3724/3441/732 3726/3442/732 550/107/732 3772/3443/732 3706/3444/732 3705/3445/732 527/3446/732
f 3784/3447/733 3785/3448/733 551/29/733 3709/3449/733 3707/3450/733 3727/3451/733 3725/3452/733 3718/3453/733 3719/3454/733
f 3779/1620/734 552/8/734 551/9/734 3785/1617/734 3788/3455/734 3786/3456/734 3787/1621/734
f 3791/3457/735 3792/3458/735 3789/3459/735 557/232/735 3794/3460/735 3793/3461/735 3790/3462/735
f 3795/3463/736 553/1830/736 554/1831/736 3784/1613/736 3785/1612/736 3788/3464/736 3786/3465/736 3787/3466/736 3779/3467/736 3778/3468/736
f 554/108/737 533/3469/737 3717/3470/737 3719/3471/737 3784/3472/737
f 555/107/738 3784/3472/738 3719/3471/738 3720/3473/738 3722/3474/738 3733/3475/738 3739/3476/738
f 560/231/739 564/232/739 559/3477/739 558/3478/739 3800/3479/739 3799/3480/739 3803/3481/739 3802/3482/739 3804/3483/739 3801/3484/739
f 3732/3485/740 562/50/740 561/51/740 3805/3486/740 3812/3487/740 3808/3488/740 3794/3489/740
f 3815/3490/741 3818/3491/741 565/3492/741 3816/3493/741
f 568/232/742 3817/3494/742 3818/3491/742 3815/3490/742 3813/3495/742
f 3751/1575/743 566/30/743 3782/3496/743 3748/1576/743
f 572/1129/744 573/1130/744 574/1131/744 570/1192/744 3818/3497/744 3817/3498/744 3829/3499/744 3828/3500/744 3826/3501/744 3827/3502/744
f 3798/3503/745 572/107/745 3827/3504/745 3776/3505/745 3777/3506/745 3778/3507/745
f 3835/3508/746 3834/3509/746 573/29/746 572/30/746 3798/3510/746 3796/3511/746 3797/3512/746 3789/3513/746 3792/3514/746
f 3833/3515/747 574/8/747 573/9/747 3834/3516/747 3837/3517/747 3836/3518/747
f 575/3519/748 569/3520/748 3831/3521/748 3840/3522/748 3838/296/748
f 3791/3523/749 3790/3524/749 3793/3525/749 578/107/749 3835/3526/749 3792/3527/749
f 3842/3528/750 582/592/750 3845/3529/750 3843/3530/750 581/2226/750 583/231/750 589/232/750 3844/3531/750
f 3804/3532/751 587/355/751 589/437/751 583/438/751 580/352/751 579/353/751 3810/3533/751 3801/3534/751
f 586/354/752 3804/3532/752 3801/3534/752 3810/3533/752
f 3847/3535/753 3846/3536/753 587/634/753 3804/3537/753 3802/3538/753 559/658/753 588/3539/753
f 3804/3537/754 586/635/754 3802/3538/754
f 3844/3540/755 589/8/755 587/9/755 3846/3541/755 3848/3542/755
f 3842/3543/756 593/32/756 594/16/756 3847/3544/756 3846/3545/756 3848/3546/756 3844/3547/756
f 592/186/757 3850/3548/757 3849/3549/757
f 3847/3550/758 594/108/758 588/3551/758
f 599/231/759 602/232/759 3853/3552/759 3854/3553/759 3852/3554/759
f 3860/3555/760 3856/3556/760 3857/3557/760 3855/3558/760 3858/3559/760 599/296/760 3852/3560/760 3859/3561/760
f 571/17/761 3818/1554/761 3815/1550/761 3864/3562/761
f 565/3563/762 571/107/762 3864/3564/762 3866/3565/762 3867/3566/762 3816/3567/762
f 608/231/763 609/232/763 607/2217/763 3877/3568/763 3876/3569/763
f 3880/3570/764 609/34/764 608/186/764 605/32/764 604/16/764 580/17/764 583/33/764 3879/3571/764 3878/3572/764
f 581/3104/765 583/29/765 580/30/765 576/1171/765
f 607/308/766 609/8/766 3880/3573/766 3882/3574/766 581/309/766
f 3880/3575/767 3878/3576/767 614/50/767 613/51/767 607/3577/767 581/3578/767 3882/3579/767
f 3843/3580/768 3845/3581/768 615/107/768 614/108/768 3878/3582/768 3879/3583/768 3881/3584/768 581/3585/768
f 624/232/769 619/3586/769 618/3587/769 3900/3588/769
f 3901/3589/770 621/3590/770 3899/3591/770 3898/3592/770 3897/3593/770 3896/3594/770 3849/3595/770 597/549/770 622/550/770 624/551/770 3900/3596/770 3902/3597/770 3903/3598/770
f 590/3599/771 591/3600/771 597/107/771 3849/3601/771
f 623/3602/772 622/29/772 597/30/772 591/3603/772
f 3909/1496/773 627/3604/773 598/1297/773 3913/1498/773 3912/3605/773 3911/1497/773
f 3928/3606/774 633/232/774 3931/3607/774 3930/3608/774 631/2217/774 3929/3609/774
f 608/29/775 3872/3610/775 3873/3611/775 3874/3105/775 606/3612/775 3936/3613/775 3876/3614/775
f 3931/3615/776 633/8/776 608/9/776 3876/3616/776 3938/3617/776 3937/3618/776
f 607/3619/777 3892/3620/777 3890/3621/777 637/29/777 3894/3622/777 3893/3623/777
f 3951/3624/778 645/232/778 639/592/778 3953/3625/778 3952/3626/778
f 635/3102/779 641/295/779 3954/3627/779
f 3891/3628/780 3883/3629/780 641/51/780 635/3604/780 3947/3630/780 3948/3631/780 3949/3632/780 3950/3633/780 3892/1297/780
f 3888/3634/781 642/108/781 3891/3635/781 3889/3636/781
f 610/3637/782 618/3612/782 3900/3638/782 3902/3639/782 3903/3640/782
f 3900/3638/783 618/3612/783 644/29/783 643/30/783 3903/3640/783 3902/3639/783
f 639/308/784 645/8/784 644/9/784 618/309/784
f 647/231/785 651/232/785 3589/3641/785 3590/3642/785 3601/3643/785
f 3589/3641/786 3594/3644/786 3597/3645/786 3956/3646/786 3596/3647/786 3595/3648/786 646/3649/786 3601/3643/786 3590/3642/786
f 648/295/787 647/296/787 3601/3650/787 3600/3651/787 3598/3652/787 3599/3653/787 3960/3654/787 3959/3655/787 3958/3656/787
f 648/32/788 649/16/788 3965/3657/788 3967/3658/788
f 3928/3659/789 3934/3660/789 3933/3661/789 3935/3662/789 626/3663/789 3929/3664/789
f 3581/3665/790 3582/3666/790 3593/3667/790 661/232/790 3980/3668/790 3979/3669/790 653/3670/790 3584/3671/790
f 3593/3667/791 3582/3666/791 3580/3672/791 654/231/791
f 3587/3673/792 3582/3666/792 3581/3665/792 3584/3671/792 652/3674/792 3586/3675/792
f 656/50/793 3976/3676/793 3929/3677/793
f 3976/3678/794 656/16/794 657/17/794 658/33/794 661/34/794 3593/1434/794 3592/3679/794 3591/1432/794 3597/1431/794 3957/3680/794 3978/3681/794 3977/3682/794
f 631/3683/795 657/107/795 656/108/795 3929/3684/795
f 3984/3685/796 3982/3686/796 658/29/796 657/30/796 631/3687/796 634/3688/796 3944/3689/796 3943/3690/796 3945/3691/796 3983/3692/796 3981/3693/796
f 3983/3692/797 3945/3691/797 3939/3694/797 634/3688/797
f 3980/3695/798 661/8/798 658/9/798 3982/3696/798 3985/3697/798
f 3987/3698/799 3575/3699/799 3569/3700/799 3568/3701/799 664/231/799 672/232/799
f 3574/3702/799 662/3703/799 3568/3701/799 3569/3700/799 3575/3699/799 3986/3704/799 3576/3705/799
f 3979/3706/800 664/296/800 3568/3707/800 3565/3708/800 3570/3709/800 653/3710/800
f 634/3711/801 668/50/801 667/51/801 653/3712/801
f 669/495/802 670/496/802 672/609/802 664/610/802 3979/3713/802 3980/3714/802 3985/3715/802 3982/3716/802 3984/3717/802 3981/3718/802
f 3979/3713/803 667/611/803 668/494/803 3981/3718/803 3984/3717/803 3982/3716/803 3985/3715/803 3980/3714/803
f 3946/3719/804 669/107/804 3981/3720/804 3983/3721/804 634/3722/804 635/3723/804 3941/3724/804 3940/3725/804
f 3981/3720/805 668/108/805 634/3722/805 3983/3721/805
f 3951/3726/806 3952/3727/806 3989/3728/806 670/29/806 669/30/806 3946/3729/806 3942/3730/806 635/3731/806 3954/3732/806 3955/3733/806
f 3987/3734/807 672/8/807 670/9/807 3989/3735/807 3991/3736/807 3990/3737/807
f 3573/3738/808 679/232/808 674/3739/808 673/3740/808 3577/3741/808 3572/3742/808
f 3571/3743/809 3577/3744/809 673/3745/809 663/3746/809 3576/3747/809
f 676/17/810 3953/3748/810 3952/3749/810 3988/3750/810
f 675/186/811 3986/3751/811 3575/3752/811 3573/3753/811
f 3953/3748/812 677/33/812 679/34/812 3573/3753/812 3575/3752/812 3987/3754/812 3990/3755/812 3991/3756/812 3989/3757/812 3952/3749/812
f 3953/3758/813 676/635/813 639/3759/813
f 639/3759/814 678/3760/814 677/634/814 3953/3758/814
f 542/8502/1907 543/8503/1907 541/29/1907 540/30/1907 3665/30/1907 3657/8504/1907 3660/8505/1907 3681/8506/1907 3682/8507/1907 3680/8508/1907 3676/8509/1907 3675/8510/1907 3679/8511/1907 2366/8512/1907
f 522/107/1908 521/108/1908 3623/8513/1908 3624/8514/1908 3634/3356/1908 3635/3355/1908 3636/3357/1908
f 3722/8518/1910 3733/8519/1910 3734/8520/1910
f 6722/8828/1975 6725/8829/1975 6724/107/1975 6723/108/1975
f 6726/1130/1976 6729/8830/1976 6728/8831/1976 6727/8832/1976
f 6730/8833/1977 6733/432/1977 6732/8834/1977 6731/8835/1977
f 6734/8836/1978 6737/8837/1978 6736/634/1978 6735/635/1978
f 6738/8838/1979 6741/8839/1979 6740/29/1979 6739/30/1979
f 3605/8938/1999 6723/8939/1999 6724/8940/1999 475/355/1999 477/437/1999 3602/8941/1999 3606/8942/1999 3607/8943/1999
f 476/8944/2000 6725/8829/2000 6722/8828/2000 474/8945/2000
f 474/8946/2001 6722/8947/2001 6723/8948/2001 3605/8949/2001 473/8950/2001
f 475/634/2002 6724/8951/2002 6725/8952/2002 476/8953/2002 3609/8954/2002 3608/8955/2002
f 3749/8956/2003 6729/8957/2003 6726/8958/2003 3773/8959/2003 3774/8960/2003
f 3759/8961/2004 3761/8962/2004 3763/8963/2004 3771/8964/2004 3769/8965/2004 3770/8966/2004 3683/8967/2004 525/1129/2004 6727/8832/2004 6728/8831/2004 3742/8968/2004 3762/8969/2004 3764/8970/2004 3765/8971/2004 3768/8972/2004 3767/8973/2004 3766/8974/2004
f 3703/3430/2005 3704/3436/2005 3773/8975/2005 6726/8976/2005 6727/8977/2005 525/30/2005 3686/3432/2005 3712/3431/2005
f 6728/8978/2006 6729/8979/2006 3749/8980/2006 3748/3413/2006 3751/3412/2006 3745/3411/2006 3742/8981/2006
f 538/8982/2007 6730/8983/2007 6731/8984/2007 562/108/2007 3732/8985/2007
f 564/433/2008 560/62/2008 561/68/2008 562/69/2008 6731/8835/2008 6732/8834/2008
f 563/8986/2009 6733/8987/2009 6730/8988/2009 538/8989/2009
f 559/8990/2010 564/8/2010 6732/8991/2010 6733/8992/2010 563/8993/2010
f 3842/3543/2011 3844/3547/2011 3848/3546/2011 3846/3545/2011 3847/3544/2011 6735/8994/2011 6736/8995/2011 597/34/2011 3849/3549/2011 3850/3548/2011
f 596/8996/2012 6737/8837/2012 6734/8836/2012 595/8997/2012
f 588/3551/2013 595/8998/2013 6734/8999/2013 6735/9000/2013 3847/3550/2013
f 591/720/2014 597/8/2014 6736/9001/2014 6737/9002/2014 596/9003/2014
f 647/186/2015 648/32/2015 3967/3658/2015 3966/9004/2015 3965/3657/2015 3974/9005/2015 3972/9006/2015 3968/9007/2015 6739/9008/2015 6740/9009/2015 651/34/2015
f 6738/9010/2016 6739/9011/2016 3968/1440/2016 3906/1439/2016 626/9012/2016 3932/9013/2016 3935/9014/2016
f 6741/8839/2017 6738/8838/2017 3935/3662/2017 3933/3661/2017 3928/3659/2017 3929/3664/2017 3976/9015/2017 3977/9016/2017
f 3978/9017/2018 3957/9018/2018 3594/9019/2018 3588/9020/2018 3589/9021/2018 651/8/2018 6740/9022/2018 6741/9023/2018 3977/9024/2018
usemtl RockMat.012
f 4864/420/62 4859/421/62 4860/422/62 4865/423/62 4867/424/62 4862/425/62 1337/32/62 1338/16/62 4871/426/62 4869/427/62 4870/428/62 4872/429/62 4866/430/62
f 4854/431/63 1328/68/63 1329/69/63 1330/70/63 1331/432/63 1334/433/63 4852/434/63 4856/435/63 4858/436/63
f 4844/439/65 1328/295/65 4854/440/65 4855/441/65 1327/442/65 4850/443/65 4836/444/65
f 4843/447/67 4846/448/67 4838/449/67 1321/194/67 1322/179/67 1323/165/67 4848/450/67 4849/451/67 4840/452/67 4844/453/67 4836/454/67 4837/455/67
f 4825/458/69 4817/459/69 4818/460/69 4820/461/69 4821/462/69 4819/463/69 4827/464/69 4816/465/69 1308/32/69 1273/16/69 4775/466/69 4823/467/69 4826/468/69 4824/469/69
f 4807/470/70 4810/471/70 4811/472/70 4809/473/70 1301/32/70 1302/16/70 4780/474/70 4776/475/70 4812/476/70 4814/477/70 4813/478/70 4806/479/70
f 4779/480/71 1272/481/71 1274/482/71 1276/295/71 1273/296/71 4776/483/71 4780/484/71
f 1275/1297/229 1277/50/229 1276/51/229 1274/1298/229
f 1283/1308/232 1285/50/232 1284/51/232 1282/1309/232
f 1287/1322/234 1286/107/234 1285/108/234 1283/1323/234
f 4785/4582/1036 4781/4583/1036 4782/4584/1036 4775/4585/1036 1273/186/1036 1276/32/1036 1277/16/1036 4786/4586/1036 4784/4587/1036
f 4786/4588/1037 1277/108/1037 1275/4589/1037 4787/4590/1037
f 4783/4591/1038 1278/30/1038 1279/3105/1038 4788/4592/1038
f 1282/4593/469 1284/295/469 4790/4594/469 1280/4595/469
f 4790/4596/98 1284/32/98 1285/16/98 1286/17/98 4794/4597/98 4795/4598/98 4791/4599/98 4793/4600/98
f 1286/30/1039 1287/4601/1039 1288/4602/1039 4794/4603/1039
f 4791/4604/1040 1293/295/1040 4799/4605/1040 4800/4606/1040 4798/4607/1040 4793/4608/1040
f 4795/4609/1041 1294/50/1041 1293/51/1041 4791/4610/1041
f 4802/4611/98 4796/4612/98 4797/4613/98 4801/4614/98 4805/4615/98 4799/4616/98 1293/32/98 1294/16/98 1295/17/98 4803/4617/98 4804/4618/98
f 4795/4619/1042 1288/4620/1042 4794/4621/1042
f 1296/4622/1042 1295/107/1042 1294/108/1042 4795/4619/1042 4794/4621/1042 1288/4620/1042
f 1295/30/1043 1296/4623/1043 1297/4624/1043 4803/4625/1043
f 4802/4626/1044 1290/4627/1044 1297/4628/1044 4804/4629/1044
f 4804/4629/1044 1302/50/1044 1301/51/1044 4802/4626/1044
f 1303/17/1045 4777/4630/1045 4776/475/1045 4780/474/1045
f 4803/4631/1046 4804/4632/1046 1297/4633/1046
f 1297/4633/1046 1274/4634/1046 4779/4635/1046 4780/4636/1046 1302/108/1046 4804/4632/1046 4803/4631/1046
f 1273/50/1047 1308/51/1047 4813/4637/1047 4814/4638/1047 4812/4639/1047 4776/4640/1047
f 1280/4641/1048 1316/50/1048 1315/51/1048 1313/4642/1048
f 4829/4643/98 4832/4644/98 4830/4645/98 1315/68/98 1316/69/98 4798/4646/98 4800/4647/98 4834/4648/98 4833/4649/98 4828/4650/98
f 4790/4651/1049 1280/4652/1049 1281/4653/1049 4793/4654/1049
f 4798/4655/1050 1316/108/1050 1280/4652/1050 4790/4651/1050 4793/4654/1050
f 1281/4656/1051 1289/4657/1051 4835/4658/1051 1317/30/1051 4792/4659/1051 4789/4660/1051
f 1312/4661/1052 4828/4662/1052 4833/4663/1052 1321/295/1052 4838/4664/1052 4839/4665/1052
f 1322/50/1053 1321/51/1053 4833/4666/1053 4834/4667/1053
f 1289/4668/1054 1290/4669/1054 4801/4670/1054 4805/4671/1054 4799/4672/1054 4800/4673/1054 4835/4674/1054
f 4799/4672/1055 4805/4671/1055 4801/4670/1055 1323/107/1055 1322/108/1055 4834/4675/1055 4800/4673/1055
f 1290/4676/1056 1298/4677/1056 4851/4678/1056 4848/4679/1056 1323/30/1056 4801/4680/1056 4797/4681/1056
f 1329/50/1057 1328/51/1057 4844/4682/1057 4841/4683/1057 4840/4684/1057 4847/4685/1057 4849/4686/1057
f 4851/4687/1058 1298/4688/1058 4809/4689/1058 4815/4690/1058 4811/4691/1058 4810/4692/1058 1330/107/1058 1329/108/1058 4849/4693/1058 4848/4694/1058
f 4848/4694/1059 4849/4693/1059 4851/4695/1059
f 4808/4696/1060 1299/4697/1060 1305/4698/1060 1331/29/1060 1330/30/1060 4810/4699/1060 4807/4700/1060
f 1326/2314/1061 1334/8/1061 1331/9/1061 1305/2313/1061
f 4819/4701/1062 4821/4702/1062 4871/4703/1062 1338/108/1062 1305/682/1062 4816/4704/1062 4822/4705/1062 4827/4706/1062
usemtl RockMat.011
f 5094/11/3 5118/12/3 5119/13/3 5120/14/3 5121/15/3 1485/16/3 1486/17/3 5190/18/3 5191/19/3 5192/20/3 5188/21/3 5099/22/3 5092/23/3 5091/24/3 1567/25/3 1569/25/3
f 5198/26/4 5197/27/4 5196/26/4 5195/28/4 1482/29/4 1481/30/4 5193/31/4
f 1479/32/5 1480/16/5 1481/17/5 1482/33/5 1483/34/5 5069/35/5 5071/36/5 5072/37/5 1574/38/5 1578/38/5 5065/39/5 5062/40/5 5063/41/5 5100/42/5 5097/43/5 5098/44/5 5096/45/5 1551/46/5 1552/47/5 1557/48/5 1558/49/5
f 1480/50/6 1479/51/6 1424/52/6 1478/53/6 5189/54/6 5188/55/6 5192/56/6 5190/57/6 5187/58/6
f 4232/59/7 4230/60/7 4228/61/7 1410/62/7 5077/63/7 5078/64/7 5074/65/7 5075/66/7 5073/67/7 1474/68/7 1475/69/7 1476/70/7 4309/71/7 4300/72/7 4233/73/7
f 5058/74/8 5055/75/8 5053/76/8 5057/77/8 5056/78/8 1470/79/8 5179/80/8 5180/81/8 5181/82/8 1471/83/8 5174/84/8 5170/85/8 5168/86/8 5165/87/8 5167/88/8
f 5179/89/9 1470/51/9 4820/90/9 4818/91/9 1667/92/9 1671/93/9 4817/94/9 4825/95/9 4824/96/9
f 1466/97/10 5162/98/10 1464/29/10 1463/30/10 1465/99/10
f 5174/100/11 5177/101/11 5173/102/11 5171/103/11 5172/104/11 1460/105/11 1465/106/11 1463/107/11 1462/108/11 5170/109/11 5175/110/11
f 1538/111/12 1537/111/12 5160/112/12 5161/113/12 5158/114/12 5159/115/12 5046/116/12 5041/117/12 5039/118/12 5044/119/12 5042/120/12 1461/32/12 1462/16/12 1463/17/12 1464/33/12 5163/121/12
f 5028/122/13 5024/123/13 5025/124/13 5026/125/13 1453/32/13 1454/16/13 1455/17/13 1456/33/13 5148/126/13 5149/127/13 5152/128/13 5147/129/13 5144/130/13 5145/131/13
f 5150/132/14 5151/133/14 1448/107/14 1447/108/14 5147/134/14 5152/135/14 5149/136/14 5148/137/14 1445/138/14 5155/139/14 5154/140/14 5153/141/14
f 1447/16/15 1448/17/15 1438/33/15 1437/34/15 5012/142/15 5008/143/15 5007/144/15 5006/145/15 5009/146/15 1446/32/15
f 4998/147/16 4997/148/16 1614/149/16 4994/150/16 5011/151/16 1437/32/16 1438/16/16 1439/17/16 5135/152/16 5125/153/16 5124/154/16 5122/155/16 5123/156/16
f 1430/157/17 5134/158/17 5136/159/17 5132/160/17 5130/161/17 1431/108/17 5125/162/17 5135/163/17
f 5130/164/18 1432/165/18 1433/166/18 5116/167/18 5117/168/18 5102/169/18 5103/170/18 5131/171/18 5129/172/18
f 5131/171/19 5103/170/19 5108/173/19 4977/174/19 4982/175/19 4980/176/19 1596/177/19 1599/178/19 1431/179/19 5130/164/19 5129/172/19
f 5122/180/20 5126/181/20 5125/182/20 1431/50/20 1599/183/20 1606/184/20 1587/185/20
f 5112/187/22 5113/188/22 1427/165/22 1428/166/22 5089/189/22 5090/190/22 5079/191/22 5087/192/22 1373/193/22 1372/194/22 5109/195/22 5111/196/22 5114/197/22 5115/198/22
f 5108/199/23 4977/200/23 4976/201/23 5110/202/23 5104/203/23 5106/204/23 5107/205/23 5103/206/23
f 5109/207/24 1372/51/24 4977/200/24 5105/208/24 5103/206/24
f 5096/209/25 5098/210/25 5097/211/25
f 5097/211/26 1423/29/26 1422/30/26 5092/212/26 5099/213/26 1550/214/26 1565/215/26 1558/216/26 1557/217/26 1552/218/26 1551/219/26 5096/209/26
f 5087/222/28 1365/223/28 5081/224/28 5082/225/28 1420/226/28 5083/227/28 5085/228/28 5084/229/28 5079/230/28
f 1364/231/29 1426/232/29 1356/233/29 4934/234/29 4932/235/29 4927/236/29 1353/237/29
f 5077/238/30 1409/10/30 5060/239/30 5061/240/30 1350/7/30 1348/8/30 1417/9/30 5074/241/30
f 5074/242/31 1417/29/31 1416/30/31 1418/243/31 1409/244/31 5076/245/31 5073/246/31
f 5070/247/32 1418/248/32 1416/107/32 1415/108/32 5065/249/32 5072/250/32 5069/251/32
f 4145/252/33 4139/253/33 4142/254/33 4892/255/33 4886/256/33 4887/257/33 4885/258/33 4917/259/33 4918/260/33 4914/256/33 4913/261/33 4915/262/33 4916/263/33 1410/16/33 4228/264/33 4229/265/33 4236/266/33 4144/267/33
f 5056/272/35 4869/273/35 4868/274/35 4873/275/35 1405/276/35 5055/277/35 5053/278/35 5057/279/35
f 5056/272/36 5057/279/36 5053/278/36
f 5054/280/37 5055/277/37 1403/107/37 1402/108/37 4870/281/37 4869/273/37 5056/272/37
f 1402/50/38 1401/51/38 4864/282/38 4866/283/38 4870/284/38
f 1397/32/39 1398/16/39 1399/17/39 1390/33/39 1389/34/39 5030/285/39 5037/286/39 5033/287/39
f 1386/186/40 1389/32/40 1390/16/40 1391/17/40 1382/33/40 1381/34/40 1589/288/40 1586/289/40 1581/290/40 1579/291/40 1597/292/40 1594/293/40
f 1387/294/41 1389/295/41 1386/296/41 5014/297/41 5018/298/41 5017/299/41 5020/300/41 5019/301/41 5016/302/41 5015/303/41
f 5007/310/45 5008/311/45 1383/107/45 1382/108/45 1380/312/45 5009/313/45 5006/314/45
f 5002/315/46 1381/32/46 1382/16/46 1383/17/46 1377/33/46 1376/34/46 4999/316/46 5004/317/46 5005/318/46
f 4998/319/47 1379/320/47 1369/220/47 1371/29/47 1378/30/47 4997/321/47 1606/322/47 1599/323/47 1596/324/47 1598/325/47 1587/326/47
f 4997/327/48 1378/107/48 1377/108/48 4994/328/48 1614/329/48
f 4991/330/49 1376/32/49 1377/16/49 1378/17/49 1371/33/49 1370/34/49 1374/186/49 4990/331/49 4996/332/49
f 1377/50/50 1376/51/50 4994/333/50
f 1376/295/51 4991/334/51 4988/335/51 4993/336/51 1375/294/51
f 4978/337/52 4977/338/52 1372/107/52 1371/108/52 1369/312/52 4981/339/52 4980/340/52 4979/341/52
f 4958/342/53 4953/343/53 4954/344/53 4955/345/53 4969/346/53 4971/347/53 4972/348/53 4975/349/53 4973/350/53 4967/351/53 1370/352/53 1371/353/53 1372/354/53 1373/355/53 4957/356/53
f 1362/50/54 1361/51/54 1359/223/54 4956/357/54 4954/358/54 4953/359/54
f 4944/360/55 4945/361/55 4946/362/55 4951/363/55 4950/364/55 1359/365/55 1361/295/55 1358/296/55 4939/366/55 4948/367/55 4947/368/55 4949/369/55
f 4907/370/56 4906/371/56 4900/372/56 4904/373/56 4919/374/56 4930/375/56 4931/376/56 4922/377/56 1354/32/56 4927/378/56 4933/379/56 4934/380/56 4935/381/56 4936/382/56 4937/370/56 4912/383/56
f 1347/50/58 1346/51/58 4900/385/58 4906/386/58 4907/387/58
f 4141/388/59 4148/389/59 1341/107/59 1340/108/59 4886/390/59 4892/391/59 4142/392/59
f 2152/393/60 2150/394/60 2153/395/60 2160/396/60 2159/397/60 2156/398/60 2154/399/60 2155/400/60 2740/401/60 2747/402/60 2206/403/60 2200/404/60 4069/405/60 4068/406/60 4067/407/60 4874/408/60 4889/409/60 4888/410/60 4890/411/60 4891/412/60 4878/413/60 1339/414/60 1340/415/60 1341/416/60 2145/417/60 2146/418/60 2151/419/60
f 1366/384/247 1358/193/247 1361/194/247 1362/179/247 1363/165/247 1364/166/247
f 1533/34/265 1524/186/265 1527/32/265 1528/16/265 1529/17/265 1530/33/265
f 1549/34/271 1543/186/271 1545/32/271 1546/16/271 1547/17/271 1548/33/271
f 5362/1631/279 1602/50/279 1601/51/279 1600/1632/279
f 1644/1633/280 1643/107/280 1642/108/280 1640/1634/280
f 1660/1646/282 1662/50/282 1661/51/282 1659/1647/282
f 1665/1648/283 1663/107/283 1662/108/283 1660/1649/283
f 1720/1633/291 1699/107/291 1698/108/291 1697/1683/291
f 1737/656/295 1715/107/295 1714/108/295 1713/488/295
f 1721/1297/297 1723/50/297 1722/51/297 1720/1706/297
f 1726/622/298 1724/107/298 1723/108/298 1721/1707/298
f 1734/1633/280 1732/107/280 1731/108/280 1730/1726/280
f 1742/1733/303 1740/107/303 1739/108/303 1738/1734/303
f 1752/34/307 1744/186/307 1747/32/307 1748/16/307 1749/17/307 1750/33/307
f 1751/1760/308 1749/107/308 1748/108/308 1746/1761/308
f 1738/1762/309 1750/634/309 1749/635/309 1751/1763/309
f 1758/1766/311 1757/107/311 1756/108/311 1754/1767/311
f 1369/1104/473 1371/50/473 1370/51/473 1368/1103/473
f 4882/4707/1063 4884/4708/1063 1343/2445/1063 1339/295/1063 4878/4709/1063 4879/4710/1063 4880/4711/1063 4881/4712/1063 4877/4713/1063 4876/4714/1063
f 4895/4715/1064 1342/4716/1064 4074/4717/1064 4070/4718/1064 4147/4719/1064 4148/4720/1064 4893/4721/1064
f 1344/231/1065 1351/232/1065 1343/4722/1065 4899/4723/1065 4898/4724/1065 4896/4725/1065 4897/4726/1065
f 4904/4727/1066 4900/4728/1066 1346/295/1066 1344/296/1066 4897/4729/1066 4903/4730/1066 4905/4731/1066 1345/4732/1066 4902/4733/1066 4901/4734/1066
f 4910/4735/1067 1344/186/1067 1346/32/1067 1347/16/1067 1348/17/1067 1349/33/1067 1351/34/1067 4908/4736/1067 4909/4737/1067 4911/4738/1067
f 4908/4736/1068 1351/34/1068 1344/186/1068 4910/4735/1068
f 4914/4739/1069 1349/29/1069 1348/30/1069 1350/4716/1069 4916/4740/1069 4915/4741/1069 4913/4742/1069
f 4929/4743/1070 1353/4744/1070 4927/4745/1070 1354/51/1070 1352/4746/1070 4928/4747/1070
f 1355/108/1071 1353/4748/1071 1356/4749/1071 4934/4750/1071
f 4939/4751/1072 1358/231/1072 1366/232/1072 1352/4752/1072 4943/4753/1072 4942/4754/1072 4941/4755/1072 4940/4756/1072
f 1359/223/1073 1360/226/1073 4953/359/1073 4954/358/1073 4955/4757/1073 4956/357/1073
f 1365/4758/1074 1363/107/1074 1362/108/1074 4953/4759/1074 4958/4760/1074 4957/4761/1074 1360/4762/1074
f 1353/4763/1075 1364/29/1075 1363/30/1075 1365/4764/1075
f 1366/8/1076 1364/9/1076 1353/4765/1076 4929/4766/1076 4928/4767/1076 1352/4768/1076
f 1368/2445/1077 1370/295/1077 4967/4769/1077 4968/4770/1077
f 4966/4771/1078 1367/296/1078 4962/4772/1078
f 4994/4773/1079 1377/29/1079 1383/30/1079 5008/4774/1079 5012/4775/1079 1385/4776/1079 5010/4777/1079 5011/4778/1079
f 5026/4779/1080 5025/4780/1080 5022/4781/1080 5024/4782/1080 1391/107/1080 1390/108/1080 1388/1096/1080
f 5023/4783/1081 1444/4784/1081 5027/4785/1081 1380/4786/1081 1382/29/1081 1391/30/1081 5024/4787/1081 5028/4788/1081
f 1395/4789/1082 1397/295/1082 5033/4790/1082 5029/4791/1082 1394/4792/1082
f 5034/4793/1083 5035/4794/1083 1398/50/1083 1397/51/1083 1395/1103/1083 5036/4795/1083
f 5044/4796/1084 5039/4797/1084 5040/4798/1084 5041/4799/1084 1399/107/1084 1398/108/1084 5035/4800/1084 5043/4801/1084 1396/2799/1084 5042/4802/1084
f 5045/3931/1085 1388/4803/1085 1390/29/1085 1399/30/1085 5041/4804/1085 5046/4805/1085
f 4859/4806/1086 4864/4807/1086 1401/295/1086 1400/296/1086 5047/4808/1086 5052/4809/1086 4861/4810/1086
f 1406/34/1087 1400/186/1087 1401/32/1087 1402/16/1087 1403/17/1087 1404/33/1087 5043/4811/1087 5035/4812/1087 5034/4813/1087 5036/4814/1087
f 1396/4815/1088 1404/29/1088 1403/30/1088 5055/4816/1088 5058/4817/1088 5059/4818/1088 1405/4819/1088
f 1404/9/1089 1396/4820/1089 5043/4821/1089
f 4140/4822/1090 1408/186/1090 4885/258/1090 4887/257/1090 4886/256/1090 4894/4823/1090 4892/255/1090 4142/254/1090
f 4935/4824/1091 4938/4825/1091 1414/295/1091 1413/296/1091 4937/4826/1091 4936/4827/1091
f 1348/437/1092 1413/438/1092 1414/352/1092 1415/353/1092 1416/354/1092 1417/355/1092
f 1365/365/1093 1363/295/1093 1364/296/1093 1353/4828/1093
f 1421/50/1094 1363/51/1094 1365/223/1094 5087/222/1094 5086/4829/1094 5080/4830/1094 5079/230/1094
f 1426/34/1095 1364/186/1095 1363/32/1095 1421/16/1095 1422/17/1095 1423/33/1095
f 5093/4831/1096 5091/4832/1096 5092/4833/1096 1422/107/1096 1421/108/1096 5079/4834/1096 5095/4835/1096 5090/4836/1096 5089/4837/1096 5088/4838/1096 5094/4839/1096
f 1425/4765/1097 5066/4840/1097 5064/4841/1097 5067/4842/1097 5068/4843/1097 1356/4768/1097 1426/8/1097 1423/9/1097 5097/4844/1097 5101/4845/1097 5100/4846/1097
f 1360/3911/1098 1373/231/1098 5087/4847/1098 1365/4848/1098
f 1427/107/1099 5113/4849/1099 1429/4850/1099
f 5118/4851/1100 1428/29/1100 1427/30/1100 1429/3931/1100 5121/4852/1100 5120/4853/1100 5119/4854/1100
f 1429/3931/1101 1420/3930/1101 5118/4851/1101 5119/4854/1101 5120/4853/1101 5121/4852/1101
f 5106/4855/1102 5104/4856/1102 5110/4857/1102 1434/8/1102 5127/4858/1102 5107/4859/1102
f 5137/4860/1103 1439/107/1103 1438/108/1103 1436/4861/1103 5140/4862/1103 5138/4863/1103 5139/4864/1103
f 1440/29/1104 5135/4865/1104 1430/1113/1104
f 1430/1113/1105 5135/4865/1105 1439/30/1105 5137/4866/1105 5142/4867/1105 5141/4868/1105 5143/4869/1105
f 1447/50/1106 1446/51/1106 5144/4870/1106 5146/4871/1106 5147/4872/1106
f 5156/4873/1107 1450/4874/1107 1436/4875/1107 1438/29/1107 1448/30/1107 5151/4876/1107 5157/4877/1107
f 1385/2103/1108 1437/8/1108 1438/9/1108 1436/2102/1108
f 5159/4878/1109 5158/4879/1109 1453/295/1109 5026/4880/1109 1388/4881/1109 5045/4882/1109
f 1454/50/1110 1453/51/1110 5158/4883/1110 5161/4884/1110 5160/4885/1110
f 5045/4886/1111 1466/4887/1111 5160/4885/1111 5161/4884/1111 5158/4883/1111
f 1458/34/1112 5145/131/1112 5144/130/1112 5146/4888/1112 5147/129/1112 5152/128/1112 5149/127/1112 5148/126/1112
f 5162/4889/1113 1466/4890/1113 1457/4891/1113 1455/107/1113 1454/108/1113 5160/4892/1113 5164/4893/1113 5163/4894/1113
f 1445/4895/1114 1456/29/1114 1455/30/1114 1457/4896/1114
f 1445/4897/1115 1444/4898/1115 1458/8/1115 5148/4899/1115
f 1461/295/1116 5042/4900/1116 1396/4901/1116 1405/3765/1116 5166/4902/1116 5167/4903/1116 5165/4904/1116
f 1462/50/1117 1461/51/1117 5165/4905/1117 5168/4906/1117 5169/4907/1117 5170/4908/1117
f 1459/186/1118 5042/120/1118 5044/119/1118 5039/118/1118 5040/4909/1118 5041/117/1118 5046/116/1118
f 5163/121/1119 1467/34/1119 5159/115/1119 5158/114/1119 5161/113/1119 5160/112/1119 5164/4910/1119
f 5163/4911/1120 1464/9/1120 5162/4912/1120
f 5162/4912/1121 1466/2313/1121 5045/2314/1121 1467/8/1121 5163/4911/1121
f 4871/4913/1122 4821/4914/1122 4820/4915/1122 1470/295/1122 5056/4916/1122 4869/4917/1122
f 1468/4918/1123 1469/4919/1123 4824/96/1123 4825/95/1123 4817/94/1123 4818/91/1123 4820/90/1123
f 5182/4920/1124 1473/4921/1124 1471/107/1124 5181/4922/1124
f 1471/30/1125 1473/4923/1125 1460/4924/1125 5174/4925/1125
f 1472/29/1126 5174/4925/1126 1460/4924/1126
f 1409/4926/1127 1410/231/1127 4228/4927/1127 4231/4928/1127
f 4301/4929/1128 4308/4930/1128 1476/107/1128 1475/108/1128 5183/4931/1128 4303/4932/1128
f 5186/4933/1129 1477/4058/1129 4237/4934/1129 4299/4935/1129 4309/4936/1129 4308/4937/1129 5185/4938/1129
f 5193/4939/1130 1481/107/1130 1480/108/1130 5187/4940/1130 5194/4941/1130
f 5109/4942/1131 5103/4943/1131 5131/4944/1131 1489/231/1131 1494/232/1131 5112/4945/1131 5115/4946/1131 5114/4947/1131 5111/4948/1131
f 5203/4949/1132 1491/295/1132 1489/296/1132 5131/4950/1132 5128/4951/1132 5129/4952/1132 5130/4953/1132 5132/4954/1132
f 5112/4955/1133 1494/8/1133 1492/9/1133 1484/4956/1133 1429/4957/1133 5113/4958/1133
f 1429/4957/1134 5112/4955/1134 5113/4958/1134
f 1501/50/1135 1500/51/1135 5223/4959/1135 5225/4960/1135 5226/4961/1135 5227/4962/1135
f 1499/4963/1136 5231/4964/1136 5228/4965/1136 5230/4966/1136 5229/4967/1136 1502/107/1136 1501/108/1136 5227/4968/1136 5232/4969/1136 5234/4970/1136 5233/4971/1136
f 5215/4972/1137 5216/29/1137 1502/30/1137 5229/4973/1137 5235/4974/1137 5236/4975/1137 5222/4976/1137
f 1515/270/1138 1516/83/1138 1509/271/1138 1508/268/1138 1512/269/1138 1514/79/1138
f 5252/4977/1139 1516/107/1139 1515/108/1139 5248/4978/1139 5253/4979/1139 5250/4980/1139 5251/4981/1139
f 5237/4982/1140 1509/29/1140 1516/30/1140 5252/4983/1140 5257/4984/1140 5255/4985/1140 5256/4986/1140 5254/4987/1140
f 1507/4988/1141 1457/3025/1141 1508/8/1141 1509/9/1141 5237/4989/1141 5258/4990/1141
f 5177/4991/1142 5178/4992/1142 1518/32/1142 1519/16/1142 1520/17/1142 1515/33/1142 1514/34/1142 5171/4993/1142 5173/4994/1142 5176/4995/1142
f 1513/4988/1143 1465/3025/1143 1514/8/1143 1515/9/1143 5248/4996/1143 5267/4997/1143 5266/4998/1143
f 4775/4999/1144 4782/5000/1144 1527/295/1144 1524/296/1144 4826/5001/1144 4823/5002/1144
f 4826/5001/1145 1469/5003/1145 4778/5004/1145 4775/4999/1145 4823/5002/1145
f 1525/5005/1146 4782/5000/1146 4775/4999/1146 4778/5004/1146
f 4785/5006/1147 1528/50/1147 1527/51/1147 4782/5007/1147 4781/5008/1147
f 5268/5009/1148 1529/107/1148 1528/108/1148 4785/5010/1148 4784/5011/1148 5269/5012/1148
f 1531/5013/1149 1517/5014/1149 1530/29/1149 1529/30/1149 5268/5015/1149 5270/5016/1149
f 1473/5017/1150 1533/8/1150 1530/9/1150 1517/5018/1150
f 5190/5019/1151 1486/995/1151 1540/996/1151 1541/997/1151 1542/998/1151 5198/5020/1151 5193/5021/1151 5194/5022/1151 5187/5023/1151
f 5276/5024/1152 1541/107/1152 1540/108/1152 5271/5025/1152 5277/5026/1152 5278/5027/1152 5275/5028/1152
f 1543/231/1153 1549/232/1153 1487/5029/1153 5201/5030/1153 5202/5031/1153 1484/5032/1153
f 5280/5033/1154 5282/5034/1154 1545/295/1154 1543/296/1154 1484/5035/1154 1493/5036/1154 5281/5037/1154
f 5288/5038/1155 1547/107/1155 1546/108/1155 5285/5039/1155 5287/5040/1155
f 5289/5041/1156 1548/29/1156 1547/30/1156 5288/5042/1156 5292/5043/1156 5290/5044/1156
f 5296/5045/1157 1554/107/1157 1553/108/1157 5295/5046/1157 5297/5047/1157
f 5298/5048/1158 1555/29/1158 1554/30/1158 5296/5049/1158 5304/5050/1158 5302/5051/1158 5303/5052/1158 5301/5053/1158 5299/5054/1158
f 5242/5055/1159 5238/5056/1159 1570/295/1159 1568/296/1159 5243/5057/1159
f 1571/50/1160 1570/51/1160 5238/5058/1160 5239/5059/1160 5246/5060/1160 5329/5061/1160 5330/5062/1160 5332/5063/1160 5331/5064/1160
f 5308/5065/1161 5307/5066/1161 1568/186/1161 1570/32/1161 1571/16/1161 1572/17/1161 1573/33/1161 5310/5067/1161 5312/5068/1161
f 5335/5069/1162 5337/5070/1162 5336/5071/1162 5334/5072/1162 1572/107/1162 1571/108/1162 5331/5073/1162
f 5333/5074/1163 5340/5075/1163 5339/5076/1163 5338/5077/1163 5318/5078/1163 1573/29/1163 1572/30/1163 5334/5079/1163 5341/5080/1163
f 1575/32/1164 5256/5081/1164 5254/5082/1164 5237/5083/1164 5258/5084/1164
f 5335/5085/1165 1577/30/1165 5349/5086/1165 5352/5087/1165 5351/5088/1165 5337/5089/1165
f 5252/5090/1166 5251/5091/1166 5250/5092/1166 5253/5093/1166 5248/5094/1166 5263/5095/1166 1582/352/1166 1583/353/1166 1584/354/1166 5353/5096/1166 5346/5097/1166 5347/5098/1166 5345/5099/1166 5257/5100/1166
f 5343/5101/1167 1585/437/1167 1580/438/1167 5249/5102/1167 5248/5094/1167 5253/5093/1167 5250/5092/1167 5251/5091/1167 5252/5090/1167 5257/5100/1167 5342/5103/1167
f 5262/5104/1168 1591/32/1168 1592/16/1168 1593/17/1168 1583/33/1168 1582/34/1168 5265/5105/1168 5259/5106/1168 5260/5107/1168 5261/5108/1168
f 5358/5109/280 1593/107/280 1592/108/280 1590/5110/280 5359/5111/280
f 1600/5112/1169 1601/295/1169 5269/5113/1169 4784/5114/1169 4786/5115/1169 4787/5116/1169
f 1526/5117/1170 4787/5116/1170 4786/5115/1170 4784/5114/1170
f 5269/5118/98 1601/995/98 1602/996/98 1603/997/98 1604/998/98 1607/999/98 5270/5119/98 5268/5120/98
f 5361/5121/1171 1603/107/1171 1602/108/1171 5362/5122/1171 5363/5123/1171
f 1605/5124/1172 1590/5125/1172 1604/29/1172 1603/30/1172 5361/5126/1172 5364/5127/1172
f 1531/5128/1173 1607/8/1173 1604/9/1173 1590/5129/1173
f 4414/5130/1174 1613/34/1174 1608/186/1174 1609/32/1174 1610/16/1174 1611/17/1174 4425/5131/1174 4419/5132/1174 4531/5133/1174 4424/5134/1174 4422/5135/1174 4423/5136/1174 4415/5137/1174
f 4530/5138/1175 1612/33/1175 4414/5130/1175 4415/5137/1175 4423/5136/1175 4422/5135/1175 4424/5134/1175 4529/5139/1175
f 4532/5140/1176 4537/5141/1176 1611/107/1176 1610/108/1176 5367/5142/1176 4534/5143/1176
f 5373/5144/1177 4430/5145/1177 4427/5146/1177 4420/5147/1177 4537/5148/1177 5372/5149/1177 5374/5150/1177
f 4414/5151/1178 4418/5152/1178 1613/8/1178
f 1616/32/1179 5292/5153/1179 5290/5154/1179 5289/5155/1179 5293/5156/1179
f 5376/5157/1180 1618/107/1180 1617/108/1180 5375/5158/1180 5378/5159/1180 5377/5160/1180
f 5371/5161/1181 1618/30/1181 5376/5162/1181 5379/5163/1181 5368/5164/1181
f 5380/3013/1182 1621/50/1182 5303/5165/1182 5302/5166/1182 5304/5167/1182 5382/5168/1182 5383/5169/1182 5381/5170/1182
f 1616/433/1183 1619/62/1183 5283/5171/1183 5284/5172/1183 5285/5173/1183 5287/5174/1183 5288/5175/1183 5292/5176/1183
f 5375/5177/1184 1617/29/1184 1622/30/1184 1623/5178/1184 5386/5179/1184 5385/5180/1184
f 5315/5181/1185 1627/186/1185 1629/32/1185 1630/16/1185 1631/17/1185 1632/33/1185 5324/5182/1185 5317/5183/1185
f 5398/5184/1186 1634/4988/1186 1564/3025/1186 5316/5185/1186 5324/5186/1186 1632/9/1186 5400/5187/1186 5403/5188/1186 5404/5189/1186
f 5407/5190/1187 1648/50/1187 1647/51/1187 5405/5191/1187
f 1648/5192/1188 1649/5193/1188 1642/5194/1188 1641/5195/1188 1645/5196/1188 1647/5197/1188
f 1650/5198/291 1649/107/291 1648/108/291 5407/5199/291 5408/5200/291 1646/5201/291
f 1640/3104/1189 1642/29/1189 1649/30/1189 1650/3105/1189
f 5411/5202/1190 1653/50/1190 1652/51/1190 5409/5203/1190
f 5406/5204/98 5360/5205/98 5358/5206/98 5359/5207/98 1652/32/98 1653/16/98 1654/17/98 5408/5208/98 5407/5209/98 5405/5210/98
f 1656/5211/1191 1654/107/1191 1653/108/1191 5411/5212/1191 5412/5213/1191 1651/5214/1191
f 1655/634/1192 5408/5215/1192 1646/5216/1192
f 1654/635/1192 1656/5217/1192 1646/5216/1192 5408/5215/1192
f 1595/5218/1193 1657/8/1193 1655/9/1193 1646/5219/1193
f 5363/5220/1194 1658/296/1194 5362/5221/1194
f 1659/5222/1194 1661/295/1194 5363/5220/1194 5362/5221/1194
f 5364/5223/98 5361/5224/98 5363/5225/98 1661/79/98 1662/270/98 1663/83/98 5412/5226/98 5411/5227/98 5409/5228/98 5410/5229/98
f 1664/29/1195 5412/5230/1195 1651/5231/1195
f 1665/5232/1195 1651/5231/1195 5412/5230/1195 1663/30/1195
f 1605/5233/1196 1666/8/1196 1664/9/1196 1651/5234/1196
f 5415/5235/1197 1670/107/1197 1669/108/1197 5413/5236/1197
f 1672/16/1198 1673/17/1198 1669/33/1198 5379/5237/1198 5376/5238/1198 5377/5239/1198 5378/5240/1198 5375/5241/1198 5385/5242/1198 5386/5243/1198
f 5413/5244/1199 1669/29/1199 1673/30/1199 1703/3105/1199 1668/2782/1199 5414/5245/1199 5417/5246/1199 5420/5247/1199 5419/5248/1199 5421/5249/1199 5418/5250/1199
f 5422/5251/1200 5423/5252/1200 1675/295/1200 1621/296/1200 5380/5253/1200 1674/5254/1200
f 1680/34/1201 1621/186/1201 1675/32/1201 1676/16/1201 1677/17/1201 1678/33/1201
f 5432/5255/1202 1677/107/1202 1676/108/1202 5428/5256/1202 5433/5257/1202 5431/5258/1202
f 5436/5259/1203 1678/29/1203 1677/30/1203 5432/5260/1203 5438/5261/1203 5437/5262/1203 5435/5263/1203
f 5434/5264/1204 1679/5265/1204 1623/5266/1204 1680/8/1204 1678/9/1204 5436/5267/1204 5439/5268/1204
f 5447/5269/1205 1684/107/1205 1683/108/1205 5441/5270/1205
f 5463/5271/1206 1693/107/1206 1692/108/1206 5458/5272/1206
f 5466/5273/1207 5467/5274/1207 5465/5275/1207 1694/29/1207 1693/30/1207 5463/5276/1207 5468/5274/1207
f 1695/5277/1208 5440/5278/1208 5444/5279/1208 5443/5280/1208 5445/5281/1208 1633/5282/1208 5402/5283/1208 1694/9/1208 5465/5284/1208 5469/5285/1208 5464/5286/1208
f 1697/5287/1209 1698/50/1209 1643/51/1209 1644/5288/1209
f 5473/5289/1210 5474/5290/1210 5472/5291/1210 1706/50/1210 5437/5292/1210 5438/5293/1210
f 5437/5294/1211 1706/270/1211 1707/83/1211 1708/271/1211 1711/268/1211 1704/269/1211 5439/5295/1211 5436/5296/1211 5435/5297/1211
f 5435/5297/1212 5436/5296/1212 5439/5295/1212 1705/79/1212 5437/5294/1212
f 5476/5298/1213 1707/107/1213 1706/108/1213 5472/5299/1213 5477/5300/1213 5475/5301/1213
f 5478/5302/1214 1708/29/1214 1707/30/1214 5476/5303/1214 5481/5304/1214 5480/5305/1214
f 1703/5306/1215 1711/8/1215 1708/9/1215 5478/5307/1215 5483/5308/1215 1710/5309/1215
f 5470/5310/1216 1716/34/1216 1712/186/1216 5454/5311/1216 5448/5312/1216 5430/5313/1216 5428/5314/1216 5433/5315/1216 5431/5316/1216 5432/5317/1216 5438/5318/1216 5471/5319/1216
f 1717/353/1217 1718/354/1217 1719/355/1217 5452/5320/1217 5447/5321/1217 5441/5322/1217 5442/5323/1217 5469/5324/1217 5465/5325/1217 5467/5326/1217
f 5490/5327/291 1718/107/291 1717/108/291 5487/5328/291
f 5459/5329/1218 1722/32/1218 1723/16/1218 1724/17/1218 1725/33/1218 5468/5330/1218 5463/5331/1218 5458/5332/1218
f 5493/5333/1219 1725/29/1219 1724/30/1219 1726/3105/1219 1727/5334/1219 5492/5335/1219 5494/5336/1219 5495/5337/1219
f 4739/5338/1220 4742/5339/1220 1732/30/1220 1734/5340/1220 4743/5341/1220
f 4743/5341/1220 1735/2782/1220 1733/29/1220 4742/5339/1220 4739/5338/1220
f 1738/5342/1221 1739/50/1221 5485/5343/1221 1737/5344/1221
f 1225/5345/1222 5496/5346/1222 1740/635/1222 1742/5347/1222 1730/5348/1222
f 5496/5346/1222 1225/5345/1222 1741/634/1222
f 5479/5349/1223 1741/9/1223 1225/5350/1223 5497/5351/1223 5482/5352/1223
f 1713/5353/1224 1744/231/1224 1752/232/1224 1737/5354/1224
f 5499/5355/1225 5500/5356/1225 1747/295/1225 1744/296/1225 1713/5357/1225 1745/5358/1225
f 1737/5359/1226 1752/8/1226 1750/9/1226 1738/5360/1226
f 5494/5361/1227 1755/295/1227 5486/5362/1227 5488/5363/1227 5492/5364/1227
f 1754/5365/1228 1756/50/1228 5495/5366/1228 5494/5367/1228 1726/5368/1228
f 5499/5369/98 5491/5370/98 5490/5371/98 5487/5372/98 5489/5373/98 5493/5374/98 5495/5375/98 1756/16/98 1757/17/98 5501/5376/98 5500/5377/98
f 5486/5378/98 1755/32/98 5495/5375/98 5493/5374/98 5489/5373/98
f 1746/5379/1229 5501/5380/1229 1757/30/1229 1758/5381/1229
f 5136/6803/1567 5134/6804/1567 1495/32/1567 5214/6805/1567 1503/6805/1567 1496/6805/1567 1497/17/1567 5210/6806/1567 5204/6807/1567 5205/6808/1567 5206/6809/1567 5203/6810/1567 5132/6811/1567
f 5134/6804/1568 5136/6803/1568 5133/6812/1568
f 5215/108/1569 5222/6813/1569 5219/6814/1569 1497/107/1569 1496/108/1569 5216/1119/1569
f 5217/6815/1570 1498/6816/1570 1497/107/1570 5218/6817/1570
f 1501/69/1571 1502/70/1571 5216/432/1571 1496/432/1571 1495/433/1571 5142/6818/1571 5137/6819/1571 5139/6820/1571 5138/6821/1571 1500/68/1571
f 5240/6822/1572 5241/6823/1572 1510/33/1572 5234/6824/1572 5232/6825/1572 5227/6826/1572 1521/6827/1572 5223/6828/1572 5224/6829/1572 5157/6830/1572 5151/6831/1572 5150/6832/1572 5153/6833/1572 5154/6834/1572 1508/32/1572 1509/16/1572 5239/6835/1572 5238/6836/1572 5242/6837/1572 5243/6838/1572
f 1509/108/1573 5237/6839/1573 5247/6840/1573 5245/6841/1573 5246/6842/1573 5239/6843/1573
f 1465/6844/1574 1514/295/1574 1512/296/1574 1466/6845/1574
f 5259/6846/1575 1520/107/1575 1519/108/1575 1517/6847/1575 5262/6848/1575 5261/6849/1575
f 5261/6849/1576 5260/6850/1576 5259/6846/1576
f 5265/6851/1577 1522/1943/1577 1513/6852/1577 5264/6853/1577 5263/6854/1577 5248/6855/1577 1515/29/1577 1520/30/1577 5259/6856/1577
f 4826/6857/1578 1524/231/1578 1533/232/1578 1473/6858/1578 5182/6859/1578 5181/6860/1578 5180/6861/1578 5179/6862/1578 4824/6863/1578
f 4302/6864/1579 4303/6865/1579 5183/6866/1579 5184/6867/1579 5199/6868/1579 5200/6869/1579 5195/6866/1579 5196/6870/1579 1535/16/1579 1536/17/1579 4304/6871/1579 4307/6872/1579 4306/6873/1579
f 5271/6874/1580 1540/50/1580 1486/51/1580 1487/1020/1580 5272/6875/1580 5274/6876/1580 1539/1019/1580 1488/6877/1580 5273/6878/1580
f 1544/6879/1581 5283/6880/1581 5285/6881/1581 1546/50/1581 1545/51/1581 5282/6882/1581 5286/6883/1581 5281/6884/1581 1493/6885/1581
f 5293/6886/1582 1488/6887/1582 1539/6888/1582 5274/6889/1582 5272/6890/1582 1487/6891/1582 1549/8/1582 1548/9/1582 5289/6892/1582
f 1498/3971/1583 1497/295/1583 1523/6893/1583 1532/6893/1583 5211/6893/1583 1490/2821/1583
f 5319/6894/1584 5294/6895/1584 5295/6896/1584 1553/50/1584 1497/51/1584 1498/1020/1584 1449/6897/1584 1443/6898/1584 1451/6899/1584 1452/6900/1584 1435/6901/1584 1442/6902/1584 1441/6903/1584
f 5282/6904/1585 5280/6905/1585 1556/34/1585 5208/6906/1585 5209/6907/1585 5212/6908/1585 5211/6909/1585 1534/6909/1585 1523/6909/1585 1497/32/1585 1553/16/1585 1554/17/1585 1555/33/1585 5286/6910/1585
f 5300/6911/1586 1544/2313/1586 1493/2314/1586 1556/8/1586 5280/6912/1586 5281/6913/1586 5286/6914/1586 1555/9/1586 5298/6915/1586 5305/6916/1586
f 1561/50/1587 1560/51/1587 5308/6917/1587 5312/6918/1587 5310/6919/1587 5311/6920/1587 5313/6921/1587 5309/6922/1587
f 5219/6923/1588 1560/995/1588 1561/996/1588 1562/997/1588 1563/998/1588 5217/6924/1588 5221/6925/1588 5220/6926/1588
f 5218/6927/1589 5217/6924/1589 1566/999/1589 1559/5657/1589 5219/6923/1589 5220/6926/1589
f 5315/6928/1590 5317/6929/1590 1562/107/1590 1561/108/1590 5309/6930/1590 5318/6931/1590 5314/6932/1590
f 5327/6933/1591 5328/6934/1591 5326/6935/1591 5238/5056/1591 5242/5055/1591 5243/5057/1591 1499/6936/1591 1505/6937/1591 1504/6938/1591 1506/6939/1591 1511/6940/1591
f 5336/5071/1592 5337/5070/1592 5334/5072/1592
f 5344/6941/1593 1576/50/1593 5256/6942/1593 5255/6943/1593 5257/6944/1593 5345/6945/1593 5346/6946/1593 1407/6946/1593 1411/6946/1593
f 5244/6947/1594 5247/6948/1594 5237/5083/1594 5254/5082/1594 5256/5081/1594 1576/16/1594 1577/17/1594 5335/6949/1594 5331/6950/1594 5330/6951/1594 5329/6952/1594 5246/6953/1594
f 5349/6954/1595 1577/107/1595 1576/108/1595 5344/6955/1595 5350/6956/1595
f 5259/5106/1596 5265/5105/1596 1588/186/1596 5262/5104/1596 5261/5108/1596
f 5367/6957/1597 1610/50/1597 1609/51/1597 5366/6958/1597 5370/6959/1597 5371/6960/1597 5368/6961/1597
f 5366/6962/1598 5365/6963/1598 5279/6964/1598 5276/6962/1598 5275/6965/1598 5277/6966/1598 5271/6967/1598 5273/6968/1598 5293/5156/1598 5289/5155/1598 5292/5153/1598 1617/16/1598 1618/17/1598 5371/6969/1598 5369/6970/1598
f 5303/6971/1599 1621/69/1599 1622/70/1599 1617/432/1599 5292/5176/1599 5288/5175/1599 5287/5174/1599 5285/5173/1599 5283/5171/1599 5305/6972/1599 5306/6973/1599 5298/6974/1599 5299/6975/1599 5301/6976/1599
f 5301/6976/1600 5299/6975/1600 5298/6974/1600 5305/6972/1600 1620/68/1600 5303/6971/1600
f 1309/6977/1601 1615/3025/1601 5291/6978/1601 5292/6979/1601 1617/9/1601 1306/6980/1601 1304/6981/1601
f 5296/6982/1602 5297/6983/1602 5295/6984/1602 5294/6985/1602 5325/6986/1602 5321/6987/1602 5320/6988/1602 5323/6989/1602 1625/16/1602 1626/17/1602 5381/6990/1602 1300/6991/1602 1292/6992/1602 5383/6993/1602 5382/6994/1602 5304/6995/1602
f 1628/3013/1603 5389/6996/1603 5390/6997/1603 1630/50/1603 1629/51/1603 5388/6998/1603 5392/6999/1603
f 5392/6999/1604 5388/6998/1604 5391/7000/1604 5393/7001/1604
f 5395/7002/1605 5396/7003/1605 1631/107/1605 1630/108/1605 5390/7004/1605 5397/7005/1605
f 5402/7006/1606 1633/7007/1606 5445/7008/1606 5401/7009/1606 5400/7010/1606 1632/29/1606 1631/30/1606 5396/7011/1606
f 5341/7012/1607 5334/7013/1607 5337/7014/1607 1393/7015/1607 1392/7016/1607 5351/7017/1607 5352/7018/1607 1636/16/1607 1637/17/1607 5392/7019/1607 5393/7020/1607 5391/7021/1607 5388/7022/1607 5387/7023/1607
f 1332/7024/1608 1333/7025/1608 1335/7025/1608 1336/7025/1608 1411/7025/1608 5344/7026/1608 5350/7027/1608 5349/7028/1608 5352/7029/1608 1635/34/1608 1357/7024/1608
f 1641/32/1609 1642/16/1609 1643/17/1609 1636/33/1609 5352/7029/1609 5349/7028/1609 5348/7030/1609 5344/7026/1609 1412/7031/1609 1419/7031/1609 1384/7032/1609 5346/7025/1609
f 5354/7033/1610 5355/7034/1610 5357/7035/1610 5356/7036/1610
f 1307/7037/1611 1314/7038/1611 1318/7039/1611 1319/7040/1611 1310/7041/1611 1325/7042/1611 1324/7043/1611 1320/7044/1611 1311/7045/1611
f 1639/308/1612 1641/8/1612 1642/9/1612 1640/309/1612
f 5379/7046/1613 1669/16/1613 1670/17/1613 4535/7047/1613 4533/7048/1613 4534/7049/1613 5367/7050/1613 5368/7051/1613
f 5428/7052/1614 1676/50/1614 1675/51/1614 5423/7053/1614 5425/7054/1614 5427/7055/1614 5430/7056/1614
f 1687/268/1615 1682/269/1615 5403/7057/1615 5400/7058/1615 5399/7059/1615 5401/7060/1615 1683/270/1615 1684/83/1615 5427/7061/1615 5426/7062/1615 5424/7063/1615 5423/7064/1615 5422/7065/1615
f 1684/30/1616 5447/7066/1616 5452/7067/1616 5450/7068/1616 5446/7069/1616 1685/7070/1616 1686/7071/1616 5429/7072/1616 1250/7073/1616 5451/7074/1616 5453/7067/1616 5449/7075/1616 5430/7076/1616 5427/7077/1616
f 1691/295/1617 5389/7078/1617 1628/7079/1617 1638/7080/1617 5455/7081/1617 5457/7082/1617 5456/7083/1617
f 5458/7084/1618 1692/50/1618 1691/51/1618 5456/7085/1618 5461/7086/1618 5460/7087/1618 5459/7088/1618
f 1696/433/1619 1689/62/1619 5389/7089/1619 5390/7090/1619 5397/7091/1619 5395/7092/1619 5396/7093/1619 5402/7094/1619
f 5395/7092/1620 5394/7095/1620 5390/7090/1620 5389/7089/1620 1691/68/1620 1692/69/1620 1693/70/1620 1694/432/1620 5402/7094/1620 5396/7093/1620 1291/7096/1620 1271/7097/1620
f 1700/34/1621 1636/186/1621 1643/32/1621 1698/16/1621 1699/17/1621 5459/7098/1621 5460/7099/1621 5461/7100/1621 5456/7101/1621 5457/7102/1621
f 1699/30/1622 1720/3105/1622 1690/7103/1622 5462/7104/1622 5459/7105/1622
f 5421/7106/1623 1701/16/1623 1702/17/1623 4633/7107/1623 4629/7108/1623 4626/7109/1623 5416/7110/1623 5415/7111/1623 5413/7112/1623 5418/7113/1623
f 5432/5317/1624 5431/5316/1624 5433/5315/1624 5428/5314/1624 5430/5313/1624 5453/7114/1624 1714/16/1624 1715/17/1624 5473/7115/1624 5438/5318/1624
f 5482/7116/1625 1709/1255/1625 1730/7117/1625 1731/50/1625 5480/7118/1625 5481/7119/1625 5496/7120/1625 1225/7121/1625 1231/7122/1625 5497/7123/1625
f 4740/7124/1626 4736/7125/1626 4737/7126/1626 4738/7127/1626 1729/438/1626 5483/7128/1626 5478/7129/1626 5480/7130/1626 1731/353/1626 1732/354/1626 4742/7131/1626
f 1733/355/1627 1736/437/1627 4738/7127/1627 4737/7126/1627 4741/7132/1627 1688/7133/1627 1681/7134/1627 4742/7131/1627
f 5476/7135/1628 5475/7136/1628 5472/7137/1628 5474/7138/1628 5484/7139/1628 5485/7140/1628 1739/16/1628 1740/17/1628 5496/7141/1628 5498/7142/1628 5481/7143/1628
f 1746/8524/1912 1748/50/1912 1747/51/1912 5500/8525/1912 5501/8526/1912
f 5324/8542/1916 5316/8543/1916 5322/8544/1916 5323/8545/1916 5321/8546/1916 1563/29/1916 1562/30/1916 5317/8547/1916
f 6699/16/1932 6702/17/1932 6701/8593/1932 6700/8594/1932
f 5205/8797/1967 5204/8798/1967 6699/8799/1967 6700/8800/1967 1491/51/1967 5203/8801/1967 5206/8802/1967
f 1494/34/1968 1489/186/1968 1491/32/1968 6700/8594/1968 6701/8593/1968 1492/33/1968
f 5211/8803/1969 5213/8804/1969 5208/8805/1969 5207/8806/1969 1490/8807/1969 1493/8808/1969 6702/8809/1969 6699/8810/1969 5204/8811/1969 5210/8803/1969 1532/8803/1969 1523/8803/1969 1534/8803/1969
f 1484/8812/1970 1492/29/1970 6701/8813/1970 6702/8814/1970 1493/8815/1970
f 5473/7115/2035 1715/17/2035 1737/656/2035 5484/7139/2035 5474/7138/2035
usemtl RockMat.010
f 1760/1768/312 1761/8/312 1763/9/312 1762/1769/312
f 1761/34/313 1759/186/313 1766/32/313 1765/16/313 1764/17/313 1763/33/313
f 1770/1777/315 1772/50/315 1771/51/315 1769/1778/315
f 1775/433/316 1768/62/316 1771/68/316 1772/69/316 1773/70/316 1774/432/316
f 1788/34/318 1782/186/318 1783/32/318 1784/16/318 1785/17/318 1786/33/318
f 1795/1807/323 1796/231/323 1801/232/323 5565/1808/323
f 1803/1809/324 1814/295/324 1813/296/324 1811/1810/324
f 1819/34/325 1813/186/325 1814/32/325 1815/16/325 1816/17/325 1817/33/325
f 1831/1131/328 1824/1192/328 1827/1830/328 1828/1831/328 1829/1129/328 1830/1130/328
f 1842/34/330 1833/186/330 1836/32/330 1837/16/330 1838/17/330 1839/33/330
f 1840/1839/331 1838/107/331 1837/108/331 1835/1840/331
f 1841/1841/332 1839/29/332 1838/30/332 1840/1842/332
f 1850/437/334 1843/438/334 1846/352/334 1847/353/334 1848/354/334 1849/355/334
f 1928/34/356 1921/186/356 1922/32/356 1923/16/356 1924/17/356 1925/33/356
f 1927/1968/357 1925/29/357 1924/30/357 1926/1969/357
f 1947/1131/361 1939/1192/361 1941/1830/361 1942/1831/361 1943/1129/361 1944/1130/361
f 1929/2025/367 1992/29/367 1991/30/367 1993/2026/367
f 2003/1131/368 1996/1192/368 1999/1830/368 2000/1831/368 2001/1129/368 2002/1130/368
f 2080/34/378 2075/186/378 2076/32/378 2077/16/378 2078/17/378 2079/33/378
f 2090/34/379 2083/186/379 2085/32/379 2086/16/379 2087/17/379 2088/33/379
f 2114/1354/384 2109/746/384 2110/2093/384 2111/1351/384 2112/1352/384 2113/1353/384
f 2172/34/389 2165/186/389 2167/32/389 2168/16/389 2169/17/389 2170/33/389
f 2198/34/391 2191/186/391 2193/32/391 2194/16/391 2195/17/391 2196/33/391
f 2219/34/394 2210/186/394 2213/32/394 2214/16/394 2215/17/394 2216/33/394
f 2230/609/395 2221/610/395 2224/611/395 2225/494/395 2226/495/395 2227/496/395
f 2267/437/396 2259/438/396 2262/352/396 2263/353/396 2264/354/396 2265/355/396
f 2391/2171/404 2392/2172/404 2390/2173/404 2388/2174/404
f 2395/2175/405 2397/505/405 2404/506/405 2396/2176/405
f 2405/2177/406 2407/231/406 2410/232/406 2406/592/406
f 2411/2178/407 2413/505/407 2416/506/407 2412/2179/407
f 2417/2180/408 2419/231/408 2423/232/408 2418/2181/408
f 2424/2188/410 2426/2189/410 2431/2190/410 2425/2191/410
f 2432/2204/412 2434/231/412 2438/232/412 2433/2205/412
f 2425/2206/413 2435/2172/413 2434/2173/413 2432/2207/413
f 1997/1809/472 1999/295/472 1996/296/472 1995/1810/472
f 5503/5382/1230 5502/5383/1230 1759/231/1230 1761/232/1230 1760/5384/1230 5504/5385/1230
f 1762/5386/1231 1763/29/1231 1764/30/1231 5050/5387/1231 5051/5388/1231
f 5052/5389/1232 5047/5390/1232 5049/5391/1232 5048/5392/1232 5050/5393/1232 1764/107/1232 1765/108/1232 5507/5394/1232 5506/5395/1232 5505/5396/1232
f 5512/5397/1233 5509/5398/1233 5507/5399/1233 1765/50/1233 1766/51/1233 5513/5400/1233 5511/5401/1233 5508/5402/1233 5510/5403/1233
f 5515/5404/1234 5516/5405/1234 5513/5406/1234 1766/295/1234 1759/296/1234 5502/5407/1234 5514/5408/1234
f 1769/5409/1235 1771/295/1235 1768/296/1235 5517/5410/1235 5520/5411/1235 1767/5412/1235
f 5037/5413/1236 1773/107/1236 1772/108/1236 1770/5414/1236 5015/5415/1236 5016/5416/1236 5032/5417/1236 5031/5418/1236 5029/5419/1236 5033/5420/1236 5038/5421/1236
f 5542/5422/1237 1782/231/1237 1788/232/1237 1781/5423/1237 5540/5424/1237 5539/5425/1237 5637/5426/1237 1780/5427/1237 5541/5428/1237 5543/5429/1237
f 5530/5430/1238 5534/5431/1238 1783/295/1238 1782/296/1238 5542/5432/1238 5545/5433/1238 5544/5434/1238
f 5538/5435/1239 1784/50/1239 1783/51/1239 5534/5436/1239 5535/5437/1239
f 1788/8/1240 1786/9/1240 1787/5438/1240 5547/5439/1240 5546/5440/1240 1781/5441/1240
f 4991/5442/1241 4988/5443/1241 4992/5444/1241 4983/5445/1241 4986/5446/1241 4987/5447/1241 1793/5448/1241 1792/107/1241 4996/5449/1241
f 4972/5450/1242 1798/17/1242 4970/5451/1242
f 4973/5452/1243 4967/5453/1243 4968/5454/1243 4960/5455/1243 4959/5456/1243 4961/5457/1243 4965/5458/1243 1800/2146/1243 4971/5459/1243 4972/5460/1243 4975/5461/1243
f 5564/5462/1244 1804/231/1244 1810/232/1244 1803/1808/1244 5563/5463/1244 5561/5464/1244 1802/1807/1244 5560/5465/1244 5562/5466/1244
f 1809/5467/1245 1808/29/1245 4941/5468/1245 4942/5469/1245 4921/5470/1245 4924/5471/1245 4925/5472/1245
f 1818/1092/1246 1817/29/1246 1816/30/1246 4930/5473/1246 4919/5474/1246 4920/5475/1246
f 4908/5476/1247 4896/5477/1247 4897/5478/1247 4903/5479/1247 4910/5480/1247
f 4903/5481/1248 4905/5482/1248 1822/5483/1248 4911/5484/1248 4910/5485/1248
f 2784/5486/1249 1831/8/1249 1830/9/1249 2786/5487/1249 2785/5488/1249 2789/5489/1249 2781/5490/1249
f 1833/231/1250 1842/232/1250 5591/5491/1250 5587/5492/1250 5583/5493/1250 5584/5494/1250 5582/5495/1250 5581/5496/1250 5580/5497/1250
f 1836/295/1251 1833/296/1251 5580/5498/1251 5594/5499/1251 5592/5500/1251
f 5608/5501/1252 5609/5502/1252 1832/5503/1252 5590/5504/1252 5610/5505/1252 5591/5506/1252 1842/8/1252 1839/9/1252 1841/5507/1252 5611/5508/1252 5607/5509/1252
f 1843/231/1253 1850/232/1253 5614/5510/1253 5612/5511/1253 5613/5512/1253
f 5615/5513/1254 1844/5514/1254 5609/5515/1254 5608/5516/1254 5607/5517/1254 5611/5518/1254 1845/5519/1254 1847/50/1254 1846/51/1254 5616/5520/1254 5624/5521/1254
f 5541/5522/1255 1853/33/1255 1854/34/1255 1851/186/1255 1852/32/1255 1777/16/1255 5530/5523/1255 5544/5524/1255 5545/5525/1255 5542/5526/1255 5543/5527/1255
f 1857/1831/1256 1790/1129/1256 1789/1130/1256 1859/1131/1256 1855/1192/1256 1856/1830/1256
f 5540/5528/1257 1781/5529/1257 1790/107/1257 1857/108/1257 1780/5530/1257 5637/5531/1257 5539/5532/1257
f 5648/5533/1258 5647/5534/1258 5649/5535/1258 1860/5536/1258
f 1859/5537/1259 1789/2405/1259 1794/1212/1259 1796/1213/1259 1862/1202/1259 1861/1203/1259
f 5651/5538/1260 1918/7/1260 1862/8/1260 1796/9/1260 1795/10/1260 5652/5539/1260
f 5562/5540/1261 1867/1130/1261 1868/1131/1261 1864/1192/1261 5655/5541/1261 5659/5542/1261 5656/5543/1261 1865/1830/1261 1866/1831/1261 5567/5544/1261 5568/5545/1261 5564/5546/1261
f 5566/5547/1262 5567/5548/1262 1866/108/1262 1795/5549/1262 5565/5550/1262
f 1869/1192/1263 1870/1830/1263 1871/1831/1263 1872/1129/1263 5669/5551/1263 5668/5552/1263 5667/5553/1263 5664/5554/1263
f 5670/5555/1264 5669/5556/1264 1872/30/1264 1803/5557/1264 1811/1968/1264
f 5666/5558/1265 1877/1103/1265 1811/1104/1265 1813/50/1265 1878/51/1265 5667/5559/1265 5668/5560/1265 5669/5561/1265 5670/5562/1265 5672/5563/1265 5671/5564/1265 5665/5565/1265
f 1876/1192/1266 1878/1830/1266 1813/1831/1266 1819/1129/1266 5689/5566/1266 5688/5567/1266 5687/5568/1266 5677/5569/1266
f 5690/5570/1267 5689/5571/1267 1819/30/1267 1812/320/1267 1879/5467/1267
f 1880/296/1268 5694/5572/1268 5704/5573/1268 5703/5574/1268 5702/5575/1268 1883/295/1268
f 1881/5576/1269 1879/5577/1269 5569/5578/1269 5578/5579/1269 1884/50/1269 1883/51/1269 5702/5580/1269 5705/5581/1269 5676/5582/1269 5677/5583/1269 5687/5584/1269 5688/5585/1269 5689/5586/1269 5690/5587/1269 5692/5588/1269 5691/5589/1269 5681/5590/1269 5682/5591/1269 5701/5592/1269
f 5696/5593/1270 1880/1203/1270 1883/5537/1270 1884/2405/1270 1885/1212/1270 1886/1213/1270 1887/1202/1270 5695/5594/1270 5706/5595/1270
f 1888/1192/1271 1889/1830/1271 1824/1831/1271 1831/1129/1271 1890/1130/1271 1891/1131/1271
f 2995/5596/1272 2991/5597/1272 2992/5598/1272 2998/5599/1272
f 1903/1192/1273 1901/1830/1273 1899/1831/1273 1905/1129/1273 1906/1130/1273 1908/1131/1273
f 5640/5600/1274 5638/5601/1274 5648/5602/1274 5639/5603/1274
f 5753/5604/1275 5749/5605/1275 1933/8/1275 5680/5606/1275 5679/5607/1275 5755/5608/1275 5754/5609/1275
f 5772/5610/1276 5757/5611/1276 5756/5612/1276 5759/5613/1276 1942/50/1276 1941/51/1276 5769/5614/1276
f 1940/5615/1277 1945/5616/1277 5699/5617/1277 5700/5618/1277 5693/5619/1277 5697/5620/1277 5696/5621/1277 5706/5622/1277 1943/107/1277 1942/108/1277 5759/5623/1277 5760/5624/1277 5761/5625/1277
f 5699/5626/1278 1945/5627/1278 1946/5628/1278 1944/29/1278 1943/30/1278 5706/5629/1278 5695/5630/1278
f 5767/5631/1279 5775/5632/1279 5768/5633/1279 1947/8/1279 1944/9/1279 1946/5634/1279 5777/5635/1279 5776/5636/1279 5774/5637/1279 5773/5638/1279 1938/5639/1279
f 5779/5640/1280 3120/5641/1280 3119/5642/1280 1948/5643/1280 5784/5644/1280 5783/5645/1280 1949/231/1280 1954/232/1280 3123/5646/1280 3116/5647/1280 3117/5648/1280 5780/5649/1280 5781/5650/1280 5782/5651/1280 5778/5652/1280
f 1950/295/1281 1949/296/1281 5783/5653/1281 5787/5654/1281 5788/5655/1281 5786/5656/1281
f 5708/997/1282 1953/998/1282 1954/999/1282 1949/5657/1282 1950/995/1282 1951/996/1282 5709/5658/1282
f 3123/5659/1283 1954/8/1283 1953/9/1283 3126/5660/1283 3125/5661/1283 3127/5662/1283 3122/5663/1283
f 1970/179/1284 1971/165/1284 1910/166/1284 1972/384/1284 1968/193/1284 1969/194/1284
f 1909/4803/1285 1910/29/1285 5734/5664/1285 1902/5665/1285
f 1909/1104/1286 1910/50/1286 1972/51/1286 1967/1103/1286
f 1972/352/1287 1910/353/1287 1977/354/1287 1914/355/1287 1981/437/1287 1974/438/1287
f 1913/1104/1288 1914/50/1288 1981/51/1288 1973/1103/1288
f 1984/193/1289 1981/194/1289 1914/179/1289 1985/165/1289 1986/166/1289 1987/384/1289
f 1914/108/1290 1913/312/1290 5741/5666/1290 5740/5667/1290
f 1983/7/1291 1987/8/1291 1986/9/1291 1920/10/1291
f 5815/5668/1292 1988/1192/1292 1989/1830/1292 1990/1831/1292 1991/1129/1292 1992/1130/1292 5818/5669/1292 5819/5670/1292
f 1993/5671/1293 1991/107/1293 1990/108/1293 1920/5672/1293
f 2000/50/1294 1999/51/1294 1997/1103/1294 1929/1104/1294 5821/5673/1294 5822/5674/1294 5820/5675/1294 5817/5676/1294 5815/5677/1294 5819/5678/1294
f 5750/5679/1295 1935/5483/1295 2001/107/1295 2000/108/1295 5819/5680/1295 5818/5681/1295 5821/5682/1295 1929/5683/1295 5746/5684/1295 5748/5685/1295
f 1948/5686/1296 5778/5687/1296 5782/5688/1296 2020/51/1296 2012/5689/1296 5840/5690/1296 5839/5691/1296 5838/5692/1296 5841/5693/1296
f 2029/50/1297 2028/51/1297 5845/5694/1297 5853/5695/1297 5852/5696/1297 5851/5697/1297
f 5847/5698/1298 2028/2093/1298 2029/1351/1298 2030/1352/1298 2031/1353/1298 2034/1354/1298 2026/746/1298 5849/5699/1298 5854/5700/1298
f 5794/5701/1299 5806/5702/1299 5802/5703/1299 5804/5704/1299 5855/5705/1299 5805/5706/1299 5803/5707/1299 2030/107/1299 2029/108/1299 5851/5708/1299 5795/5709/1299
f 5792/5710/1300 1961/5711/1300 1959/5712/1300 2031/29/1300 2030/30/1300 5803/5713/1300 5791/5714/1300
f 1959/5715/1301 2031/50/1301 2034/51/1301 2025/5716/1301
f 2037/186/1302 2034/32/1302 2031/16/1302 2040/17/1302 2041/33/1302 2042/34/1302
f 1966/5717/1303 2041/29/1303 2040/30/1303 1960/5718/1303
f 5863/5719/1304 5862/5720/1304 2042/8/1304 2041/9/1304 1966/5721/1304 2036/5722/1304
f 2070/1831/1305 2008/1129/1305 2006/1130/1305 2073/1131/1305 2068/1192/1305 2069/1830/1305
f 5825/5723/1306 2008/107/1306 2070/108/1306 5824/5724/1306
f 2067/7/1307 2073/8/1307 2006/9/1307 2004/10/1307
f 5836/5725/1308 2012/4850/1308 2087/107/1308 2086/108/1308 2011/312/1308 5837/5726/1308
f 2017/5727/1309 2088/29/1309 2087/30/1309 2012/221/1309
f 2017/1104/1310 2088/50/1310 2090/51/1310 2082/1103/1310
f 3205/5728/1311 3211/5729/1311 2094/107/1311 2088/108/1311 2017/312/1311 5842/5730/1311 5843/5731/1311 3203/5732/1311
f 2094/30/1312 3211/5733/1312 3212/5734/1312
f 3211/5733/1313 2018/3931/1313 3202/5735/1313 3201/5736/1313 3212/5734/1313
f 5897/5737/1314 2026/16/1314 2034/17/1314 2037/33/1314 2100/34/1314 2096/186/1314 5893/5738/1314 5899/5739/1314
f 2100/8/1315 2037/9/1315 2035/5721/1315 5903/5740/1315 5902/5741/1315 5901/5742/1315 5900/5743/1315 2095/5722/1315
f 2111/50/1316 2110/51/1316 2105/5744/1316 5908/5745/1316 5910/5746/1316
f 2050/5747/1317 5871/5748/1317 5870/5749/1317 2051/5750/1317 2112/107/1317 2111/108/1317 5910/5751/1317 5909/5752/1317
f 2056/5753/1318 2113/29/1318 2112/30/1318 2051/5754/1318
f 2056/5755/1319 2113/50/1319 2114/51/1319 2108/5744/1319
f 2116/62/1320 2114/68/1320 2113/69/1320 2117/70/1320 2118/432/1320 2119/433/1320
f 2060/5756/1321 2118/29/1321 2117/30/1321 5875/5757/1321 5873/5758/1321
f 2126/5467/1322 2125/29/1322 2066/30/1322 2061/320/1322
f 2132/295/1323 2129/296/1323 5920/5759/1323 5923/5760/1323 5922/5761/1323
f 2130/1103/1324 2126/1104/1324 2068/50/1324 2132/51/1324 5922/5762/1324 5924/5763/1324 5925/5764/1324
f 2137/433/1325 2129/62/1325 2132/68/1325 2068/69/1325 2073/70/1325 2135/432/1325
f 2074/5467/1326 2135/29/1326 2073/30/1326 2067/320/1326
f 2142/32/1327 2075/16/1327 2085/17/1327 2083/33/1327 2147/34/1327 2139/186/1327
f 2075/108/1328 2074/312/1328 5885/5765/1328 5884/5766/1328
f 2081/5767/1329 2083/29/1329 2085/30/1329 2084/3931/1329
f 2081/1104/1330 2083/50/1330 2147/51/1330 2138/1103/1330
f 2147/194/1331 2083/179/1331 2090/165/1331 2091/166/1331 2157/384/1331 2149/193/1331
f 3381/5768/1332 2161/29/1332 3266/5769/1332 3267/5770/1332
f 3273/5771/1333 2162/5772/1333 3381/5768/1333 3267/5770/1333 3272/5773/1333
f 3379/5774/1334 2163/8/1334 2161/9/1334 3381/5775/1334 3382/5776/1334
f 5935/5777/1335 2165/231/1335 2172/232/1335 5940/5778/1335 5937/5779/1335 2164/5780/1335 5939/5781/1335 5938/5782/1335 5936/5783/1335
f 5942/5784/1336 2167/295/1336 2165/296/1336 5935/5785/1336 5946/5786/1336
f 5905/5787/1337 2101/5788/1337 2170/29/1337 2169/30/1337 2095/5789/1337 5904/5790/1337
f 5954/5791/1338 2164/5792/1338 5953/5793/1338 5940/5794/1338 2172/8/1338 2170/9/1338 2101/5795/1338 5955/5796/1338
f 5960/5797/1339 2177/295/1339 2175/296/1339 5956/5798/1339 5961/5799/1339
f 5957/5800/1340 2175/186/1340 2177/32/1340 2178/16/1340 2179/17/1340 2180/33/1340 5963/5801/1340 5964/5802/1340
f 2186/50/1341 2185/51/1341 5959/5803/1341 5957/5804/1341 5964/5805/1341
f 2184/62/1342 2185/68/1342 2186/69/1342 2187/70/1342 2188/432/1342 5966/5806/1342 5967/5807/1342 5965/5808/1342
f 2107/5809/1343 2188/29/1343 2187/30/1343 2105/5810/1343
f 2189/5811/1344 2191/231/1344 2198/232/1344 5973/5812/1344 5972/5813/1344 5968/5814/1344 5969/5815/1344
f 2194/50/1345 2193/51/1345 2183/5816/1345 5965/5817/1345 5967/5818/1345
f 2108/5819/1346 2195/107/1346 2194/108/1346 5967/5820/1346 5966/5821/1346 2107/5822/1346
f 5976/5823/1347 5977/5824/1347 2196/29/1347 2195/30/1347 2108/5825/1347 2115/5826/1347
f 2198/8/1348 2196/9/1348 5977/5827/1348 5979/5828/1348 5978/5829/1348 5973/5830/1348
f 5915/5831/1349 2201/17/1349 2202/33/1349 2203/34/1349 5980/5832/1349 5985/5833/1349 5979/5834/1349 5977/5835/1349 5976/5836/1349 5914/5837/1349 5911/5838/1349 5912/5839/1349 5913/5840/1349
f 2214/50/1350 2213/51/1350 6003/5841/1350 6007/5842/1350 2204/5843/1350 5999/5844/1350 5998/5845/1350 5997/5846/1350
f 2128/5847/1351 2140/5848/1351 2215/107/1351 2214/108/1351 5997/5849/1351 5996/5850/1351
f 2218/5851/1352 2216/29/1352 2215/30/1352 2140/5852/1352
f 2221/231/1353 2230/232/1353 6011/5853/1353 6010/5854/1353 6009/5855/1353 6008/5856/1353
f 2226/107/1354 2225/108/1354 2218/5857/1354 5931/5858/1354 5930/5859/1354 2138/5860/1354
f 6014/5861/1355 6013/5862/1355 2227/29/1355 2226/30/1355 2138/5863/1355 2148/5864/1355
f 6011/5865/1356 2230/8/1356 2227/9/1356 6013/5866/1356 6015/5867/1356 6016/5868/1356
f 6014/5869/1357 2235/16/1357 2236/17/1357 2237/33/1357 2239/34/1357 2233/186/1357 6015/5870/1357 6013/5871/1357
f 2246/2189/1358 6027/5872/1358 6032/5873/1358 6031/5874/1358 6028/5875/1358 6029/5876/1358 6030/5877/1358
f 6034/5878/1359 6035/5879/1359 6033/5880/1359 2247/295/1359 2246/296/1359 6030/5881/1359 6036/5882/1359
f 6056/5883/1360 6057/5884/1360 2253/2172/1360 2250/2173/1360 6051/5885/1360 6058/5886/1360
f 2254/50/1361 2253/51/1361 6057/5887/1361 6032/5888/1361 6027/5889/1361 6041/5890/1361 6046/5891/1361
f 6064/5892/1362 6066/5893/1362 6055/5894/1362 2257/8/1362
f 2259/2189/1363 2267/2190/1363 6072/5895/1363 6071/5896/1363 6067/5897/1363 6068/5898/1363 6070/5899/1363 6069/5900/1363
f 6060/5901/1364 6064/5902/1364 6066/5903/1364 6075/5904/1364
f 2263/50/1365 2262/51/1365 6060/5905/1365 6059/5906/1365 6063/5907/1365 6065/5908/1365
f 2183/5909/1366 2264/107/1366 2263/108/1366 6065/5910/1366 6062/5911/1366 6061/5912/1366 2182/5913/1366
f 5974/5914/1367 2189/5915/1367 2265/29/1367 2264/30/1367 2183/5916/1367 5975/5917/1367
f 6078/5918/1368 6072/5919/1368 2267/8/1368 2265/9/1368 2189/5920/1368 2258/5921/1368
f 2272/2172/1369 2270/2173/1369 6079/5922/1369 6087/5923/1369 6084/5924/1369 6085/5925/1369 6086/5926/1369
f 6088/5927/1370 2258/5928/1370 2189/5929/1370 5969/5930/1370 2272/51/1370 6086/5931/1370
f 5984/5932/1371 2274/107/1371 2273/108/1371 2189/5933/1371 5970/5934/1371 5971/5935/1371 2190/5936/1371 5983/5937/1371
f 2275/29/1372 5978/5938/1372 5979/5939/1372 5985/5940/1372 5980/5941/1372 5981/5942/1372 6090/5943/1372
f 6092/5944/1373 6083/5945/1373 2277/8/1373 2275/9/1373 6090/5946/1373 6093/5947/1373 6094/5948/1373 2199/5949/1373 2269/5950/1373
f 6095/5951/1374 6096/5952/1374 6098/5953/1374 2279/231/1374 6099/5954/1374 6101/5955/1374 6100/5956/1374 6097/5957/1374
f 6108/5958/1375 2284/231/1375 2289/232/1375 6113/5959/1375 6112/5960/1375 6110/5961/1375 6111/5962/1375 6109/5963/1375
f 2284/296/1376 6108/5964/1376 6116/5965/1376 6115/5966/1376 6114/5967/1376 2286/295/1376
f 2292/5843/1377 6005/5968/1377 2210/50/1377 2294/51/1377 6123/5969/1377 6129/5970/1377
f 2294/32/1378 2210/16/1378 2224/17/1378 2221/33/1378 2299/34/1378 2291/186/1378
f 2299/8/1379 2221/9/1379 6008/5971/1379 6132/5972/1379 6131/5973/1379 2290/5974/1379 6133/5975/1379 6121/5976/1379
f 2302/231/1380 2306/232/1380 2301/2375/1380 6138/5977/1380 6137/5978/1380 6135/5979/1380 6134/5980/1380 6136/5981/1380
f 2308/505/1381 2314/506/1381 6143/5982/1381 6142/5983/1381 6140/5984/1381 6141/5985/1381
f 2311/295/1382 2308/296/1382 6141/5986/1382 6150/5987/1382 6149/5988/1382 6145/5989/1382 6144/5990/1382 6146/5991/1382
f 2301/5992/1383 2231/5993/1383 2233/50/1383 2311/51/1383 6146/5994/1383 6151/5995/1383
f 2311/32/1384 2233/16/1384 2239/17/1384 2241/33/1384 2314/34/1384 2308/186/1384
f 2240/5996/1385 2241/29/1385 2239/30/1385 2232/5997/1385
f 6143/5998/1386 2314/8/1386 2241/9/1386 2240/5999/1386 2307/6000/1386 6152/6001/1386
f 2317/295/1387 2316/296/1387 6153/6002/1387 6163/6003/1387 6161/6004/1387 6160/6005/1387 6162/6006/1387
f 2321/8/1388 2320/9/1388 3492/6007/1388 3491/6008/1388 6165/6009/1388 6159/6010/1388
f 6168/6011/1389 6167/6012/1389 2326/295/1389 2324/296/1389 2322/6013/1389 6170/6014/1389 6166/6015/1389 6169/6016/1389
f 6182/6017/1390 2323/6018/1390 2328/8/1390 6049/6019/1390 6053/6020/1390
f 2329/2226/1391 2331/231/1391 6183/6021/1391 2330/592/1391
f 6053/6022/1392 6047/6023/1392 2332/51/1392 6182/6024/1392
f 6183/6025/1393 2331/186/1393 2332/32/1393 6047/6026/1393 6048/6027/1393 6050/6028/1393 6054/6029/1393 6055/6030/1393 6066/6031/1393 6073/6032/1393 6074/6033/1393 6076/6034/1393 6069/6035/1393 6070/6036/1393
f 2330/6037/1394 2336/295/1394 2335/296/1394 2334/6038/1394
f 6070/6039/1395 6068/6040/1395 2336/51/1395 2330/6041/1395 6183/6042/1395
f 6200/6043/1396 6201/6044/1396 2347/231/1396 6202/6045/1396 6203/6046/1396 6206/6047/1396 6204/6048/1396 6205/6049/1396 6199/6050/1396
f 6207/6051/1397 6195/6052/1397 2345/295/1397 2347/296/1397 6201/6053/1397 6208/6054/1397
f 2341/6041/1398 2278/6055/1398 6095/6056/1398 2345/51/1398 6195/6057/1398 6209/6058/1398
f 6213/6059/1399 6212/6060/1399 2354/231/1399 6214/6061/1399 6216/6062/1399 6215/6063/1399
f 2363/231/1400 2367/232/1400 6233/6064/1400 6231/6065/1400 6230/6066/1400 6232/6067/1400 6229/6068/1400 6228/6069/1400
f 6216/6070/1401 6234/6071/1401 6224/6072/1401 6214/6073/1401
f 6128/6074/1402 6125/6075/1402 2365/51/1402 6224/6076/1402
f 6225/6077/1403 6227/6078/1403 6127/6079/1403 6128/6074/1403 6224/6076/1403 6234/6080/1403 6237/6081/1403 6226/6082/1403
f 6240/6083/1404 2362/2103/1404 6239/6084/1404 6233/6085/1404 2367/8/1404 2302/9/1404 6136/6086/1404 6241/6087/1404
f 6241/6088/1405 6238/6089/1405 6136/6090/1405
f 6246/6091/1406 2370/8/1406 6149/6092/1406 6150/6093/1406 6256/6094/1406 6258/6095/1406
f 2373/231/1407 2380/232/1407 6265/6096/1407 6264/6097/1407 6262/6098/1407 6263/6099/1407
f 6267/6100/1408 6258/6101/1408 6256/6102/1408 2373/296/1408 6263/6103/1408 6268/6104/1408 6261/6105/1408 2371/2821/1408 6269/6106/1408 6270/6107/1408
f 6160/6108/1409 6162/6109/1409 6164/6110/1409 2377/33/1409 6154/6111/1409 6153/6112/1409 6163/6113/1409 6161/6114/1409
f 3480/6115/1410 3479/6116/1410 2386/33/1410 2387/34/1410 2382/186/1410 6278/6117/1410 6276/6118/1410 6279/6119/1410 6158/6120/1410 6156/6121/1410 6155/6122/1410 6159/6123/1410 6165/6124/1410 3490/6125/1410 3488/6126/1410 3487/6127/1410 3481/6128/1410
f 3528/6129/1411 2386/29/1411 3479/6130/1411 3484/6131/1411
f 2388/6132/1412 2390/505/1412 6298/6133/1412 6299/6134/1412 2389/6135/1412
f 2392/51/1413 2391/6136/1413 2334/6137/1413 6184/6138/1413
f 2389/6139/1414 2400/295/1414 2397/296/1414 2395/3183/1414
f 6300/6140/1415 6194/6141/1415 6192/6142/1415 2400/51/1415 2389/1706/1415 6299/6143/1415 6298/6144/1415
f 2396/6145/1416 2404/295/1416 2407/296/1416 2405/3183/1416
f 2401/16/1417 2409/17/1417 6223/6146/1417 6206/6147/1417 6204/6148/1417 6205/6149/1417 6199/6150/1417 6200/6151/1417
f 2406/6152/1418 2414/295/1418 2413/296/1418 2411/6153/1418
f 2353/6154/1419 6220/6155/1419 2414/51/1419 2406/6156/1419 6301/6157/1419 6302/6158/1419
f 2415/16/1420 6237/6159/1420 6234/6160/1420 6216/6161/1420 6215/6162/1420 6213/6163/1420 6212/6164/1420 6220/6165/1420
f 2412/6166/1421 2416/2172/1421 2419/2173/1421 2417/6167/1421
f 6251/6168/1422 2421/9/1422 6303/6169/1422 6252/6170/1422
f 2418/6171/1423 2428/295/1423 2426/296/1423 2424/6172/1423
f 2371/6173/1424 6261/6174/1424 6268/6175/1424 2435/51/1424 2425/6176/1424 6306/6177/1424 6305/6178/1424 6307/6179/1424 6308/6180/1424
f 3543/6181/1425 2439/2188/1425 2441/2189/1425 2447/2190/1425 3542/6182/1425
f 3542/6182/1426 2440/2191/1426 3543/6181/1426
f 757/6183/1427 6311/6184/1427 2441/2173/1427 2439/6185/1427 2433/6186/1427
f 6287/6187/1428 6284/6188/1428 6283/6189/1428 2444/17/1428 2445/33/1428 2447/34/1428 2441/186/1428 6311/6190/1428 6309/6191/1428 6288/6192/1428
f 3527/6193/1429 2444/107/1429 6283/6194/1429 6285/6195/1429 2437/6196/1429 3519/6197/1429 3517/6198/1429
f 1773/30/1629 5037/7144/1629 5030/7145/1629 5032/7146/1629 5016/7147/1629 5019/7148/1629 5020/7149/1629 5523/7150/1629 5521/7151/1629 1774/29/1629
f 1775/8/1630 1774/9/1630 5521/7152/1630 5527/7153/1630 5528/7154/1630 5525/7155/1630 5526/7156/1630 5518/7157/1630
f 5523/7158/1631 5017/7159/1631 5018/7160/1631 5014/7161/1631 5013/7162/1631 5537/7163/1631 5536/7164/1631 5538/7165/1631 5535/7166/1631 5534/7167/1631 5530/7168/1631 1777/186/1631 5526/7169/1631 5525/7170/1631 5528/7171/1631 5521/7172/1631 5522/7173/1631
f 1589/7174/1632 5013/7162/1632 5014/7161/1632 5018/7160/1632 5017/7159/1632 1594/7175/1632
f 5524/7176/1633 5021/7177/1633 1778/5448/1633 1579/7178/1633 1597/7179/1633 1594/7180/1633 5017/7181/1633 5020/7182/1633
f 1779/7183/1634 5003/7184/1634 5002/7185/1634 5005/7186/1634 5004/7187/1634 1785/107/1634 1784/108/1634 5538/7188/1634 5537/7189/1634
f 5000/7190/1635 5001/7191/1635 1787/7192/1635 1786/29/1635 1785/30/1635 5004/7193/1635 4999/7194/1635
f 5551/7195/1636 1794/34/1636 1789/186/1636 1790/32/1636 1791/16/1636 4996/7196/1636 4995/7197/1636 4990/7198/1636 4984/7199/1636 4985/7200/1636 5554/33/1636 1219/33/1636 5555/33/1636 5553/7201/1636 1223/7202/1636 5552/7203/1636
f 4996/7196/1637 1792/17/1637 4985/7200/1637 4984/7199/1637 4989/7204/1637 4990/7198/1637
f 1797/16/1638 4975/7205/1638 4974/7206/1638 4966/7207/1638 4962/7208/1638 4964/7209/1638 1799/33/1638 1801/34/1638 1796/186/1638 5549/1468/1638 5550/1468/1638 5551/7210/1638 1223/7211/1638
f 4972/5450/1639 4970/5451/1639 4964/7209/1639 4962/7208/1639 4966/7207/1639 4974/7206/1639
f 4945/7212/1640 4944/7213/1640 1799/29/1640 4964/7214/1640 4963/7215/1640 1624/7216/1640
f 5559/7217/1641 5558/7218/1641 5557/7219/1641 5565/7220/1641
f 4940/7221/1642 4941/7222/1642 1808/550/1642 1810/551/1642 1804/1787/1642 1805/3590/1642 1806/548/1642 4947/7223/1642 4948/7224/1642 4939/7225/1642
f 4939/7225/1643 4952/7226/1643 4947/7223/1643 1807/549/1643 4941/7222/1643 4940/7221/1643
f 4930/7227/1644 1816/107/1644 1815/108/1644 1809/7228/1644 4926/7229/1644 4923/7230/1644 4922/7231/1644 4931/7232/1644
f 5573/7233/1645 5570/7234/1645 5572/7235/1645 5577/7236/1645 5578/7237/1645 5569/7238/1645 1820/1830/1645 1821/1831/1645 4903/5479/1645 4897/5478/1645 4896/5477/1645 1205/7239/1645 1209/7240/1645 1204/7241/1645 5571/7242/1645 5574/7243/1645 5575/7244/1645 5576/7245/1645
f 4899/5475/1646 4876/7246/1646 4877/7247/1646 4881/7248/1646 4882/7249/1646 1826/1092/1646 1197/7250/1646 1205/7251/1646 4896/7252/1646 4898/7253/1646
f 1183/7254/1647 1185/7255/1647 1188/7256/1647 1189/7257/1647 1174/7258/1647 1825/7259/1647 1176/7260/1647 1170/7261/1647 1175/7262/1647
f 1209/7263/1648 1205/7264/1648 1197/7265/1648 1195/7266/1648 1193/7267/1648 1194/7268/1648 1192/7269/1648 5579/7270/1648 1176/7271/1648 1825/5576/1648 1826/5577/1648 4883/7272/1648 4880/7273/1648 4879/7274/1648 1828/50/1648 1827/51/1648 5574/7275/1648 5571/7276/1648 1204/7277/1648
f 1829/107/1649 1828/108/1649 4879/7278/1649 4878/7279/1649 4891/7280/1649 4890/7281/1649 4888/7282/1649
f 1830/29/1650 1829/30/1650 4888/7283/1650 4889/7284/1650 4874/7285/1650 4875/7286/1650 2779/7287/1650 2776/7288/1650 2786/7289/1650
f 5589/7290/1651 5586/7291/1651 5585/7292/1651 5584/5494/1651 5587/5492/1651 5591/5491/1651 5590/7293/1651 5588/7294/1651
f 5605/7295/1652 5596/7296/1652 1834/5514/1652 1835/7297/1652 1837/50/1652 1836/51/1652 5592/7298/1652 5604/7299/1652 5606/7300/1652 5602/7301/1652 5598/7302/1652 5599/7303/1652 5603/7304/1652 5601/7305/1652
f 5598/7302/1653 5602/7301/1653 5600/7306/1653
f 1846/295/1654 1843/296/1654 5613/7307/1654 5620/7308/1654 5621/7309/1654 5622/7310/1654 5623/7311/1654 5616/7312/1654
f 5532/7313/1655 5533/7314/1655 1848/107/1655 1847/108/1655 1845/7315/1655 5520/7316/1655 5517/7317/1655 5519/7318/1655
f 5533/7319/1656 5531/7320/1656 5529/7321/1656 5625/7322/1656 1849/29/1656 1848/30/1656
f 1158/7323/1657 5630/7323/1657 5629/7324/1657 5614/7325/1657 1850/8/1657 1849/9/1657 5625/7326/1657 5627/7327/1657 5628/7328/1657 5626/7323/1657 1164/7329/1657 1159/7330/1657
f 5626/7331/1658 5628/7332/1658 5627/7333/1658 5625/7334/1658 5529/7335/1658 1777/50/1658 1852/51/1658 1159/7331/1658 1164/7336/1658
f 1777/108/1659 1776/5529/1659 5530/7337/1659
f 5637/7338/1660 5634/7339/1660 5635/7340/1660 5636/7341/1660
f 1789/108/1661 5556/7342/1661 5548/7343/1661
f 1795/7344/1662 1796/29/1662 1217/7345/1662 5556/7346/1662
f 1864/231/1663 1868/232/1663 1926/7347/1663 1863/7348/1663 5653/7349/1663 1138/7350/1663
f 5660/7351/1664 5661/7352/1664 5663/7353/1664 5662/7354/1664
f 1129/7355/1665 1119/7356/1665 5665/7357/1665 1874/8/1665 1873/9/1665 5670/7358/1665 5672/7359/1665 1126/7360/1665
f 5685/7361/1666 5673/7362/1666 1875/1810/1666 1877/1809/1666 5666/7363/1666 5664/7364/1666 5667/7365/1666 1878/295/1666 1876/296/1666 5675/7366/1666 5684/7367/1666 5686/7364/1666 5683/7368/1666
f 1812/7369/1667 1819/107/1667 1813/108/1667 1811/7228/1667
f 5570/7370/1668 5573/7371/1668 1885/107/1668 1884/108/1668 5578/7372/1668 5577/7373/1668
f 1831/107/1669 1824/108/1669 2784/7374/1669
f 3001/7375/1670 3003/7376/1670 1890/29/1670 1831/30/1670 2784/7377/1670 2783/7378/1670 2780/7379/1670 2770/7380/1670 2769/7381/1670 2771/7382/1670 3004/7383/1670
f 2729/7384/1671 2780/7379/1671 2783/7378/1671 2782/7385/1671 2784/7377/1671 1823/7386/1671 2792/7387/1671 2791/7388/1671 2790/7389/1671 2793/7390/1671 2769/7381/1671 2770/7380/1671
f 3003/7391/1672 3002/7392/1672 2995/5596/1672 2998/5599/1672 1891/8/1672 1890/9/1672
f 5722/7393/1673 5584/7394/1673 5587/7395/1673 5591/7396/1673 5610/7397/1673 5624/7398/1673 5616/7399/1673 5623/7400/1673 5622/7401/1673 5621/7402/1673 1894/34/1673 1956/34/1673 5720/7403/1673 5727/7024/1673 5723/186/1673 1893/32/1673 5719/7404/1673 5721/7405/1673
f 1894/51/1674 1896/1103/1674 5729/1104/1674 5619/7406/1674 5621/7407/1674
f 5614/7408/1675 5629/7409/1675 1898/17/1675 1899/33/1675 1901/34/1675 1895/186/1675 1894/32/1675 5620/7410/1675 5613/7411/1675
f 1046/7412/1676 5618/7413/1676 5617/7414/1676 5729/7415/1676 1900/7416/1676 5630/7417/1676 5629/7418/1676
f 5631/7419/1677 5633/7420/1677 5632/7421/1677
f 5643/7422/1678 5641/7423/1678 5644/7424/1678 5642/7425/1678
f 1907/1104/1679 1906/50/1679 1908/51/1679 1902/1103/1679
f 1035/1131/1680 1034/1131/1680 1912/1131/1680 1910/1192/1680 1908/1830/1680 1906/1831/1680 1911/1129/1680 1025/1130/1680 1916/1130/1680 5737/1130/1680 5738/1130/1680 5736/7426/1680 1915/1131/1680 1041/1131/1680
f 1024/7427/1681 1026/7427/1681 1004/7427/1681 1006/7427/1681 1147/7427/1681 1862/354/1681 1917/355/1681 1919/437/1681 1914/438/1681 5733/7428/1681 1912/7428/1681 5739/7427/1681 5735/7427/1681 1012/7427/1681 1017/7427/1681
f 1860/1096/1682 5646/7429/1682 5645/7430/1682 1862/107/1682 1147/7431/1682 5650/7431/1682
f 5654/7432/1683 5658/7433/1683 1917/29/1683 1862/30/1683 1918/7434/1683 5656/7435/1683 5655/7436/1683
f 1015/7437/1684 1919/8/1684 1917/9/1684 5658/7438/1684 5745/7439/1684 995/7440/1684 998/7441/1684 997/7442/1684 990/7443/1684 5744/7444/1684
f 1930/438/1685 1931/352/1685 1932/353/1685 5686/7445/1685 1110/7446/1685 1112/7447/1685 5684/7448/1685 5675/7449/1685 5674/7450/1685 5752/7449/1685 5751/7451/1685 5747/7452/1685
f 1877/5550/1686 5683/7453/1686 5686/7454/1686 1932/108/1686 1128/7455/1686 1121/7456/1686 1130/7457/1686
f 1128/7455/1687 1131/7458/1687 1130/7457/1687 1121/7456/1687
f 1937/50/1688 1936/51/1688 1935/1103/1688 1875/1104/1688 5755/7459/1688 5749/7460/1688 5747/7461/1688 5751/7462/1688 5752/7463/1688
f 5756/7464/1689 1934/1192/1689 1936/1830/1689 1937/1831/1689 5705/7465/1689 5702/7466/1689 5704/7467/1689 5694/7468/1689 5698/7469/1689 5760/7470/1689 5759/7471/1689
f 5678/7472/1690 5682/7473/1690 5676/7474/1690
f 5763/7475/1691 5762/7476/1691 1939/231/1691 1947/232/1691 5768/7477/1691 5764/7478/1691 929/7479/1691 5766/7480/1691
f 1941/295/1692 1939/296/1692 5762/7481/1692 5771/7482/1692 5769/7483/1692
f 5696/5621/1693 5697/5620/1693 5700/5618/1693 5699/5617/1693 5706/5622/1693
f 2989/7484/1694 3000/7485/1694 1952/107/1694 5709/7486/1694 5707/7487/1694 5710/7488/1694 2990/7489/1694
f 1953/29/1695 5708/7490/1695 2999/7491/1695 2993/7492/1695 2987/7493/1695 2988/7494/1695 3124/7495/1695 3126/7496/1695
f 2987/7493/1696 2997/7497/1696 2996/7498/1696 2999/7491/1696 5711/7499/1696 2988/7494/1696
f 908/7500/1697 911/7501/1697 912/7502/1697 5797/7503/1697 5800/7504/1697 1955/16/1697 5713/16/1697 1892/16/1697 1102/7505/1697 1104/7505/1697 1098/7505/1697 1100/7505/1697 1103/7506/1697 5720/7505/1697 1956/17/1697 1957/33/1697 1958/34/1697 5791/7507/1697 5803/7508/1697 5805/7509/1697 5801/7510/1697 5804/7511/1697 5802/7512/1697 5806/7513/1697 910/7514/1697
f 5730/7515/1698 1896/7516/1698 5732/7517/1698 5731/7518/1698
f 1962/32/1699 1895/16/1699 1963/17/1699 1903/33/1699 1965/34/1699 5807/7519/1699 5811/7520/1699 5810/7521/1699 5809/7522/1699
f 5742/7523/1700 1979/7524/1700 1913/7344/1700 1914/29/1700 5743/30/1700
f 1920/5467/1701 1986/29/1701 1985/30/1701 954/7525/1701 967/7526/1701 973/320/1701
f 5817/7527/1702 1994/8/1702 5818/7528/1702 5821/7529/1702 5820/7530/1702
f 2010/609/1703 2006/610/1703 2008/611/1703 1934/494/1703 5772/7531/1703 5769/7532/1703 5771/7533/1703 5762/7534/1703 5763/7535/1703
f 1934/108/1704 5758/7536/1704 5757/7537/1704
f 5770/7538/1705 2009/10/1705 2005/7/1705 2010/8/1705 5763/7539/1705 5766/7540/1705 5834/7541/1705 5833/7542/1705 5831/7543/1705 5832/7544/1705 5835/7545/1705 930/7546/1705
f 5834/7547/1706 5766/7548/1706 5765/7549/1706 5764/7550/1706 5768/7551/1706 5775/7552/1706 5789/7553/1706 5786/7554/1706 5788/7555/1706 5783/7556/1706 5784/7557/1706 2016/34/1706 2013/186/1706 5833/7558/1706
f 5780/7559/1707 3117/7560/1707 3121/7561/1707 3113/7562/1707 2446/7562/1707 2442/7562/1707 3209/7563/1707 3204/7564/1707 3206/7565/1707 2019/186/1707 2020/32/1707 5782/7566/1707 5781/7567/1707
f 3214/7568/1708 3213/7569/1708 2023/33/1708 2024/34/1708 3206/7565/1708 3204/7564/1708 3210/7570/1708 2442/7562/1708 897/7562/1708 3113/7562/1708 3114/7571/1708 3215/7572/1708
f 3114/7571/1709 3113/7562/1709 3121/7561/1709 3118/7573/1709 3117/7560/1709 5785/7574/1709 5790/7575/1709 2022/17/1709 3111/7576/1709
f 3120/7577/1710 3115/7578/1710 2021/108/1710 5778/7579/1710 918/7580/1710 923/7581/1710 917/7582/1710
f 2035/7583/1711 2037/231/1711 2042/232/1711 5862/7584/1711 5858/7585/1711 5856/7586/1711 5859/7587/1711 5861/7588/1711 5860/7589/1711 2036/7590/1711
f 5857/7591/1712 5858/7585/1712 5862/7584/1712
f 5808/7592/1713 1960/7593/1713 2040/107/1713 2031/108/1713 1959/7594/1713 5809/7595/1713 5810/7596/1713 5811/7597/1713 5807/7598/1713
f 880/384/1714 879/384/1714 2044/193/1714 2045/194/1714 1968/179/1714 2053/166/1714 5864/166/1714 890/166/1714 884/7599/1714 885/384/1714
f 2053/166/1715 1968/179/1715 1972/165/1715 1974/166/1715
f 1967/5448/1716 1972/107/1716 1968/108/1716 1966/312/1716
f 1972/30/1717 5813/220/1717 5812/29/1717
f 5869/7600/1718 5865/7601/1718 5868/7602/1718 5867/7603/1718
f 1981/165/1719 1984/166/1719 2055/384/1719 2052/193/1719 2049/1033/1719 5866/179/1719 1974/179/1719
f 5813/1096/1720 1973/3940/1720 1981/107/1720 5812/7431/1720
f 872/7604/1721 2057/186/1721 2055/32/1721 1984/16/1721 2064/33/1721 5877/33/1721 2063/7604/1721 5876/7604/1721
f 1984/16/1722 1987/17/1722 2058/33/1722 868/33/1722 860/33/1722 866/33/1722 869/33/1722
f 1983/5483/1723 1987/107/1723 1984/108/1723 1982/5683/1723
f 5883/7605/1724 5879/7606/1724 5882/7607/1724 5881/7608/1724
f 5872/7609/1725 2059/7609/1725 5880/7610/1725 2058/7610/1725 5878/7610/1725 1999/1129/1725 1996/1130/1725 2066/1131/1725 2062/1192/1725
f 1997/5448/1726 1999/107/1726 5878/7611/1726 5816/312/1726 896/7612/1726 902/7613/1726 903/7614/1726
f 5824/5724/1727 5823/7615/1727 5826/7616/1727 5825/5723/1727
f 5828/7617/1728 5827/7618/1728 5830/7619/1728 5829/7620/1728
f 2091/438/1729 2090/352/1729 2088/353/1729 2094/354/1729 3212/7621/1729 3208/7622/1729 3207/7623/1729 3199/7624/1729 3200/7625/1729 3201/7626/1729 3281/7627/1729 2420/7628/1729 3282/7629/1729 3278/7630/1729 3279/7631/1729 3280/7632/1729 3275/7633/1729 3274/7634/1729
f 5893/7635/1730 2096/296/1730 5887/7636/1730 862/7637/1730 5894/7638/1730 5895/7639/1730 2097/7640/1730 5890/7641/1730 5892/7642/1730
f 5862/7643/1731 5863/7644/1731 2045/549/1731 2044/550/1731 2104/551/1731 2102/1787/1731 2103/3590/1731 5856/7645/1731 5857/7646/1731
f 5908/7647/1732 2106/186/1732 2104/32/1732 2044/16/1732 877/7648/1732 2052/33/1732 5909/7649/1732 5910/7650/1732
f 2049/30/1733 2043/7524/1733 2050/7344/1733 2052/29/1733
f 5910/5746/1734 5908/5745/1734 2105/5744/1734 861/7651/1734 859/7652/1734 2050/5755/1734
f 2116/231/1735 2119/232/1735 5913/7653/1735 5911/7654/1735
f 5874/7655/1736 5875/7656/1736 2117/107/1736 2113/108/1736 2056/7657/1736 870/7658/1736 875/7659/1736 878/7660/1736
f 2119/8/1737 2118/9/1737 2060/7661/1737 854/7662/1737 858/7663/1737 855/7664/1737 5915/7665/1737 5913/7666/1737
f 848/7667/1738 840/7668/1738 853/7669/1738 2120/231/1738 2127/232/1738 5917/7670/1738 847/7668/1738 846/7668/1738
f 2062/50/1739 854/7671/1739 2060/1104/1739
f 854/7672/1740 2062/16/1740 2066/17/1740 2125/33/1740 2127/34/1740 2120/186/1740 2123/32/1740 855/7673/1740 858/7674/1740
f 2067/3940/1741 2073/107/1741 2068/108/1741 2126/1096/1741
f 5929/7675/1742 5928/7676/1742 5927/7677/1742 5926/7678/1742
f 3268/7679/1743 3266/7680/1743 2161/166/1743 2163/384/1743 839/7681/1743 829/7682/1743 836/7683/1743 2158/193/1743 2157/194/1743 2091/179/1743 3274/7684/1743 3276/7685/1743 3277/7686/1743 3269/7687/1743
f 3276/7685/1744 3274/7684/1744 5886/165/1744 3266/7680/1744 3268/7679/1744 3269/7687/1744 3277/7686/1744
f 5943/7688/1745 5941/7689/1745 5949/7690/1745 5947/7691/1745 5887/7692/1745 2168/50/1745 2167/51/1745 5942/7693/1745 5950/7694/1745
f 5951/7695/1746 5889/7696/1746 2095/7593/1746 2169/107/1746 2168/108/1746 5887/7697/1746 5952/7698/1746
f 5963/7699/1747 5906/7700/1747 5907/7701/1747 2105/7702/1747 2187/107/1747 2186/108/1747 5964/7703/1747
f 5980/7704/1748 2203/506/1748 5982/7705/1748 5981/7706/1748
f 818/7707/1749 5988/7708/1749 5990/7709/1749 5989/7710/1749 5982/7711/1749 2203/8/1749 2202/9/1749 827/7707/1749 821/7707/1749
f 5990/7712/1750 2205/296/1750 5992/7713/1750 5994/7714/1750 5993/7715/1750 5989/7716/1750
f 5987/7717/1751 2207/16/1751 5919/7718/1751 5917/7719/1751 847/7720/1751 820/7721/1751 5918/7722/1751
f 5986/7723/1752 846/7723/1752 848/7724/1752 2209/34/1752 2205/186/1752 5990/7725/1752 5988/7726/1752
f 813/7723/1753 841/7723/1753 5916/7727/1753 5917/7719/1753 5919/7718/1753 5924/7728/1753 5922/7719/1753 5923/7729/1753 5920/7730/1753 5921/7731/1753 5996/7732/1753 5997/7733/1753 5998/7734/1753 2209/34/1753 814/7723/1753 822/7723/1753 823/7723/1753
f 6012/7735/1754 2220/7736/1754 2222/7737/1754 2221/296/1754 6008/7738/1754
f 6016/7739/1755 6015/7740/1755 2233/296/1755 2231/7741/1755 6019/7742/1755 6020/7743/1755 6018/7744/1755
f 5933/354/1756 2244/355/1756 2245/437/1756 2241/438/1756 2242/352/1756 2243/353/1756 5932/7745/1756 828/7746/1756 839/7747/1756
f 5933/7748/1757 3380/7749/1757 3378/7750/1757 3376/7751/1757 3368/7752/1757 3367/7753/1757 3433/7754/1757 2244/29/1757
f 3431/7755/1758 3367/7753/1758 3368/7752/1758 3377/7756/1758 3375/7757/1758 3374/7758/1758 3376/7751/1758 3378/7750/1758 3380/7749/1758 5934/7759/1758 3372/7760/1758
f 2245/8/1759 2244/9/1759 3433/7761/1759 3432/7762/1759 3427/7763/1759 3425/7764/1759 6026/7765/1759 6025/7766/1759
f 6037/7767/1760 2248/16/1760 5937/7768/1760 5940/7769/1760 5953/7770/1760 5962/7771/1760 5960/7772/1760 5961/7773/1760 5956/7774/1760 5958/7775/1760 6042/7776/1760 6043/7777/1760 6046/7778/1760 6041/7779/1760 6027/7780/1760 2246/186/1760 2247/32/1760 6039/7781/1760 6045/7782/1760 6044/7783/1760
f 2250/231/1761 2257/232/1761 6055/7784/1761 6054/7785/1761 6048/7786/1761 6047/7787/1761 6053/7788/1761 6049/7789/1761 6051/7790/1761
f 2257/34/1762 2250/186/1762 2253/32/1762 2254/16/1762 2185/7648/1762 2184/33/1762 6061/7791/1762 6062/7792/1762 6065/7793/1762 6063/7794/1762 6059/7795/1762 6060/7796/1762 6064/7797/1762
f 6042/7798/1763 2173/7799/1763 2174/7702/1763 2185/107/1763 2254/108/1763 6046/7800/1763 6043/7801/1763
f 2262/295/1764 2259/296/1764 6069/7802/1764 6076/7803/1764 810/7804/1764 6073/7805/1764 6066/5903/1764 6064/5902/1764 6060/5901/1764
f 2270/231/1765 2277/232/1765 6083/7806/1765 6082/7807/1765 6081/7808/1765 6080/7809/1765 6079/7810/1765
f 5973/7811/1766 5978/7812/1766 2275/33/1766 2277/34/1766 2270/186/1766 2272/32/1766 5969/7813/1766 5968/7814/1766
f 6091/7815/1767 5981/5942/1767 5980/5941/1767 5979/5939/1767 2190/7816/1767 2199/7817/1767 6089/7818/1767
f 2282/295/1768 2279/296/1768 6098/7819/1768 6104/7820/1768 6103/7821/1768
f 6090/7822/1769 5981/7823/1769 5982/7824/1769 5989/7825/1769 5995/7826/1769 5992/7827/1769 5991/7828/1769 6107/7829/1769 6106/7830/1769 6099/7831/1769 2279/186/1769 2282/32/1769 6094/7832/1769 6093/7833/1769
f 2287/50/1770 2286/51/1770 6114/7834/1770 6101/7835/1770 6099/7836/1770 6106/7837/1770
f 6006/7838/1771 6004/7839/1771 2289/34/1771 2284/186/1771 2286/32/1771 2287/16/1771 2288/17/1771 6007/7840/1771 6003/7841/1771
f 2291/231/1772 2299/232/1772 6121/7842/1772 6119/7843/1772 6120/7844/1772
f 6125/7845/1773 6128/7846/1773 6124/7847/1773 6126/7848/1773 6123/7849/1773 2294/295/1773 2291/296/1773 6120/7850/1773
f 6000/7851/1774 2210/108/1774 6005/7852/1774 6001/7853/1774
f 2221/29/1775 2222/7854/1775 2220/7855/1775 6130/7856/1775 6008/7857/1775
f 2303/32/1776 6131/7858/1776 6132/7859/1776 6008/7860/1776 6009/7861/1776 6010/7862/1776 6011/7863/1776 6016/7864/1776 6017/7865/1776 6020/7866/1776 6019/7867/1776 2306/34/1776 2302/186/1776 797/7868/1776 795/32/1776 794/32/1776
f 2232/7869/1777 2239/107/1777 2233/108/1777 2231/7870/1777
f 6154/7871/1778 6153/7872/1778 2316/231/1778 2321/232/1778 6159/7873/1778 6155/7874/1778 6158/7875/1778 6157/7876/1778
f 6025/7877/1779 6026/7878/1779 2319/354/1779 2320/355/1779 2321/437/1779 2316/438/1779 2317/352/1779 6021/7879/1779 6022/7880/1779
f 6021/7879/1780 2318/353/1780 6026/7878/1780 6025/7877/1780 6022/7880/1780
f 6023/7881/1781 6022/7880/1781 6025/7877/1781
f 2320/29/1782 2319/30/1782 3424/7882/1782 3426/7883/1782 3430/7884/1782 3489/7885/1782 3492/7886/1782
f 2322/7887/1783 2324/231/1783 2328/232/1783 2323/6221/1783
f 2325/6223/1784 6167/6012/1784 6168/6011/1784 6169/6016/1784 6170/6014/1784
f 779/7888/1785 6176/7889/1785 6181/7890/1785 6179/7891/1785 6180/7892/1785 6031/7893/1785 6032/7894/1785 6057/7895/1785 6058/7896/1785 6051/7897/1785 6052/7898/1785 6049/7899/1785 2328/34/1785 2324/186/1785 2326/32/1785 6173/7900/1785 6175/7901/1785 6174/7902/1785 6178/7903/1785 6177/7904/1785
f 2332/295/1786 2331/296/1786 2329/3183/1786 2323/7905/1786 6182/7906/1786
f 6055/6030/1787 6054/6029/1787 6048/6027/1787 6047/6026/1787 2333/16/1787 6077/7907/1787 6075/7908/1787 6066/6031/1787
f 2334/7909/1788 2335/231/1788 2339/232/1788 6189/7910/1788 6185/7911/1788 6186/7912/1788 6184/7913/1788
f 6079/7914/1789 6080/7915/1789 2339/999/1789 2335/5657/1789 2336/995/1789 6068/7916/1789 6067/7917/1789 6072/7918/1789 6078/7919/1789 6088/7920/1789 6086/7921/1789 6084/7922/1789 6087/7923/1789
f 6191/7924/1790 2342/231/1790 2345/232/1790 6195/7925/1790 6193/7926/1790 6192/7927/1790 6194/7928/1790
f 2339/295/1791 2342/296/1791 6191/7929/1791 6197/7930/1791 6189/7931/1791
f 6080/7932/1792 2339/51/1792 2268/6055/1792
f 6198/7933/1793 6188/7934/1793 2268/6055/1793 2339/51/1793 6189/7935/1793
f 6096/7936/1794 6095/7937/1794 2345/34/1794 2342/186/1794 2339/32/1794 6080/7938/1794 6081/7939/1794 6082/7940/1794 6083/7941/1794 6092/7942/1794 6105/7943/1794 6103/7944/1794 6102/7945/1794 6104/7946/1794 6098/7947/1794
f 6211/7948/1795 6210/7949/1795 6202/7950/1795 2347/186/1795 2345/32/1795 6095/7951/1795 6097/7952/1795 6100/7953/1795 6101/7954/1795 6114/7955/1795 6116/7956/1795 6108/7957/1795 6109/7958/1795
f 2357/295/1796 2354/296/1796 6212/7959/1796 6220/7960/1796 2353/2821/1796 6221/7961/1796 6222/7962/1796 6217/7963/1796 6219/7964/1796
f 6202/7965/1797 6210/7966/1797 6211/7967/1797 6109/7968/1797 6111/7969/1797 2357/51/1797 6219/7970/1797 6206/7971/1797 6203/7972/1797
f 6113/7973/1798 6117/7974/1798 2359/17/1798 6129/7975/1798 6123/7976/1798 6122/7977/1798 6124/7978/1798 6128/7979/1798 6224/7980/1798 6214/7981/1798 2354/186/1798 2357/32/1798 6111/7982/1798 6110/7983/1798 6112/7984/1798
f 6111/7982/1799 2358/16/1799 6117/7974/1799 6113/7973/1799 807/7985/1799 805/7985/1799 6110/7983/1799
f 6233/6064/1800 759/7986/1800 6230/6066/1800 6231/6065/1800
f 2365/295/1801 2363/296/1801 6228/7987/1801 6236/7988/1801 6216/6070/1801 6214/6073/1801 6224/6072/1801
f 6235/7989/1802 6216/6070/1802 6236/7988/1802
f 2303/83/1803 2302/271/1803 2367/268/1803 2363/269/1803 2365/79/1803 6125/7990/1803 6120/7991/1803 6118/7992/1803 6121/7993/1803 6133/7994/1803 6139/83/1803
f 2302/29/1804 2290/4874/1804 2300/4875/1804 6238/7995/1804 6136/7996/1804
f 2368/231/1805 2370/232/1805 6246/7997/1805 6245/7998/1805 6243/7999/1805 6242/8000/1805
f 6247/8001/1806 6249/8002/1806 2369/295/1806 2368/296/1806 6242/8003/1806 6252/8004/1806 6251/8005/1806 6248/8006/1806
f 803/8007/1807 6144/8008/1807 6145/8009/1807 6149/8010/1807 2370/34/1807 2368/186/1807 2369/32/1807 6241/6088/1807 6136/6090/1807 6134/8011/1807 801/8012/1807 6137/8013/1807 798/8014/1807 800/8015/1807
f 6144/8008/1808 803/8007/1808 6137/8013/1808 6138/8016/1808 6151/8017/1808 6146/8018/1808
f 6260/8019/1809 6257/8020/1809 6259/8021/1809 6258/6095/1809 6256/6094/1809 6150/6093/1809 6148/8022/1809 767/8023/1809 761/8024/1809 760/8025/1809
f 6148/8026/1810 6147/8027/1810 2374/51/1810 6266/8028/1810 6271/8029/1810 6257/8030/1810 6260/8031/1810 760/8032/1810 761/8033/1810 767/8034/1810
f 6153/6112/1811 6154/6111/1811 2380/34/1811 2373/186/1811 6256/8035/1811 6150/8036/1811 6141/8037/1811 6140/8038/1811 6142/8039/1811 6143/8040/1811 6152/8041/1811 2376/17/1811 6164/6110/1811 6162/6109/1811 786/8042/1811 787/8043/1811 6163/6113/1811
f 6255/8044/1812 2375/16/1812 6152/8041/1812 6143/8040/1812 6140/8038/1812 6141/8037/1812 6150/8036/1812 6254/8045/1812
f 2380/8/1813 6154/8046/1813 6157/8047/1813 6158/8048/1813 6279/8049/1813 6278/8050/1813 6275/8051/1813 6265/8052/1813
f 6278/8050/1814 6279/8049/1814 6276/8053/1814
f 6278/8050/1815 6276/8053/1815 6279/8049/1815 6158/8048/1815 2315/2313/1815 2372/2314/1815 6277/8054/1815 6275/8051/1815
f 6281/8055/1816 6282/8056/1816 2382/231/1816 2387/232/1816 3521/8057/1816 3518/8058/1816 3519/8059/1816 2437/8060/1816 6285/8061/1816 6283/8062/1816 6284/8063/1816 6288/8064/1816
f 6282/8065/1817 6280/8066/1817 6295/8067/1817 6294/8068/1817 6293/8069/1817 6289/8070/1817 6290/8071/1817 2372/8072/1817 6275/8073/1817 6292/8074/1817 6296/8075/1817 6297/8076/1817
f 6291/8077/1818 6275/8073/1818 6278/8078/1818 2382/296/1818 6282/8065/1818 6297/8076/1818 6296/8075/1818
f 6274/8079/1819 2384/16/1819 2385/17/1819 6165/6124/1819 6159/6123/1819 6155/6122/1819 6158/6120/1819 6272/8080/1819 6273/8081/1819
f 2387/8/1820 2386/9/1820 3528/8082/1820 3525/8083/1820 3520/8084/1820 3521/8085/1820
f 2390/186/1821 2392/32/1821 6184/8086/1821 6187/8087/1821 6185/8088/1821 6189/8089/1821 6196/8090/1821 6191/8091/1821 6194/8092/1821 6300/8093/1821 6298/8094/1821
f 6185/8088/1822 6186/8095/1822 6184/8086/1822 2393/16/1822 6190/8096/1822 6189/8089/1822
f 2389/1706/1823 2340/1297/1823 756/8097/1823 758/8098/1823
f 756/8097/1824 2340/1297/1824 6194/6141/1824 6300/6140/1824 6298/6144/1824 2389/1706/1824 758/8098/1824
f 2404/999/1825 2397/5657/1825 2400/995/1825 6192/8099/1825 6193/8100/1825 6195/8101/1825 6207/8102/1825 769/8103/1825 774/8104/1825 6201/8105/1825 6200/8106/1825
f 2346/309/1826 2396/308/1826 2404/8/1826 6200/8107/1826
f 6217/8108/1827 6218/8109/1827 6222/8110/1827 6221/8111/1827 2410/34/1827 2407/186/1827 2404/32/1827 6200/6151/1827 6199/6150/1827 6204/6148/1827 6206/6147/1827 6219/8112/1827
f 2416/34/1828 2413/186/1828 2414/32/1828 6220/6165/1828 6212/6164/1828 6213/6163/1828 6215/6162/1828 6216/6161/1828 6235/8113/1828 6228/8114/1828 6229/8115/1828
f 2361/8116/1829 2412/8117/1829 2416/8/1829 6229/8118/1829
f 759/8119/1830 6233/8120/1830 6239/8121/1830 6253/8122/1830 6249/8123/1830 6248/8124/1830 6250/8125/1830 6251/8126/1830 2423/34/1830 2419/186/1830 2416/32/1830 6229/8127/1830 6232/8128/1830 768/8129/1830 6230/8130/1830
f 2423/8/1831 6251/6168/1831 6252/6170/1831 6304/8131/1831 2418/8117/1831
f 2428/51/1832 2418/8132/1832 6304/8133/1832
f 6304/8134/1833 6252/8135/1833 6242/8136/1833 6243/8137/1833 6244/8138/1833 6246/8139/1833 6258/8140/1833 6267/8141/1833 6270/8142/1833 6269/8143/1833 2431/34/1833 2426/186/1833 2428/32/1833
f 2438/609/1834 2434/610/1834 2435/611/1834 6268/8144/1834 6263/8145/1834 6264/8146/1834 6265/8147/1834 6275/8148/1834 6292/8149/1834 6296/8150/1834 6297/8151/1834
f 6275/8148/1835 6277/8152/1835 2436/496/1835 6297/8151/1835 6296/8150/1835 6291/8153/1835
f 6294/8154/1836 6293/8155/1836 2437/8156/1836
f 6309/8157/1837 6288/8158/1837 6286/8159/1837 6294/8154/1837 2437/8156/1837 751/8160/1837 757/8161/1837 6311/8162/1837
f 6294/8163/1838 6295/8164/1838 2443/51/1838 757/8165/1838 751/8166/1838 2437/8167/1838
f 3550/8168/1839 2445/29/1839 2444/30/1839 3527/8169/1839 3524/8170/1839 3522/8171/1839 3515/8172/1839 3514/8173/1839 3516/8174/1839
f 3527/8169/1840 2381/8175/1840 3516/8174/1840 3514/8173/1840 3515/8172/1840 3522/8171/1840 3523/8176/1840
f 2447/8/1841 2445/9/1841 3550/8177/1841 3544/8178/1841 3546/8179/1841 3545/8180/1841 3541/8181/1841 3542/8182/1841
f 5566/8527/1913 5565/1809/1913 1805/295/1913 1804/296/1913 5564/8528/1913 5568/8529/1913 5567/8530/1913
f 6002/8531/1914 6003/8532/1914 2213/295/1914 2210/296/1914 6005/8533/1914 6004/8534/1914 6006/8535/1914
f 2240/8536/1915 2241/231/1915 2245/232/1915 6025/8537/1915 6023/8538/1915 6022/8539/1915 6021/8540/1915 6024/8541/1915
f 1987/30/1917 1983/3931/1917 5816/5727/1917 5878/29/1917 2058/29/1917
f 2437/8548/1918 2433/8549/1918 2438/8/1918 6297/8550/1918 6282/8551/1918 6288/8158/1918 6309/8157/1918 6311/8162/1918 757/8552/1918 6310/8553/1918
usemtl RockMat.009
f 2448/2216/415 2450/231/415 2456/232/415 2449/2217/415
f 2451/482/416 2452/295/416 2450/296/416 2448/2218/416
f 2449/308/418 2456/8/418 2453/9/418 2455/309/418
f 2457/2226/419 2458/231/419 2463/232/419 2451/592/419
f 2459/2227/420 2461/2172/420 2458/2173/420 2457/2228/420
f 2490/2242/425 2492/2172/425 2489/2173/425 2488/2243/425
f 2491/2244/426 2493/50/426 2492/51/426 2490/2245/426
f 2551/2276/433 2553/2172/433 2550/2173/433 2549/2277/433
f 2552/2278/434 2554/50/434 2553/51/434 2551/2279/434
f 2568/34/435 2560/186/435 2563/32/435 2564/16/435 2565/17/435 2566/33/435
f 2620/2338/449 2622/295/449 2619/296/449 2618/2339/449
f 2621/1297/450 2623/50/450 2622/51/450 2620/1706/450
f 2635/34/451 2628/186/451 2630/32/451 2631/16/451 2632/17/451 2633/33/451
f 2678/1297/450 2680/50/450 2679/51/450 2677/1706/450
f 2706/482/467 2708/295/467 2705/296/467 2678/2218/467
f 2716/482/469 2718/295/469 2715/296/469 2713/2218/469
f 2717/1297/470 2719/50/470 2718/51/470 2716/1706/470
f 2756/2441/475 2758/50/475 2757/51/475 2755/2442/475
f 2761/2443/476 2759/107/476 2758/108/476 2756/2444/476
f 6323/6199/1430 2453/33/1430 2456/34/1430 2450/186/1430 2452/32/1430 6312/6200/1430 6317/6201/1430 6320/6202/1430 6318/6203/1430 6319/6204/1430 6322/6205/1430 6321/6206/1430
f 2455/3104/1431 2453/29/1431 6323/6207/1431 6324/6208/1431 2454/1171/1431
f 2461/51/1228 2459/1706/1228 2460/1297/1228 6325/6209/1228
f 6326/6210/1432 2463/34/1432 2458/186/1432 2461/32/1432 6325/6211/1432 6327/6212/1432 6329/6213/1432 6330/6214/1432
f 6166/6215/1433 6169/6216/1433 6168/6217/1433 6174/6218/1433 6178/6219/1433 6177/6220/1433 2464/6221/1433 6170/6222/1433
f 2467/295/1434 2465/296/1434 2455/6013/1434 2454/6223/1434 6324/6224/1434 6323/6225/1434 6321/6226/1434
f 6168/6227/1435 6167/6228/1435 6172/6229/1435 6171/6230/1435 6173/6231/1435 6175/6232/1435 6174/6233/1435
f 2469/83/1436 6028/6234/1436 6029/6235/1436 6030/6236/1436 6036/6237/1436 6034/6238/1436
f 6329/6239/1437 2477/2172/1437 2475/2173/1437 6330/6240/1437
f 6331/6241/1438 6329/6239/1438 6330/6240/1438 2462/6242/1438
f 2478/50/1439 2477/51/1439 6329/6243/1439 6327/6244/1439 6335/6245/1439 6334/6246/1439
f 2476/4047/1440 6345/6247/1440 6343/6248/1440 6337/6249/1440 2478/108/1440 6334/6250/1440 6344/6251/1440
f 6319/6252/1441 6318/6253/1441 2481/8/1441 2480/9/1441 2466/2313/1441 2454/2314/1441
f 2460/6254/1442 2482/231/1442 6335/6255/1442 6327/6256/1442 6325/6257/1442
f 2483/6258/1443 2485/295/1443 2482/296/1443 2460/6259/1443
f 6347/6260/1444 6346/6261/1444 2485/51/1444 2483/6262/1444 6348/6263/1444
f 6349/6264/1445 6344/6265/1445 6334/6266/1445 6335/6267/1445 2482/5657/1445 2485/995/1445 6346/6268/1445 6350/6269/1445 6351/6270/1445 6352/6271/1445
f 6344/6265/1446 2487/999/1446 6335/6267/1446 6334/6266/1446
f 2488/6272/1447 2489/231/1447 6348/6273/1447 2483/6274/1447
f 6348/6275/98 2489/186/98 2492/32/98 2493/16/98 6353/6276/98 6354/6277/98 6355/6278/98 6347/6279/98
f 2493/108/1448 2491/6280/1448 2494/6281/1448 6353/6282/1448
f 6338/6283/1449 6342/6284/1449 2496/231/1449 2502/232/1449 6040/6285/1449 6033/6286/1449 6035/6287/1449 6333/6288/1449 6332/6289/1449 2466/6290/1449 6339/6291/1449
f 2497/295/1450 2496/296/1450 6342/6292/1450 6340/6293/1450 6341/6294/1450 6336/6295/1450
f 5936/6296/1451 5938/6297/1451 2500/166/1451 2502/384/1451 2496/193/1451 2497/194/1451 2498/179/1451 5950/6298/1451 5942/6299/1451 5946/6300/1451 5935/6301/1451
f 5950/6298/1452 2499/165/1452 5938/6297/1452 5936/6296/1452 5935/6301/1452 5946/6300/1452 5942/6299/1452
f 5943/6302/1453 5950/6303/1453 2498/108/1453 6357/6304/1453 6364/6305/1453 6365/6306/1453 6358/6307/1453 5945/6308/1453 6363/6309/1453 6362/6310/1453 6361/6311/1453 5944/6312/1453
f 2501/6313/1454 2471/6314/1454 6040/6315/1454 6038/6316/1454 6039/6317/1454 6045/6318/1454 6044/6319/1454
f 6352/6320/1455 2476/6321/1455 2486/6322/1455 6351/6323/1455
f 2507/295/1456 2505/296/1456 6352/6320/1456 6351/6323/1456
f 6368/6324/1457 6366/6325/1457 2507/51/1457 6351/6326/1457 6350/6327/1457 6369/6328/1457 6367/6329/1457
f 6370/6330/1458 6365/6331/1458 6364/6332/1458 6357/6333/1458 6356/6334/1458 6359/6335/1458 6360/6336/1458 2505/193/1458 2507/194/1458 6366/6337/1458 6372/6338/1458 6373/6339/1458 6377/6340/1458 6376/6341/1458 6375/6342/1458 6374/6343/1458 6378/6344/1458 6371/6345/1458
f 6355/6346/1459 2510/231/1459 6369/6347/1459 6350/6348/1459 6346/6349/1459 6347/6350/1459
f 6355/6351/1460 2484/6352/1460 2494/6353/1460 6354/6354/1460
f 2512/295/1460 2510/296/1460 6355/6351/1460 6354/6354/1460
f 6354/6355/1461 2494/6356/1461 6353/6357/1461
f 2494/6356/1461 2511/6358/1461 2513/50/1461 2512/51/1461 6354/6355/1461 6353/6357/1461
f 6367/6359/1462 6369/6360/1462 2510/186/1462 2512/32/1462 2513/16/1462 6380/6361/1462 6379/6362/1462 6381/6363/1462 6382/6364/1462 6368/6365/1462
f 2513/108/1463 2511/6366/1463 2514/6367/1463 6380/6368/1463
f 6386/6369/1464 2518/6370/1464 5895/6371/1464 5894/6372/1464 2520/108/1464 6383/6373/1464 6390/6374/1464 6389/6375/1464
f 6381/6376/1465 6379/6377/1465 2529/295/1465 2526/296/1465 6382/6378/1465
f 2530/50/1466 2529/51/1466 6379/6379/1466 6380/6380/1466 2514/6381/1466 6392/6382/1466 6391/6383/1466
f 2535/6384/1467 2537/295/1467 2534/296/1467 2511/6385/1467
f 6399/6386/1468 2539/33/1468 6393/6387/1468 6391/6388/1468 6392/6389/1468 2534/186/1468 2537/32/1468 2538/16/1468 6398/6390/1468 6400/6391/1468
f 6393/6387/1469 2542/34/1469 6392/6389/1469 6391/6388/1469
f 2543/2216/299 2544/231/299 6397/6392/299 6396/6393/299 2535/305/299
f 6403/6394/1470 6402/6395/1470 2546/2172/1470 2544/2173/1470 2543/2228/1470 2545/6396/1470
f 2547/50/1471 2546/51/1471 6402/6397/1471 6404/6398/1471
f 6401/6399/1472 6395/6400/1472 6397/6401/1472 2544/186/1472 2546/32/1472 2547/16/1472 6405/6402/1472 6407/6403/1472 6406/6404/1472
f 2549/6405/1473 2550/231/1473 6403/6406/1473 2545/6407/1473
f 6408/6408/98 2555/33/98 2557/34/98 6403/6409/98 6402/6410/98 6404/6411/98
f 2554/108/1474 2552/6412/1474 2556/6413/1474 6410/6414/1474
f 2558/6415/1475 2560/231/1475 2568/232/1475 5892/6416/1475 5890/6417/1475 5898/6418/1475
f 6411/6419/1476 6413/6420/1476 2563/2172/1476 2560/2173/1476 2558/6421/1476 2561/6422/1476 6412/6423/1476
f 2561/6424/1477 2562/6425/1477 2564/50/1477 2563/51/1477 6413/6426/1477 6414/6427/1477 6412/6428/1477
f 5847/6429/1478 5854/6430/1478 2565/107/1478 2564/108/1478 2562/6431/1478 5850/6432/1478
f 5893/6433/1479 5892/6434/1479 2568/8/1479 2566/9/1479 5899/6435/1479
f 5899/6435/1480 2567/6436/1480 2559/6437/1480 5892/6434/1480 5893/6433/1480
f 6400/6438/1481 2569/231/1481 2576/232/1481 2532/4848/1481 2528/3911/1481 6399/6439/1481
f 6416/6440/1482 6415/6441/1482 2570/2172/1482 2569/2173/1482 6400/6442/1482 6398/6443/1482 2540/6444/1482
f 2571/50/1483 2570/51/1483 6415/6445/1483 6417/6446/1483
f 6411/6447/1484 2576/34/1484 2569/186/1484 2570/32/1484 2571/16/1484 2572/17/1484 2573/33/1484 6414/6448/1484 6413/6449/1484
f 6414/6450/1485 2573/9/1485 2575/10/1485 2532/7/1485 2576/8/1485 6411/6451/1485 6412/6452/1485
f 2536/6453/1486 2548/6454/1486 6405/6455/1486 6407/6456/1486 734/6457/1486
f 2580/50/1487 2579/51/1487 6424/6458/1487 6425/6459/1487
f 6417/6460/1488 6415/6461/1488 6416/6462/1488 2577/186/1488 2579/32/1488 2580/16/1488 6426/6463/1488 6422/6464/1488
f 6427/6465/1489 2581/33/1489 2582/34/1489 6416/6462/1489 6415/6461/1489 6417/6460/1489 6422/6464/1489 6428/6466/1489
f 2584/1297/1490 2586/50/1490 2585/51/1490 2556/1706/1490
f 2572/295/1491 2573/296/1491 2575/4792/1491 2574/4789/1491 6435/6467/1491 6418/6468/1491
f 6423/6469/1492 6421/6470/1492 2594/6471/1492 2596/2172/1492 2593/2173/1492 6420/6472/1492 6422/6473/1492 6426/6474/1492 6429/6475/1492 6431/6476/1492
f 6462/6477/1493 6461/6478/1493 2601/34/1493 2593/186/1493 2596/32/1493 2597/16/1493 6463/6479/1493 6464/6480/1493
f 2601/8/1494 6461/6481/1494 6441/6482/1494 6438/6483/1494 6437/6484/1494 6442/6485/1494
f 6434/6486/1495 2604/231/1495 6460/6487/1495 6459/6488/1495 2603/3866/1495 2578/3867/1495 6433/6489/1495
f 6477/6490/1496 6476/6491/1496 2605/295/1496 2604/296/1496 6434/6492/1496 6432/6493/1496 2588/6494/1496
f 2606/50/1497 2605/51/1497 6476/6495/1497 6480/6496/1497 6478/6497/1497 6479/6498/1497
f 2584/6499/1498 2609/231/1498 6477/6500/1498 2588/6501/1498
f 6493/6502/1499 6492/6503/1499 2612/295/1499 2609/296/1499 2584/6504/1499 2610/6505/1499
f 2613/50/1500 2612/51/1500 6492/6506/1500 6494/6507/1500
f 6476/6508/1501 6477/6509/1501 2609/186/1501 2612/32/1501 2613/16/1501 6496/6510/1501 6495/6511/1501 6480/6512/1501
f 6497/6513/1502 2615/33/1502 2617/34/1502 6477/6509/1502 6476/6508/1502 6480/6512/1502 6498/6514/1502
f 6493/6515/1503 2626/232/1503 2610/305/1503
f 2618/6516/1503 2619/231/1503 6493/6515/1503 2610/305/1503
f 6499/6517/98 2624/33/98 2626/34/98 6493/6518/98 6492/6519/98 6494/6520/98
f 6494/6520/98 6492/6519/98 6493/6518/98 2619/186/98 2622/32/98 2623/16/98 6500/6521/98
f 2623/108/1504 2621/1707/1504 2625/5198/1504 6500/6522/1504
f 2630/295/1505 2628/296/1505 6462/6523/1505 6464/6524/1505
f 6462/6523/1506 6440/6525/1506 6439/6526/1506 6450/6527/1506 2629/6528/1506 6503/6529/1506 6501/6530/1506 6502/6531/1506 6504/6532/1506 6464/6524/1506
f 2631/50/1507 2630/51/1507 6464/6533/1507 6463/6534/1507 6467/6535/1507 6508/6536/1507 6507/6537/1507 6505/6538/1507 6506/6539/1507
f 2635/8/1508 2633/9/1508 5799/6540/1508 5800/6541/1508 5797/6542/1508 5793/6543/1508 6447/6544/1508 6446/6545/1508
f 5797/6542/1509 5800/6541/1509 5799/6540/1509 2634/5507/1509 2627/5503/1509 6452/6546/1509 6448/6547/1509 5793/6543/1509
f 2638/295/1510 6470/6548/1510 6453/6549/1510 6455/6550/1510 6484/6551/1510 6481/6552/1510
f 2639/50/1511 2638/51/1511 6481/6553/1511 6482/6554/1511 6488/6555/1511 6511/6556/1511 6510/6557/1511
f 6515/6558/1512 2640/107/1512 2639/108/1512 6510/6559/1512 6518/6560/1512 6519/6561/1512 2637/6562/1512 6517/6563/1512 6516/6564/1512
f 6478/6565/1513 2643/296/1513 6498/6566/1513 6480/6567/1513
f 6522/6568/1514 2645/295/1514 6478/6565/1514 6480/6567/1514 6495/6569/1514 6496/6570/1514
f 2646/50/1515 2645/51/1515 6522/6571/1515 6523/6572/1515
f 6519/6573/1516 2647/34/1516 6490/6574/1516 6487/6575/1516 6488/6576/1516 6511/6577/1516 6510/6578/1516 6518/6579/1516
f 6527/6580/1517 2646/108/1517 6523/6581/1517 6534/6582/1517 6535/6583/1517 6532/6584/1517
f 6494/6585/1518 2611/6586/1518 2625/6587/1518 6500/6588/1518
f 2625/6587/1518 2652/295/1518 2613/296/1518 6494/6585/1518 6500/6588/1518
f 2651/6589/1519 2653/50/1519 2652/51/1519 2625/6590/1519
f 6537/6591/1520 2654/33/1520 2614/34/1520 6496/6592/1520 6522/6593/1520 6523/6594/1520 6534/6595/1520 6538/6596/1520
f 6523/6594/1521 6522/6593/1521 6496/6592/1521 2613/186/1521 2652/32/1521 2653/16/1521 6536/6597/1521 6534/6595/1521
f 6536/6598/1522 2653/108/1522 2651/6599/1522 6540/6600/1522 6539/6601/1522
f 2659/295/1523 2656/296/1523 6513/6602/1523 6514/6603/1523 6520/6604/1523 2655/5412/1523 2657/6528/1523 6543/6605/1523 6542/6606/1523 6544/6607/1523
f 5592/6608/1524 5604/6609/1524 2661/354/1524 2662/355/1524 5582/6610/1524 5581/6611/1524 5580/6612/1524 5594/6613/1524
f 5604/6614/1525 2660/108/1525 6545/6615/1525 6556/6616/1525 5606/6617/1525
f 2662/29/1526 2661/30/1526 6555/6618/1526 6557/6619/1526 5595/6620/1526 5593/6621/1526 5597/6622/1526 5728/6623/1526 5725/6624/1526 5724/6625/1526 5726/6626/1526
f 2665/295/1527 2664/296/1527 6529/6627/1527 6530/6628/1527 6528/6629/1527 6526/6630/1527
f 2666/50/1528 2665/51/1528 6526/6631/1528 6527/6632/1528 6532/6633/1528 6561/6634/1528 6560/6635/1528
f 6516/6636/1529 6515/6637/1529 6521/6638/1529
f 2667/6639/1530 6562/6640/1530 2666/108/1530 6560/6641/1530 6565/6642/1530 2687/4047/1530
f 6535/6643/1531 2671/296/1531 6538/6644/1531 6534/6645/1531
f 6536/6646/1532 6539/6647/1532 6567/6648/1532 2672/295/1532 6535/6643/1532 6534/6645/1532
f 2673/50/1533 2672/51/1533 6567/6649/1533 6568/6650/1533
f 2671/186/1534 6535/6651/1534 6532/6652/1534 6558/6653/1534 6559/6654/1534
f 6565/6655/1535 6560/6656/1535 6561/6657/1535 6532/6652/1535 6535/6651/1535 2672/32/1535 2673/16/1535 6570/6658/1535 6569/6659/1535 6571/6660/1535 6572/6661/1535
f 6574/6662/1536 6570/6663/1536 2673/108/1536 6568/6664/1536 6573/6665/1536 2696/6666/1536
f 6540/6667/469 2676/296/469 2651/6668/469
f 2677/6669/469 2679/295/469 6540/6667/469 2651/6668/469
f 2684/50/1537 2683/51/1537 6578/6670/1537 6580/6671/1537 6579/6672/1537
f 2685/17/1538 5503/6673/1538 5502/6674/1538 5514/6675/1538 5515/6676/1538
f 6571/6677/1539 2688/231/1539 6577/6678/1539 2667/6679/1539 2687/6680/1539 6572/6681/1539
f 2691/50/1540 2690/51/1540 6587/6682/1540 6589/6683/1540 6588/6684/1540
f 6584/6685/1541 2693/166/1541 2695/384/1541 6577/6686/1541 6578/6687/1541 6580/6688/1541 6579/6689/1541
f 2688/193/1542 2690/194/1542 2691/179/1542 2692/165/1542 6584/6685/1542 6579/6689/1542 6580/6688/1542 6578/6687/1542 6577/6686/1542
f 6590/6690/1543 2692/107/1543 2691/108/1543 6588/6691/1543 6593/6692/1543 6594/6693/1543 2689/6694/1543 2694/6695/1543 6591/6696/1543 6592/6697/1543
f 2696/6698/1544 6576/6699/1544 6596/6700/1544 2698/231/1544 6586/6701/1544 6574/2109/1544
f 2700/50/1545 2699/51/1545 6599/6702/1545 6600/6703/1545
f 6601/6704/1546 2701/107/1546 2700/108/1546 6600/6705/1546 6604/6706/1546 6602/6707/1546
f 2703/4058/1547 2689/1113/1547 6594/6708/1547 2701/30/1547 6601/6709/1547 6605/6710/1547
f 2702/29/1548 6594/6708/1548 2689/1113/1548
f 6607/6711/98 2710/33/98 2712/34/98 6597/6712/98 6599/6713/98 6600/6714/98 6604/6715/98 6626/6716/98
f 6600/6714/98 6599/6713/98 6597/6712/98 2705/186/98 2708/32/98 2709/16/98 6606/6717/98 6604/6715/98
f 2713/2216/1549 2715/231/1549 2721/232/1549 2706/592/1549
f 6611/6718/98 2720/33/98 2721/34/98 2715/186/98 2718/32/98 2719/16/98 6608/6719/98 6631/6720/98
f 6608/6721/1550 2719/108/1550 2717/1707/1550 6610/6722/1550 6609/6723/1550
f 2706/308/1551 2721/8/1551 2720/9/1551 2707/309/1551
f 2725/50/1552 2724/51/1552 6613/6724/1552 6617/6725/1552 6618/6726/1552 6616/6727/1552 6615/6728/1552
f 5513/6729/1553 5511/6730/1553 5508/6731/1553 2728/34/1553 6585/6732/1553 6582/6733/1553 5516/6734/1553
f 2733/50/1554 2732/51/1554 6620/6735/1554 6622/6736/1554 6623/6737/1554
f 6616/6738/1555 6615/6739/1555 6619/6740/1555 2735/33/1555 2738/34/1555 6614/6741/1555 6613/6742/1555 6617/6743/1555 6618/6744/1555
f 4852/6745/1556 4853/6746/1556 2723/6747/1556 6619/6748/1556 2734/30/1556 4856/6749/1556
f 6602/6750/1557 2741/296/1557 6626/6751/1557 6604/6752/1557
f 6628/6753/1558 6627/6754/1558 2744/295/1558 6602/6750/1558 6604/6752/1558 6606/6755/1558 2711/6756/1558
f 6604/6752/1557 612/6757/1557 2711/6756/1557 6606/6755/1557
f 2745/50/1559 2744/51/1559 6627/6758/1559 6629/6759/1559
f 6620/6760/1560 6621/6761/1560 6605/6762/1560 6601/6763/1560 6602/6764/1560 2744/32/1560 2745/16/1560 2746/17/1560 6624/6765/1560 6625/6766/1560 6623/6767/1560 6622/6768/1560
f 6631/6769/1561 2750/231/1561 6628/6770/1561 2711/4032/1561 2707/6771/1561 6611/6772/1561
f 6608/6773/1562 6609/6774/1562 6633/6775/1562 2752/295/1562 2750/296/1562 6631/6776/1562
f 6632/6777/1562 6609/6774/1562 6608/6773/1562 6631/6776/1562 2707/6778/1562 6612/6779/1562
f 6634/6780/1563 2753/50/1563 2752/51/1563 6633/6781/1563
f 2750/186/98 2752/32/98 2753/16/98 2754/17/98 6630/6782/98 6629/6783/98 6627/6784/98 6628/6785/98
f 2751/1398/1564 4831/6786/1564 4830/6787/1564 4832/6788/1564 2754/107/1564 2753/108/1564 6634/6789/1564 6635/6790/1564
f 2755/6791/1565 2757/295/1565 6610/6792/1565 2717/6793/1565
f 6610/6794/98 2757/32/98 2758/16/98 2759/17/98 6635/6795/98 6634/6796/98 6633/6797/98 6609/6798/98
f 2751/6799/1566 2760/29/1566 6635/6800/1566
f 6635/6800/1566 2759/30/1566 2761/6801/1566 2751/6802/1566
f 6315/8183/1842 6314/8184/1842 6316/8185/1842
f 2465/231/1843 6168/6217/1843 6169/6216/1843 6170/6222/1843 2455/7887/1843
f 806/8186/1844 812/8187/1844 6028/6234/1844 2470/271/1844 2472/268/1844 6174/6233/1844 6175/6232/1844 6173/6231/1844 785/8188/1844 780/8189/1844
f 6036/6237/1845 6030/6236/1845 811/8190/1845 6173/6231/1845 6171/6230/1845 6172/6229/1845 6167/6228/1845 6168/6227/1845 2465/269/1845 2467/79/1845 2468/270/1845 6034/6238/1845
f 6312/8191/1846 6314/8192/1846 6326/8191/1846 6330/8193/1846 2475/231/1846 2481/232/1846 6318/8194/1846 6320/8195/1846
f 6320/8195/1847 6318/8194/1847 2454/2520/1847 2462/8196/1847 6313/8197/1847 6314/8192/1847 6312/8198/1847 6317/8199/1847
f 6335/6245/1848 6327/6244/1848 6328/8200/1848 6331/8201/1848 2476/8202/1848 6334/6246/1848
f 2481/34/1849 2475/186/1849 2477/32/1849 2478/16/1849 6337/8203/1849 6336/8204/1849 6340/8205/1849 6342/8206/1849 6339/8207/1849 2480/33/1849
f 6341/8208/1850 6336/8204/1850 6337/8203/1850 2479/17/1850 6339/8207/1850 6342/8206/1850 6340/8205/1850
f 6325/6257/1851 6327/6256/1851 6331/8209/1851 2460/6254/1851
f 6345/8210/1852 6336/6295/1852 6340/6293/1852 6342/6292/1852 2466/8211/1852
f 2502/8/1853 2500/9/1853 6044/6319/1853 6039/6317/1853 6038/6316/1853 6040/6315/1853
f 2519/295/1854 2517/296/1854 6378/8212/1854 6374/8213/1854 6376/8214/1854
f 2520/50/1855 2519/51/1855 6376/8215/1855 6377/8216/1855 6388/8217/1855 6387/8218/1855 6384/8219/1855 6383/8220/1855
f 5952/8221/1856 5951/8222/1856 2522/33/1856 2523/34/1856 5949/8223/1856 5947/8224/1856 5887/8225/1856
f 5949/8223/1857 2517/186/1857 2519/32/1857 2520/16/1857 5894/8226/1857 5891/8227/1857 5896/8228/1857 5887/8225/1857 5947/8224/1857 5948/8229/1857
f 5894/8226/1858 2521/17/1858 5888/8230/1858 5887/8225/1858 862/8231/1858
f 6382/8232/1859 2526/231/1859 6387/8233/1859 6388/8234/1859 743/8235/1859 6373/8236/1859 6372/8237/1859 6366/8238/1859 6368/8239/1859
f 2526/186/1860 2529/32/1860 2530/16/1860 2531/17/1860 6390/8240/1860 6383/8241/1860 6384/8242/1860 6387/8243/1860
f 6384/8242/1861 6383/8241/1861 6385/8244/1861
f 6394/8245/1862 6396/8246/1862 6397/8247/1862 6395/8248/1862 2538/50/1862 2537/51/1862 2535/8249/1862 2536/8250/1862 734/8251/1862
f 2550/186/98 2553/32/98 2554/16/98 6410/8252/98 6404/6411/98 6402/6410/98 6403/6409/98
f 5897/8253/1863 5899/8254/1863 2566/29/1863 2565/30/1863 5854/8255/1863 5849/8256/1863 5848/8257/1863 5844/8258/1863
f 6419/8259/1864 6418/8260/1864 2572/107/1864 2571/108/1864 6417/8261/1864 6422/8262/1864 6420/8263/1864
f 2579/295/1865 2577/296/1865 6407/6456/1865 6405/6455/1865 6424/8264/1865
f 2556/3102/1866 2585/295/1866 2583/296/1866 6404/8265/1866 6410/8266/1866
f 6434/8267/1867 6433/8268/1867 6430/8269/1867 6425/8270/1867 6424/8271/1867 6405/8272/1867 2583/62/1867 2585/68/1867 2586/69/1867 6432/8273/1867
f 6425/8270/1868 6430/8269/1868 2587/432/1868 2589/433/1868 6405/8272/1868 6424/8271/1868
f 6446/8274/1869 6447/8275/1869 5796/8276/1869 5795/8277/1869 5851/8278/1869 5852/8279/1869 5845/8280/1869 5846/8281/1869 2573/186/1869 2572/32/1869 6436/8282/1869 6443/8283/1869 6444/8284/1869
f 6419/8285/1870 6420/8286/1870 2593/231/1870 2601/232/1870 6442/8287/1870 6418/8288/1870
f 6454/8289/1871 6455/8290/1871 6453/8291/1871 2597/50/1871 2596/51/1871 2594/5514/1871 2595/5519/1871 6457/8292/1871 6459/8293/1871 6460/8294/1871 6456/8295/1871 6458/8296/1871
f 6463/8297/1872 2597/108/1872 6453/8298/1872 6470/8299/1872 6471/8300/1872 6472/8301/1872 6467/8302/1872
f 2599/29/1873 2598/30/1873 6465/8303/1873 6475/8304/1873 6469/8305/1873 6466/8306/1873 6474/8307/1873 2600/8308/1873 6449/8309/1873 705/8310/1873 6451/8311/1873
f 6458/8312/1874 6460/8313/1874 2604/5657/1874 2605/995/1874 2606/996/1874 6482/8314/1874 6481/8315/1874 6484/8316/1874 6483/8317/1874 6473/8318/1874
f 2606/108/1875 6479/8319/1875 6489/8320/1875 6486/8321/1875 6488/8322/1875 6482/8323/1875
f 2628/231/1876 2635/232/1876 6446/8324/1876 6445/8325/1876 6443/8326/1876 6436/8327/1876 6441/8328/1876 6461/8329/1876 6462/8330/1876
f 2633/29/1877 2632/30/1877 5715/8331/1877 5714/8332/1877 5717/8333/1877 5798/8334/1877 5799/8335/1877
f 6506/8336/1878 6505/8337/1878 6507/8338/1878 6508/8339/1878 6467/8340/1878 6472/8341/1878 6471/8342/1878 6470/8343/1878 2638/32/1878 2639/16/1878 2640/17/1878 6514/8344/1878 6513/8336/1878 6512/8345/1878 6509/8346/1878
f 2636/186/1879 6470/8343/1879 6471/8342/1879 6468/8347/1879 6467/8340/1879 6504/8348/1879 6502/8349/1879
f 6509/8346/1880 2641/33/1880 6475/8350/1880 6465/8351/1880 6467/8340/1880 6508/8339/1880 6505/8337/1880 6506/8336/1880
f 6525/8352/1881 6524/8353/1881 6519/6573/1881 6518/6579/1881 6510/6578/1881 6511/6577/1881 6488/6576/1881 6486/8354/1881 6485/8355/1881 6479/8356/1881 6478/8357/1881 2645/32/1881 2646/16/1881 6527/8358/1881 6526/8359/1881 6528/8360/1881 6529/8361/1881
f 6532/6584/1882 6535/6583/1882 6534/6582/1882 6533/8362/1882 2644/8363/1882 6531/8364/1882 650/8365/1882
f 1053/8366/1883 2655/6415/1883 6520/8367/1883 6512/8368/1883 6513/8369/1883 2656/231/1883 2663/232/1883 5712/8370/1883 1057/8371/1883 660/8372/1883 665/8373/1883 655/8374/1883 659/8375/1883 671/8376/1883 666/8377/1883 1051/8378/1883
f 6543/8379/1884 2657/5514/1884 2658/5519/1884 6547/8380/1884 6548/8381/1884 6546/8382/1884 6545/8383/1884 2660/50/1884 2659/51/1884 6544/8384/1884 6551/8385/1884 6553/8386/1884 6550/8387/1884 6549/8388/1884 6552/8389/1884
f 2663/437/1885 2656/438/1885 2659/352/1885 2660/353/1885 5604/6609/1885 5592/6608/1885 5580/6612/1885 5581/6611/1885 5582/6610/1885
f 5719/8390/1886 5718/8391/1886 5716/8392/1886 5712/8393/1886 2663/8/1886 5582/8394/1886 5584/8395/1886 5721/8396/1886
f 6563/8397/1887 6553/8398/1887 6551/8399/1887 6544/8400/1887 6542/8401/1887 2668/34/1887 6521/6638/1887 6515/6637/1887 6516/6636/1887 2664/186/1887 2665/32/1887 2666/16/1887 6562/8402/1887 6564/8403/1887
f 2644/8404/1888 6541/8405/1888 6566/8406/1888 6539/6647/1888 6536/6646/1888 6534/6645/1888
f 6568/8407/98 6567/8408/98 6539/8409/98 6540/8410/98 2679/32/98 2680/16/98 636/8411/98 6598/8412/98 6596/8413/98 6576/8414/98 6573/8415/98
f 2683/32/1889 2684/16/1889 5515/6676/1889 5502/6674/1889 5503/6673/1889 5598/8416/1889 5600/8417/1889 5602/8418/1889 5606/8419/1889 6545/8420/1889 6546/8421/1889
f 5606/8419/1890 5602/8418/1890 5598/8416/1890 6557/8422/1890 6555/8423/1890
f 2682/8424/1891 6583/8425/1891 6581/8426/1891 5516/8427/1891 5515/8428/1891 2684/108/1891 6579/8429/1891 6584/8430/1891
f 1171/8431/1892 5601/8432/1892 5605/8433/1892 6554/8434/1892 6557/8435/1892 2686/9/1892 5599/8436/1892 1165/8437/1892
f 6570/8438/1893 6569/8439/1893 6571/8440/1893 2687/8441/1893 6574/8442/1893
f 6574/8443/1894 6586/8444/1894 6587/8445/1894 2690/295/1894 2688/296/1894 6571/8440/1894 6569/8439/1894 6570/8438/1894
f 6599/8446/1895 2699/295/1895 2698/296/1895 6596/8447/1895 6598/8448/1895 636/8449/1895 6597/8449/1895
f 6598/8448/1896 6596/8447/1896 2696/8450/1896 620/8451/1896 6575/8452/1896
f 2698/62/1897 2699/68/1897 2700/69/1897 2701/70/1897 6594/8453/1897 6593/8454/1897 6588/8455/1897 6587/8456/1897 6586/8457/1897
f 2724/32/1898 2725/16/1898 2726/17/1898 2727/33/1898 5508/6731/1898 5511/6730/1898 5513/6729/1898 5516/6734/1898 6581/8458/1898 6583/8459/1898
f 2723/138/1899 4863/8460/1899 4862/8461/1899 4867/8462/1899 4865/8463/1899 2726/107/1899 2725/108/1899 6615/8464/1899 6619/8465/1899
f 6595/8466/1900 6590/8467/1900 6592/8468/1900 2730/186/1900 2732/32/1900 2733/16/1900 2734/17/1900 6619/6740/1900 6615/6739/1900 585/8469/1900 584/8470/1900 6618/6744/1900 6613/6742/1900 6614/6741/1900
f 2731/8471/1901 4855/8472/1901 4854/8473/1901 4858/8474/1901 4857/8475/1901 4856/8476/1901 2734/107/1901 2733/108/1901 6623/8477/1901 6624/8478/1901
f 4854/8473/1902 4855/8472/1902 2736/8479/1902 4856/8476/1902 4858/8474/1902
f 2743/8480/1903 4839/8481/1903 4838/8482/1903 4845/8483/1903 4842/8484/1903 4843/8485/1903 2746/107/1903 2745/108/1903 6629/8486/1903 6630/8487/1903
f 2498/50/1919 2497/51/1919 6336/8554/1919 6337/8555/1919 6343/8556/1919 6345/8557/1919 6360/8558/1919 6357/8559/1919
f 734/8560/1920 6409/8561/1920 6406/8562/1920 6407/8563/1920 2577/231/1920 6416/8564/1920 2540/8565/1920
f 6481/6552/1921 6484/6551/1921 6491/8566/1921 696/8567/1921 2607/8568/1921
f 612/8569/1922 2703/8570/1922 6601/6704/1922 6602/6707/1922 6604/6706/1922 6603/8571/1922
f 620/2217/1923 2678/4540/1923 2705/231/1923 6597/8572/1923
l 104 105
l 126 127
l 175 176
l 1595 1590
l 1634 1633
l 1746 1745
l 3160 3158
l 4484 1031
l 4485 4484
l 4665 4669
l 1240 1233
l 5380 5384
l 1918 5657
l 5816 5814
l 3428 2240
l 6388 2508
l 6564 6548
l 6637 6636
l 6638 6637
l 6639 6638
l 6640 6639
l 6641 6640
l 6642 6641
l 6643 6642
l 6644 6643
l 6645 6644
l 6646 6645
l 6647 6646
l 6648 6647
l 6649 6648
l 6650 6649
l 6651 6650
l 6652 6651
l 6653 6652
l 6654 6653
l 6655 6654
l 6656 6655
l 6657 6656
l 6658 6657
l 6659 6658
l 6660 6659
l 6661 6660
l 6662 6661
l 6663 6662
l 6664 6663
l 6665 6664
l 6666 6665
l 6667 6666
l 6636 6667
l 165 225
l 2681 640
l 4369 966
l 4680 1215
l 1232 1737
l 5565 1802
l 6358 6345
l 2667 2681
l 2495 3148
l 3158 225
l 1564 5319
l 6005 2204
l 640 2667
